case_id,customer_name,email,channel,category,region,resolved,resolution_hours
CASE000000,Aisha Silva,aisha.silva0@example.com,Email,Fraud,Manchester,False,8.1
CASE000001,Olu Patel,olu.patel1@example.com,Phone,Technical,Manchester,True,5.2
CASE000002,Aisha Khan,aisha.khan2@example.com,Phone,Fraud,Cardiff,True,10.2
CASE000003,Liam Garcia,liam.garcia3@example.com,Phone,Technical,Liverpool,False,22.6
CASE000004,Olu Ali,olu.ali4@example.com,Chat,Technical,Bristol,False,22.2
CASE000005,James Patel,james.patel5@example.com,Branch,Billing,Manchester,False,33.1
CASE000006,Noah Nguyen,noah.nguyen6@example.com,Phone,Billing,Liverpool,False,34.9
CASE000007,Wei Brown,wei.brown7@example.com,Branch,Fraud,Glasgow,True,6.7
CASE000008,James Ahmed,james.ahmed8@example.com,Branch,Fraud,Manchester,True,16.0
CASE000009,Yuki Ali,yuki.ali9@example.com,Email,Fraud,Glasgow,True,22.4
CASE000010,Wei Chen,wei.chen10@example.com,Email,Other,Leeds,True,6.5
CASE000011,Fatima Silva,fatima.silva11@example.com,Branch,Other,Manchester,True,6.5
CASE000012,Fatima Nguyen,fatima.nguyen12@example.com,Branch,Technical,Leeds,False,19.0
CASE000013,Hannah Patel,hannah.patel13@example.com,Chat,Fraud,Liverpool,False,4.4
CASE000014,James Silva,james.silva14@example.com,Branch,Service,Glasgow,False,31.0
CASE000015,Sofia Patel,sofia.patel15@example.com,Chat,Service,Birmingham,True,20.7
CASE000016,Mohammed Silva,mohammed.silva16@example.com,Chat,Other,Manchester,True,8.3
CASE000017,Yuki Chen,yuki.chen17@example.com,Email,Fraud,Liverpool,True,2.4
CASE000018,Aisha Khan,aisha.khan18@example.com,Chat,Other,Leeds,True,14.6
CASE000019,Aisha Silva,aisha.silva19@example.com,Branch,Billing,Cardiff,True,6.6
CASE000020,Carlos Brown,carlos.brown20@example.com,Branch,Technical,Liverpool,False,22.0
CASE000021,Fatima Nguyen,fatima.nguyen21@example.com,Chat,Billing,Glasgow,True,10.0
CASE000022,Yuki Patel,yuki.patel22@example.com,Phone,Technical,Cardiff,True,1.4
CASE000023,Carlos Silva,carlos.silva23@example.com,Phone,Fraud,Leeds,True,11.8
CASE000024,Yuki Andersson,yuki.andersson24@example.com,Phone,Service,London,True,6.4
CASE000025,Mohammed Garcia,mohammed.garcia25@example.com,Branch,Technical,Bristol,False,17.2
CASE000026,Yuki Silva,yuki.silva26@example.com,Email,Other,Cardiff,True,16.7
CASE000027,Ivan Rossi,ivan.rossi27@example.com,Chat,Technical,Bristol,True,23.8
CASE000028,James Andersson,james.andersson28@example.com,Branch,Billing,London,True,24.9
CASE000029,Fatima Okafor,fatima.okafor29@example.com,Chat,Other,Leeds,False,10.7
CASE000030,Mary Smith,mary.smith30@example.com,Phone,Billing,Liverpool,True,37.1
CASE000031,Yuki Garcia,yuki.garcia31@example.com,Email,Other,Manchester,True,19.9
CASE000032,Wei Brown,wei.brown32@example.com,Email,Technical,Bristol,True,24.5
CASE000033,Yuki Nguyen,yuki.nguyen33@example.com,Branch,Technical,Glasgow,False,19.2
CASE000034,Olu Andersson,olu.andersson34@example.com,Phone,Fraud,Glasgow,True,11.9
CASE000035,Aisha Ali,aisha.ali35@example.com,Email,Fraud,Manchester,True,6.4
CASE000036,Liam Garcia,liam.garcia36@example.com,Branch,Other,Glasgow,True,10.1
CASE000037,Priya Kowalski,priya.kowalski37@example.com,Chat,Technical,Cardiff,False,15.8
CASE000038,Ivan Nguyen,ivan.nguyen38@example.com,Phone,Billing,London,True,17.8
CASE000039,James Smith,james.smith39@example.com,Chat,Other,Glasgow,False,33.7
CASE000040,Mary Ahmed,mary.ahmed40@example.com,Email,Other,Leeds,False,46.3
CASE000041,Olu Tanaka,olu.tanaka41@example.com,Phone,Billing,London,True,18.9
CASE000042,Hannah Brown,hannah.brown42@example.com,Email,Billing,Birmingham,False,9.9
CASE000043,Mohammed Smith,mohammed.smith43@example.com,Email,Technical,Birmingham,False,35.2
CASE000044,Liam Khan,liam.khan44@example.com,Phone,Technical,Leeds,True,10.2
CASE000045,Fatima Andersson,fatima.andersson45@example.com,Chat,Technical,Birmingham,False,18.9
CASE000046,Aisha Garcia,aisha.garcia46@example.com,Email,Service,Bristol,False,6.6
CASE000047,Olu Smith,olu.smith47@example.com,Branch,Billing,Liverpool,True,53.6
CASE000048,Noah Tanaka,noah.tanaka48@example.com,Branch,Fraud,Liverpool,False,44.0
CASE000049,Sofia Silva,sofia.silva49@example.com,Branch,Billing,Bristol,True,6.6
CASE000050,Priya Garcia,priya.garcia50@example.com,Phone,Service,Cardiff,True,16.5
CASE000051,Noah Patel,noah.patel51@example.com,Branch,Fraud,Manchester,False,6.0
CASE000052,Olu Khan,olu.khan52@example.com,Email,Service,Cardiff,True,1.3
CASE000053,Olu Khan,olu.khan53@example.com,Chat,Technical,Leeds,True,5.1
CASE000054,Ivan Rossi,ivan.rossi54@example.com,Phone,Billing,London,True,15.7
CASE000055,Noah Tanaka,noah.tanaka55@example.com,Chat,Other,Manchester,True,5.0
CASE000056,Mohammed Tanaka,mohammed.tanaka56@example.com,Email,Technical,Leeds,True,22.7
CASE000057,James Patel,james.patel57@example.com,Email,Fraud,Leeds,False,2.1
CASE000058,Ivan Tanaka,ivan.tanaka58@example.com,Chat,Technical,Birmingham,True,15.3
CASE000059,Priya Garcia,priya.garcia59@example.com,Chat,Technical,Birmingham,True,21.6
CASE000060,Carlos Rossi,carlos.rossi60@example.com,Phone,Other,Liverpool,False,9.0
CASE000061,Carlos Tanaka,carlos.tanaka61@example.com,Branch,Other,Glasgow,True,8.9
CASE000062,Ivan Brown,ivan.brown62@example.com,Phone,Technical,Manchester,True,29.4
CASE000063,Liam Smith,liam.smith63@example.com,Phone,Service,Cardiff,True,5.5
CASE000064,Carlos Okafor,carlos.okafor64@example.com,Chat,Billing,Leeds,True,10.2
CASE000065,James Silva,james.silva65@example.com,Phone,Fraud,London,True,17.2
CASE000066,Sofia Ahmed,sofia.ahmed66@example.com,Chat,Technical,Cardiff,False,5.6
CASE000067,Fatima Nguyen,fatima.nguyen67@example.com,Chat,Fraud,London,True,11.3
CASE000068,Mei Brown,mei.brown68@example.com,Email,Other,Bristol,True,34.9
CASE000069,Yuki Garcia,yuki.garcia69@example.com,Phone,Service,Bristol,True,8.9
CASE000070,Mary Silva,mary.silva70@example.com,Email,Billing,Leeds,False,3.1
CASE000071,Liam Garcia,liam.garcia71@example.com,Email,Billing,Cardiff,True,22.8
CASE000072,Mohammed Garcia,mohammed.garcia72@example.com,Branch,Other,Birmingham,False,16.1
CASE000073,Wei Andersson,wei.andersson73@example.com,Branch,Other,Manchester,True,6.1
CASE000074,Noah Khan,noah.khan74@example.com,Chat,Billing,Bristol,False,14.2
CASE000075,Fatima Kowalski,fatima.kowalski75@example.com,Chat,Technical,Birmingham,False,11.0
CASE000076,Yuki Rossi,yuki.rossi76@example.com,Email,Other,Birmingham,True,6.9
CASE000077,Mohammed Garcia,mohammed.garcia77@example.com,Email,Fraud,Cardiff,False,15.5
CASE000078,Yuki Kowalski,yuki.kowalski78@example.com,Phone,Other,Manchester,True,5.7
CASE000079,Fatima Okafor,fatima.okafor79@example.com,Branch,Technical,Bristol,True,4.9
CASE000080,Fatima Ali,fatima.ali80@example.com,Chat,Service,London,False,17.7
CASE000081,Aisha Smith,aisha.smith81@example.com,Branch,Other,Glasgow,False,27.1
CASE000082,Aisha Patel,aisha.patel82@example.com,Branch,Billing,Glasgow,True,23.5
CASE000083,Noah Ahmed,noah.ahmed83@example.com,Branch,Fraud,London,True,33.8
CASE000084,Fatima Khan,fatima.khan84@example.com,Phone,Billing,Manchester,False,5.6
CASE000085,Carlos Ali,carlos.ali85@example.com,Phone,Service,Bristol,False,24.5
CASE000086,Fatima Nguyen,fatima.nguyen86@example.com,Phone,Billing,Birmingham,True,5.3
CASE000087,Mei Smith,mei.smith87@example.com,Email,Billing,Glasgow,True,8.2
CASE000088,Aisha Smith,aisha.smith88@example.com,Email,Billing,Bristol,True,15.6
CASE000089,Sofia Andersson,sofia.andersson89@example.com,Chat,Fraud,Bristol,False,30.7
CASE000090,Ivan Smith,ivan.smith90@example.com,Branch,Fraud,Manchester,True,18.3
CASE000091,Wei Okafor,wei.okafor91@example.com,Phone,Technical,Birmingham,True,20.0
CASE000092,Mohammed Smith,mohammed.smith92@example.com,Branch,Other,Liverpool,False,14.8
CASE000093,Sofia Ahmed,sofia.ahmed93@example.com,Phone,Billing,Birmingham,True,22.1
CASE000094,Mohammed Patel,mohammed.patel94@example.com,Chat,Other,Glasgow,True,11.0
CASE000095,Ivan Patel,ivan.patel95@example.com,Chat,Service,Leeds,True,7.8
CASE000096,Mary Silva,mary.silva96@example.com,Branch,Billing,London,False,2.9
CASE000097,Olu Rossi,olu.rossi97@example.com,Chat,Billing,Manchester,True,26.6
CASE000098,Mohammed Smith,mohammed.smith98@example.com,Branch,Fraud,London,True,32.9
CASE000099,Mohammed Brown,mohammed.brown99@example.com,Chat,Fraud,Bristol,True,15.0
CASE000100,Ivan Rossi,ivan.rossi100@example.com,Email,Fraud,Cardiff,True,19.7
CASE000101,Olu Patel,olu.patel101@example.com,Branch,Billing,Bristol,False,13.1
CASE000102,Olu Kowalski,olu.kowalski102@example.com,Phone,Billing,Liverpool,False,36.2
CASE000103,Priya Khan,priya.khan103@example.com,Chat,Technical,Liverpool,True,18.0
CASE000104,Liam Kowalski,liam.kowalski104@example.com,Branch,Other,London,False,20.1
CASE000105,Mohammed Rossi,mohammed.rossi105@example.com,Branch,Billing,Liverpool,True,5.0
CASE000106,Priya Nguyen,priya.nguyen106@example.com,Phone,Technical,Birmingham,True,9.7
CASE000107,Mohammed Okafor,mohammed.okafor107@example.com,Chat,Technical,Bristol,False,9.8
CASE000108,Mei Rossi,mei.rossi108@example.com,Chat,Billing,Leeds,False,28.4
CASE000109,Mary Ali,mary.ali109@example.com,Email,Billing,Cardiff,True,46.6
CASE000110,Fatima Chen,fatima.chen110@example.com,Chat,Billing,Birmingham,True,5.1
CASE000111,Olu Nguyen,olu.nguyen111@example.com,Email,Billing,Birmingham,True,5.5
CASE000112,James Silva,james.silva112@example.com,Email,Service,Birmingham,False,7.4
CASE000113,Mary Kowalski,mary.kowalski113@example.com,Email,Other,Liverpool,True,10.1
CASE000114,Fatima Kowalski,fatima.kowalski114@example.com,Phone,Billing,Birmingham,True,8.3
CASE000115,Ivan Ahmed,ivan.ahmed115@example.com,Chat,Billing,Cardiff,False,28.0
CASE000116,Hannah Khan,hannah.khan116@example.com,Chat,Billing,Glasgow,False,2.9
CASE000117,Sofia Ahmed,sofia.ahmed117@example.com,Phone,Billing,Bristol,False,13.6
CASE000118,James Nguyen,james.nguyen118@example.com,Chat,Fraud,Glasgow,True,7.0
CASE000119,Wei Okafor,wei.okafor119@example.com,Phone,Technical,Birmingham,True,6.2
CASE000120,Sofia Garcia,sofia.garcia120@example.com,Phone,Fraud,Manchester,True,9.4
CASE000121,Aisha Kowalski,aisha.kowalski121@example.com,Phone,Other,Bristol,True,25.7
CASE000122,Fatima Ahmed,fatima.ahmed122@example.com,Branch,Billing,Manchester,True,27.2
CASE000123,Mary Nguyen,mary.nguyen123@example.com,Phone,Other,Liverpool,True,26.7
CASE000124,Sofia Ali,sofia.ali124@example.com,Email,Service,Liverpool,True,15.2
CASE000125,Aisha Silva,aisha.silva125@example.com,Email,Billing,Leeds,False,37.0
CASE000126,Noah Silva,noah.silva126@example.com,Branch,Other,Glasgow,True,11.6
CASE000127,Mary Tanaka,mary.tanaka127@example.com,Phone,Fraud,Liverpool,True,10.6
CASE000128,Fatima Garcia,fatima.garcia128@example.com,Phone,Service,Cardiff,False,11.2
CASE000129,Liam Tanaka,liam.tanaka129@example.com,Chat,Technical,Glasgow,False,4.5
CASE000130,Priya Brown,priya.brown130@example.com,Phone,Other,Bristol,True,7.7
CASE000131,Priya Ali,priya.ali131@example.com,Branch,Service,Manchester,False,26.3
CASE000132,Aisha Okafor,aisha.okafor132@example.com,Phone,Fraud,Cardiff,True,25.8
CASE000133,Liam Silva,liam.silva133@example.com,Email,Technical,Manchester,True,32.0
CASE000134,Sofia Tanaka,sofia.tanaka134@example.com,Phone,Fraud,Manchester,False,23.6
CASE000135,Yuki Rossi,yuki.rossi135@example.com,Email,Billing,Manchester,True,20.4
CASE000136,Mohammed Brown,mohammed.brown136@example.com,Phone,Service,London,False,3.6
CASE000137,Liam Ali,liam.ali137@example.com,Chat,Billing,Cardiff,False,8.0
CASE000138,Yuki Khan,yuki.khan138@example.com,Phone,Billing,Birmingham,True,40.7
CASE000139,Fatima Chen,fatima.chen139@example.com,Chat,Technical,Liverpool,True,11.7
CASE000140,Carlos Garcia,carlos.garcia140@example.com,Email,Fraud,Liverpool,False,12.2
CASE000141,Mary Okafor,mary.okafor141@example.com,Phone,Billing,Birmingham,True,15.3
CASE000142,Mei Rossi,mei.rossi142@example.com,Email,Fraud,Glasgow,False,5.9
CASE000143,Olu Garcia,olu.garcia143@example.com,Email,Fraud,Manchester,True,9.1
CASE000144,Hannah Okafor,hannah.okafor144@example.com,Phone,Fraud,Leeds,True,6.1
CASE000145,James Chen,james.chen145@example.com,Email,Billing,Liverpool,True,2.7
CASE000146,James Garcia,james.garcia146@example.com,Chat,Technical,Leeds,False,2.8
CASE000147,Mei Andersson,mei.andersson147@example.com,Chat,Other,Bristol,True,6.4
CASE000148,Mary Khan,mary.khan148@example.com,Email,Service,Leeds,True,22.7
CASE000149,Wei Patel,wei.patel149@example.com,Email,Other,Cardiff,False,3.0
CASE000150,Wei Smith,wei.smith150@example.com,Phone,Other,Manchester,True,23.5
CASE000151,Mary Garcia,mary.garcia151@example.com,Email,Technical,Bristol,True,6.8
CASE000152,Yuki Khan,yuki.khan152@example.com,Email,Other,Manchester,True,50.4
CASE000153,Carlos Kowalski,carlos.kowalski153@example.com,Chat,Service,London,True,12.0
CASE000154,Yuki Patel,yuki.patel154@example.com,Chat,Other,Cardiff,True,3.5
CASE000155,Sofia Patel,sofia.patel155@example.com,Branch,Other,Leeds,True,2.5
CASE000156,Wei Patel,wei.patel156@example.com,Chat,Service,Cardiff,False,16.9
CASE000157,Olu Tanaka,olu.tanaka157@example.com,Branch,Service,Bristol,True,3.3
CASE000158,Fatima Tanaka,fatima.tanaka158@example.com,Chat,Technical,Leeds,True,31.5
CASE000159,Liam Kowalski,liam.kowalski159@example.com,Chat,Other,Bristol,True,20.3
CASE000160,Noah Kowalski,noah.kowalski160@example.com,Phone,Other,Manchester,False,30.5
CASE000161,Yuki Ali,yuki.ali161@example.com,Email,Billing,Manchester,True,16.2
CASE000162,Liam Tanaka,liam.tanaka162@example.com,Branch,Service,Cardiff,False,4.8
CASE000163,Liam Kowalski,liam.kowalski163@example.com,Branch,Billing,Manchester,False,17.3
CASE000164,Noah Garcia,noah.garcia164@example.com,Email,Other,Bristol,False,7.8
CASE000165,Mei Okafor,mei.okafor165@example.com,Branch,Billing,Manchester,True,28.5
CASE000166,Ivan Kowalski,ivan.kowalski166@example.com,Phone,Service,Birmingham,True,7.2
CASE000167,Wei Ali,wei.ali167@example.com,Phone,Technical,Leeds,True,26.6
CASE000168,Mary Patel,mary.patel168@example.com,Phone,Service,Glasgow,False,18.2
CASE000169,Mei Tanaka,mei.tanaka169@example.com,Chat,Technical,Glasgow,True,14.2
CASE000170,Aisha Chen,aisha.chen170@example.com,Email,Billing,London,True,24.5
CASE000171,Aisha Nguyen,aisha.nguyen171@example.com,Chat,Other,Bristol,True,28.8
CASE000172,Hannah Okafor,hannah.okafor172@example.com,Chat,Other,Birmingham,True,10.6
CASE000173,Liam Kowalski,liam.kowalski173@example.com,Phone,Billing,Bristol,False,5.3
CASE000174,Liam Patel,liam.patel174@example.com,Branch,Fraud,Manchester,True,15.3
CASE000175,Mei Ahmed,mei.ahmed175@example.com,Phone,Technical,Glasgow,True,12.2
CASE000176,Sofia Kowalski,sofia.kowalski176@example.com,Email,Fraud,Cardiff,False,8.5
CASE000177,Hannah Ahmed,hannah.ahmed177@example.com,Phone,Fraud,Cardiff,False,20.4
CASE000178,Aisha Kowalski,aisha.kowalski178@example.com,Branch,Fraud,Leeds,True,11.2
CASE000179,Wei Rossi,wei.rossi179@example.com,Chat,Other,Bristol,False,3.3
CASE000180,Mei Nguyen,mei.nguyen180@example.com,Email,Fraud,Glasgow,False,7.4
CASE000181,James Andersson,james.andersson181@example.com,Chat,Service,Bristol,True,15.2
CASE000182,Carlos Ali,carlos.ali182@example.com,Chat,Technical,Birmingham,True,7.7
CASE000183,Aisha Brown,aisha.brown183@example.com,Phone,Billing,Leeds,True,10.3
CASE000184,James Ahmed,james.ahmed184@example.com,Email,Fraud,Liverpool,False,20.3
CASE000185,Aisha Okafor,aisha.okafor185@example.com,Phone,Fraud,Birmingham,True,11.4
CASE000186,Olu Patel,olu.patel186@example.com,Phone,Fraud,Liverpool,True,31.8
CASE000187,Sofia Nguyen,sofia.nguyen187@example.com,Branch,Service,Birmingham,False,8.4
CASE000188,Ivan Smith,ivan.smith188@example.com,Email,Fraud,Birmingham,True,2.9
CASE000189,Hannah Rossi,hannah.rossi189@example.com,Branch,Fraud,Liverpool,True,17.6
CASE000190,Mei Patel,mei.patel190@example.com,Chat,Billing,Cardiff,True,8.2
CASE000191,Yuki Brown,yuki.brown191@example.com,Chat,Technical,Bristol,False,36.6
CASE000192,Fatima Chen,fatima.chen192@example.com,Chat,Service,Liverpool,True,15.6
CASE000193,Mei Brown,mei.brown193@example.com,Branch,Billing,Liverpool,True,9.0
CASE000194,Olu Andersson,olu.andersson194@example.com,Phone,Technical,London,True,22.7
CASE000195,Liam Tanaka,liam.tanaka195@example.com,Branch,Other,Cardiff,True,21.2
CASE000196,Sofia Smith,sofia.smith196@example.com,Branch,Billing,London,False,15.1
CASE000197,Mohammed Ali,mohammed.ali197@example.com,Email,Other,London,True,24.0
CASE000198,Fatima Nguyen,fatima.nguyen198@example.com,Chat,Other,Cardiff,True,18.0
CASE000199,James Ahmed,james.ahmed199@example.com,Phone,Technical,Bristol,True,14.5
CASE000200,Fatima Brown,fatima.brown200@example.com,Chat,Technical,Liverpool,False,31.4
CASE000201,Noah Kowalski,noah.kowalski201@example.com,Email,Billing,Cardiff,False,17.4
CASE000202,Mei Khan,mei.khan202@example.com,Chat,Other,Bristol,True,12.5
CASE000203,Carlos Nguyen,carlos.nguyen203@example.com,Email,Technical,Bristol,True,26.8
CASE000204,Liam Chen,liam.chen204@example.com,Email,Service,Manchester,True,10.0
CASE000205,Priya Ahmed,priya.ahmed205@example.com,Phone,Fraud,Glasgow,False,4.9
CASE000206,Fatima Ahmed,fatima.ahmed206@example.com,Chat,Other,Bristol,True,25.3
CASE000207,Olu Garcia,olu.garcia207@example.com,Email,Billing,Bristol,True,11.2
CASE000208,Ivan Nguyen,ivan.nguyen208@example.com,Branch,Fraud,Glasgow,False,4.3
CASE000209,Liam Smith,liam.smith209@example.com,Chat,Fraud,Leeds,False,21.7
CASE000210,Fatima Khan,fatima.khan210@example.com,Chat,Service,Bristol,True,9.3
CASE000211,Olu Ahmed,olu.ahmed211@example.com,Branch,Fraud,Glasgow,True,27.2
CASE000212,Mei Nguyen,mei.nguyen212@example.com,Chat,Billing,Bristol,True,22.9
CASE000213,Sofia Rossi,sofia.rossi213@example.com,Branch,Other,Birmingham,True,21.5
CASE000214,Olu Patel,olu.patel214@example.com,Chat,Billing,Bristol,True,16.3
CASE000215,Mary Chen,mary.chen215@example.com,Branch,Technical,Leeds,True,10.3
CASE000216,Hannah Garcia,hannah.garcia216@example.com,Phone,Fraud,Bristol,True,21.7
CASE000217,Fatima Khan,fatima.khan217@example.com,Branch,Service,Bristol,True,17.3
CASE000218,Ivan Ali,ivan.ali218@example.com,Email,Fraud,Manchester,False,21.0
CASE000219,Aisha Khan,aisha.khan219@example.com,Branch,Fraud,Bristol,True,7.6
CASE000220,Mary Patel,mary.patel220@example.com,Email,Other,Cardiff,False,12.9
CASE000221,Liam Ahmed,liam.ahmed221@example.com,Email,Billing,London,True,28.6
CASE000222,Olu Khan,olu.khan222@example.com,Email,Technical,Bristol,False,7.5
CASE000223,Noah Smith,noah.smith223@example.com,Phone,Billing,Leeds,True,14.4
CASE000224,Ivan Andersson,ivan.andersson224@example.com,Phone,Technical,London,False,6.2
CASE000225,James Okafor,james.okafor225@example.com,Phone,Service,Liverpool,True,8.0
CASE000226,James Khan,james.khan226@example.com,Email,Fraud,Liverpool,True,2.8
CASE000227,Liam Andersson,liam.andersson227@example.com,Chat,Service,Bristol,True,15.2
CASE000228,Yuki Ali,yuki.ali228@example.com,Chat,Fraud,Leeds,False,11.0
CASE000229,Mary Nguyen,mary.nguyen229@example.com,Branch,Other,Birmingham,True,11.1
CASE000230,Fatima Ali,fatima.ali230@example.com,Chat,Other,Birmingham,True,5.8
CASE000231,Aisha Ali,aisha.ali231@example.com,Chat,Fraud,Glasgow,True,6.6
CASE000232,Wei Chen,wei.chen232@example.com,Branch,Service,Glasgow,True,4.1
CASE000233,Mei Rossi,mei.rossi233@example.com,Email,Service,Leeds,True,15.4
CASE000234,Yuki Khan,yuki.khan234@example.com,Chat,Other,London,False,40.7
CASE000235,Noah Khan,noah.khan235@example.com,Chat,Billing,Glasgow,True,4.3
CASE000236,Mary Chen,mary.chen236@example.com,Phone,Service,Manchester,True,9.2
CASE000237,Sofia Tanaka,sofia.tanaka237@example.com,Phone,Service,Leeds,False,23.4
CASE000238,Liam Rossi,liam.rossi238@example.com,Email,Billing,Manchester,True,35.3
CASE000239,Ivan Kowalski,ivan.kowalski239@example.com,Branch,Service,Manchester,False,2.4
CASE000240,Noah Chen,noah.chen240@example.com,Phone,Fraud,Glasgow,True,15.5
CASE000241,Mary Rossi,mary.rossi241@example.com,Branch,Technical,Liverpool,True,29.2
CASE000242,Olu Rossi,olu.rossi242@example.com,Email,Technical,Manchester,True,14.7
CASE000243,Mei Silva,mei.silva243@example.com,Email,Fraud,London,True,37.9
CASE000244,Carlos Kowalski,carlos.kowalski244@example.com,Branch,Fraud,Leeds,False,12.5
CASE000245,Liam Tanaka,liam.tanaka245@example.com,Email,Technical,Cardiff,False,16.3
CASE000246,Priya Smith,priya.smith246@example.com,Phone,Technical,Liverpool,True,21.0
CASE000247,Hannah Silva,hannah.silva247@example.com,Branch,Other,Birmingham,False,6.7
CASE000248,Liam Patel,liam.patel248@example.com,Email,Other,Glasgow,True,11.0
CASE000249,Sofia Andersson,sofia.andersson249@example.com,Phone,Fraud,Bristol,False,2.3
CASE000250,Wei Garcia,wei.garcia250@example.com,Email,Technical,Glasgow,False,1.2
CASE000251,James Khan,james.khan251@example.com,Email,Fraud,Bristol,False,22.8
CASE000252,Aisha Ali,aisha.ali252@example.com,Email,Billing,Birmingham,True,11.4
CASE000253,Fatima Silva,fatima.silva253@example.com,Email,Billing,Leeds,True,33.2
CASE000254,Mary Okafor,mary.okafor254@example.com,Email,Technical,Glasgow,True,20.8
CASE000255,James Brown,james.brown255@example.com,Branch,Service,Liverpool,True,28.0
CASE000256,Sofia Smith,sofia.smith256@example.com,Phone,Fraud,London,True,15.8
CASE000257,Priya Tanaka,priya.tanaka257@example.com,Email,Fraud,Cardiff,True,4.5
CASE000258,Hannah Smith,hannah.smith258@example.com,Email,Fraud,London,True,59.8
CASE000259,Ivan Rossi,ivan.rossi259@example.com,Phone,Billing,Birmingham,False,28.7
CASE000260,Ivan Kowalski,ivan.kowalski260@example.com,Email,Billing,Cardiff,True,34.1
CASE000261,Noah Ahmed,noah.ahmed261@example.com,Branch,Billing,Birmingham,True,6.6
CASE000262,Mohammed Smith,mohammed.smith262@example.com,Phone,Service,Cardiff,True,20.5
CASE000263,Yuki Okafor,yuki.okafor263@example.com,Chat,Service,Liverpool,True,19.0
CASE000264,Ivan Rossi,ivan.rossi264@example.com,Email,Fraud,London,False,7.4
CASE000265,Hannah Okafor,hannah.okafor265@example.com,Email,Other,Birmingham,True,7.0
CASE000266,Liam Okafor,liam.okafor266@example.com,Chat,Billing,London,True,5.9
CASE000267,Hannah Khan,hannah.khan267@example.com,Phone,Fraud,Cardiff,True,36.6
CASE000268,Mei Patel,mei.patel268@example.com,Chat,Other,Cardiff,True,15.6
CASE000269,James Ali,james.ali269@example.com,Branch,Technical,Manchester,True,2.4
CASE000270,Wei Smith,wei.smith270@example.com,Phone,Technical,Leeds,True,1.1
CASE000271,Olu Ahmed,olu.ahmed271@example.com,Branch,Technical,London,True,10.3
CASE000272,Mary Rossi,mary.rossi272@example.com,Phone,Service,Manchester,True,31.7
CASE000273,Mohammed Tanaka,mohammed.tanaka273@example.com,Chat,Fraud,Glasgow,False,2.9
CASE000274,Liam Ali,liam.ali274@example.com,Chat,Service,Cardiff,False,1.6
CASE000275,Mei Andersson,mei.andersson275@example.com,Phone,Technical,Birmingham,True,23.2
CASE000276,Yuki Okafor,yuki.okafor276@example.com,Phone,Service,Leeds,True,46.9
CASE000277,James Nguyen,james.nguyen277@example.com,Phone,Technical,Birmingham,True,26.3
CASE000278,James Ali,james.ali278@example.com,Email,Other,Liverpool,True,4.8
CASE000279,Liam Tanaka,liam.tanaka279@example.com,Phone,Service,Liverpool,True,4.7
CASE000280,Ivan Garcia,ivan.garcia280@example.com,Chat,Other,Bristol,False,2.4
CASE000281,Priya Khan,priya.khan281@example.com,Chat,Other,Birmingham,False,13.8
CASE000282,Priya Patel,priya.patel282@example.com,Phone,Fraud,Cardiff,False,9.4
CASE000283,Hannah Ahmed,hannah.ahmed283@example.com,Chat,Other,Liverpool,True,18.4
CASE000284,Ivan Kowalski,ivan.kowalski284@example.com,Email,Billing,Glasgow,True,34.5
CASE000285,James Ahmed,james.ahmed285@example.com,Email,Fraud,Bristol,True,9.2
CASE000286,Wei Silva,wei.silva286@example.com,Phone,Technical,London,True,8.6
CASE000287,Noah Okafor,noah.okafor287@example.com,Phone,Billing,Manchester,True,20.8
CASE000288,Priya Tanaka,priya.tanaka288@example.com,Chat,Technical,Manchester,True,9.4
CASE000289,Olu Patel,olu.patel289@example.com,Phone,Service,London,True,19.6
CASE000290,Noah Patel,noah.patel290@example.com,Email,Technical,Liverpool,False,5.7
CASE000291,Mei Ahmed,mei.ahmed291@example.com,Email,Technical,Bristol,False,15.5
CASE000292,Olu Andersson,olu.andersson292@example.com,Email,Fraud,Manchester,True,26.4
CASE000293,Liam Patel,liam.patel293@example.com,Email,Fraud,Bristol,True,7.7
CASE000294,Wei Okafor,wei.okafor294@example.com,Email,Technical,Birmingham,False,16.0
CASE000295,Liam Kowalski,liam.kowalski295@example.com,Branch,Fraud,Cardiff,True,13.0
CASE000296,Fatima Tanaka,fatima.tanaka296@example.com,Phone,Service,London,False,11.7
CASE000297,Aisha Garcia,aisha.garcia297@example.com,Phone,Service,Glasgow,False,16.3
CASE000298,Carlos Garcia,carlos.garcia298@example.com,Chat,Technical,Birmingham,False,23.3
CASE000299,Mohammed Rossi,mohammed.rossi299@example.com,Email,Service,London,True,3.3
CASE000300,Hannah Ali,hannah.ali300@example.com,Chat,Other,Glasgow,True,4.5
CASE000301,Mohammed Garcia,mohammed.garcia301@example.com,Branch,Technical,Liverpool,False,22.8
CASE000302,Mary Chen,mary.chen302@example.com,Chat,Technical,Glasgow,True,3.7
CASE000303,Carlos Patel,carlos.patel303@example.com,Chat,Technical,Bristol,False,24.1
CASE000304,Noah Okafor,noah.okafor304@example.com,Branch,Service,Manchester,True,16.0
CASE000305,Mei Kowalski,mei.kowalski305@example.com,Branch,Other,London,True,17.1
CASE000306,Mohammed Garcia,mohammed.garcia306@example.com,Chat,Technical,Manchester,True,18.3
CASE000307,Noah Khan,noah.khan307@example.com,Email,Technical,Bristol,False,30.6
CASE000308,Wei Okafor,wei.okafor308@example.com,Chat,Other,Bristol,True,10.0
CASE000309,Olu Chen,olu.chen309@example.com,Email,Billing,Bristol,True,20.6
CASE000310,Liam Okafor,liam.okafor310@example.com,Branch,Technical,London,True,24.7
CASE000311,Liam Khan,liam.khan311@example.com,Email,Other,Bristol,True,12.6
CASE000312,Noah Nguyen,noah.nguyen312@example.com,Branch,Technical,London,True,7.3
CASE000313,Yuki Chen,yuki.chen313@example.com,Email,Fraud,Liverpool,True,19.4
CASE000314,Yuki Khan,yuki.khan314@example.com,Branch,Other,Glasgow,True,5.4
CASE000315,Mary Chen,mary.chen315@example.com,Phone,Billing,Cardiff,False,28.9
CASE000316,Carlos Patel,carlos.patel316@example.com,Branch,Billing,Bristol,True,24.4
CASE000317,Yuki Brown,yuki.brown317@example.com,Chat,Other,Bristol,False,21.7
CASE000318,Hannah Garcia,hannah.garcia318@example.com,Branch,Technical,Liverpool,True,4.2
CASE000319,Noah Khan,noah.khan319@example.com,Branch,Fraud,Cardiff,True,5.3
CASE000320,Ivan Chen,ivan.chen320@example.com,Chat,Fraud,Cardiff,True,20.2
CASE000321,Wei Nguyen,wei.nguyen321@example.com,Phone,Technical,Glasgow,True,15.6
CASE000322,Olu Tanaka,olu.tanaka322@example.com,Chat,Other,Manchester,False,7.7
CASE000323,Mohammed Smith,mohammed.smith323@example.com,Branch,Other,Liverpool,True,11.2
CASE000324,Yuki Chen,yuki.chen324@example.com,Branch,Fraud,Bristol,True,35.3
CASE000325,Olu Patel,olu.patel325@example.com,Chat,Billing,Cardiff,True,17.2
CASE000326,Hannah Smith,hannah.smith326@example.com,Chat,Service,London,True,12.4
CASE000327,Sofia Okafor,sofia.okafor327@example.com,Chat,Billing,Bristol,True,8.5
CASE000328,Yuki Silva,yuki.silva328@example.com,Phone,Billing,Birmingham,True,31.7
CASE000329,Olu Okafor,olu.okafor329@example.com,Phone,Billing,Bristol,True,18.0
CASE000330,Mary Silva,mary.silva330@example.com,Branch,Service,Leeds,True,7.3
CASE000331,Aisha Tanaka,aisha.tanaka331@example.com,Chat,Technical,Glasgow,False,20.5
CASE000332,Aisha Rossi,aisha.rossi332@example.com,Phone,Technical,Liverpool,True,14.4
CASE000333,Mei Patel,mei.patel333@example.com,Branch,Technical,Leeds,True,37.4
CASE000334,Ivan Okafor,ivan.okafor334@example.com,Phone,Technical,London,False,13.5
CASE000335,Aisha Khan,aisha.khan335@example.com,Email,Fraud,Glasgow,True,6.3
CASE000336,Liam Rossi,liam.rossi336@example.com,Branch,Billing,London,True,23.6
CASE000337,James Smith,james.smith337@example.com,Email,Technical,Birmingham,True,21.7
CASE000338,Olu Smith,olu.smith338@example.com,Chat,Billing,Glasgow,True,16.3
CASE000339,Priya Kowalski,priya.kowalski339@example.com,Branch,Fraud,Cardiff,True,35.0
CASE000340,Aisha Brown,aisha.brown340@example.com,Email,Billing,Glasgow,False,20.8
CASE000341,Mary Chen,mary.chen341@example.com,Branch,Fraud,Bristol,True,14.7
CASE000342,Carlos Chen,carlos.chen342@example.com,Email,Technical,London,True,6.5
CASE000343,Liam Chen,liam.chen343@example.com,Chat,Service,Glasgow,True,17.0
CASE000344,Noah Okafor,noah.okafor344@example.com,Phone,Billing,Liverpool,False,11.1
CASE000345,Hannah Tanaka,hannah.tanaka345@example.com,Chat,Fraud,Leeds,False,4.7
CASE000346,James Patel,james.patel346@example.com,Email,Fraud,Cardiff,False,15.4
CASE000347,Ivan Smith,ivan.smith347@example.com,Email,Technical,Bristol,False,21.2
CASE000348,Noah Patel,noah.patel348@example.com,Phone,Technical,Cardiff,False,5.0
CASE000349,Sofia Silva,sofia.silva349@example.com,Phone,Fraud,Glasgow,True,28.1
CASE000350,Mohammed Kowalski,mohammed.kowalski350@example.com,Branch,Service,Manchester,False,30.4
CASE000351,Mary Ahmed,mary.ahmed351@example.com,Branch,Other,Manchester,True,3.9
CASE000352,Olu Brown,olu.brown352@example.com,Branch,Billing,Glasgow,True,22.0
CASE000353,Mohammed Okafor,mohammed.okafor353@example.com,Branch,Other,London,False,15.9
CASE000354,Priya Khan,priya.khan354@example.com,Branch,Fraud,London,True,5.2
CASE000355,Carlos Garcia,carlos.garcia355@example.com,Chat,Technical,Manchester,False,9.9
CASE000356,Carlos Nguyen,carlos.nguyen356@example.com,Branch,Technical,Liverpool,True,4.7
CASE000357,Mei Tanaka,mei.tanaka357@example.com,Chat,Billing,Glasgow,True,4.1
CASE000358,Olu Andersson,olu.andersson358@example.com,Phone,Other,London,False,24.3
CASE000359,Sofia Ali,sofia.ali359@example.com,Branch,Billing,Cardiff,True,14.2
CASE000360,Wei Smith,wei.smith360@example.com,Branch,Other,Bristol,True,4.3
CASE000361,Fatima Chen,fatima.chen361@example.com,Branch,Fraud,Liverpool,True,15.5
CASE000362,Wei Khan,wei.khan362@example.com,Branch,Fraud,Bristol,False,19.2
CASE000363,Wei Smith,wei.smith363@example.com,Phone,Billing,Liverpool,True,13.4
CASE000364,Wei Garcia,wei.garcia364@example.com,Chat,Billing,Manchester,True,5.2
CASE000365,Yuki Ali,yuki.ali365@example.com,Phone,Service,Cardiff,False,1.4
CASE000366,Ivan Nguyen,ivan.nguyen366@example.com,Phone,Billing,London,True,31.6
CASE000367,Priya Andersson,priya.andersson367@example.com,Email,Technical,Cardiff,True,25.3
CASE000368,Ivan Khan,ivan.khan368@example.com,Chat,Technical,Cardiff,True,11.1
CASE000369,Sofia Andersson,sofia.andersson369@example.com,Email,Other,Manchester,True,10.6
CASE000370,Noah Nguyen,noah.nguyen370@example.com,Phone,Other,Glasgow,True,8.8
CASE000371,Sofia Garcia,sofia.garcia371@example.com,Phone,Fraud,Leeds,True,3.8
CASE000372,Aisha Silva,aisha.silva372@example.com,Email,Billing,London,True,44.2
CASE000373,Wei Patel,wei.patel373@example.com,Chat,Billing,Cardiff,True,22.2
CASE000374,Ivan Rossi,ivan.rossi374@example.com,Phone,Technical,Leeds,False,10.1
CASE000375,Priya Smith,priya.smith375@example.com,Email,Technical,Birmingham,True,7.0
CASE000376,Liam Ahmed,liam.ahmed376@example.com,Branch,Other,Liverpool,True,27.3
CASE000377,Olu Khan,olu.khan377@example.com,Phone,Billing,Liverpool,False,13.4
CASE000378,James Chen,james.chen378@example.com,Branch,Technical,Birmingham,False,19.9
CASE000379,Priya Andersson,priya.andersson379@example.com,Branch,Fraud,Manchester,True,8.9
CASE000380,Yuki Patel,yuki.patel380@example.com,Branch,Billing,London,True,19.1
CASE000381,Mei Smith,mei.smith381@example.com,Email,Fraud,Birmingham,True,3.2
CASE000382,Noah Rossi,noah.rossi382@example.com,Phone,Service,Cardiff,True,15.5
CASE000383,Mei Silva,mei.silva383@example.com,Email,Other,Leeds,False,7.4
CASE000384,Wei Andersson,wei.andersson384@example.com,Chat,Technical,Birmingham,False,16.8
CASE000385,Carlos Ahmed,carlos.ahmed385@example.com,Chat,Fraud,Glasgow,False,5.1
CASE000386,Priya Andersson,priya.andersson386@example.com,Chat,Service,Birmingham,True,29.4
CASE000387,Liam Khan,liam.khan387@example.com,Chat,Technical,Birmingham,False,0.6
CASE000388,Yuki Ali,yuki.ali388@example.com,Chat,Other,Birmingham,True,18.6
CASE000389,Aisha Nguyen,aisha.nguyen389@example.com,Branch,Service,Manchester,True,5.8
CASE000390,Olu Ahmed,olu.ahmed390@example.com,Branch,Service,Manchester,True,22.6
CASE000391,Carlos Nguyen,carlos.nguyen391@example.com,Phone,Technical,Leeds,True,15.1
CASE000392,Aisha Tanaka,aisha.tanaka392@example.com,Chat,Service,Liverpool,True,10.3
CASE000393,Wei Ahmed,wei.ahmed393@example.com,Chat,Technical,Leeds,False,13.2
CASE000394,Ivan Chen,ivan.chen394@example.com,Email,Technical,Cardiff,True,6.5
CASE000395,Noah Andersson,noah.andersson395@example.com,Chat,Fraud,Cardiff,True,4.8
CASE000396,Liam Brown,liam.brown396@example.com,Email,Service,London,True,6.6
CASE000397,Mei Chen,mei.chen397@example.com,Phone,Billing,Glasgow,True,3.8
CASE000398,Priya Okafor,priya.okafor398@example.com,Chat,Technical,London,True,3.1
CASE000399,Mei Patel,mei.patel399@example.com,Branch,Service,Manchester,False,2.0
CASE000400,James Garcia,james.garcia400@example.com,Phone,Technical,Liverpool,True,17.6
CASE000401,Fatima Rossi,fatima.rossi401@example.com,Email,Fraud,Liverpool,False,2.8
CASE000402,Olu Nguyen,olu.nguyen402@example.com,Email,Service,Leeds,True,4.7
CASE000403,Carlos Silva,carlos.silva403@example.com,Chat,Billing,Cardiff,False,22.5
CASE000404,Liam Ali,liam.ali404@example.com,Chat,Billing,Birmingham,False,17.1
CASE000405,Mary Smith,mary.smith405@example.com,Email,Technical,Leeds,False,7.8
CASE000406,Mei Nguyen,mei.nguyen406@example.com,Email,Billing,Leeds,True,23.4
CASE000407,Priya Patel,priya.patel407@example.com,Branch,Technical,Leeds,False,7.6
CASE000408,Mary Patel,mary.patel408@example.com,Email,Service,Glasgow,False,9.8
CASE000409,Wei Tanaka,wei.tanaka409@example.com,Phone,Service,Cardiff,True,3.3
CASE000410,Liam Silva,liam.silva410@example.com,Email,Other,Liverpool,True,9.4
CASE000411,Noah Brown,noah.brown411@example.com,Chat,Technical,Bristol,True,18.5
CASE000412,Mohammed Silva,mohammed.silva412@example.com,Email,Billing,Liverpool,True,19.4
CASE000413,James Andersson,james.andersson413@example.com,Phone,Billing,London,True,9.2
CASE000414,Mei Kowalski,mei.kowalski414@example.com,Branch,Fraud,Bristol,True,29.4
CASE000415,Priya Andersson,priya.andersson415@example.com,Phone,Service,Liverpool,True,5.3
CASE000416,Fatima Silva,fatima.silva416@example.com,Phone,Billing,London,True,3.1
CASE000417,Mohammed Patel,mohammed.patel417@example.com,Branch,Service,Liverpool,False,14.4
CASE000418,Fatima Andersson,fatima.andersson418@example.com,Chat,Billing,Bristol,True,18.6
CASE000419,Fatima Garcia,fatima.garcia419@example.com,Phone,Service,London,False,20.4
CASE000420,Yuki Smith,yuki.smith420@example.com,Chat,Technical,Manchester,True,15.6
CASE000421,Mary Tanaka,mary.tanaka421@example.com,Phone,Other,Manchester,True,15.8
CASE000422,Ivan Khan,ivan.khan422@example.com,Branch,Other,Bristol,True,29.1
CASE000423,Sofia Ahmed,sofia.ahmed423@example.com,Phone,Service,London,True,21.0
CASE000424,James Chen,james.chen424@example.com,Phone,Technical,Cardiff,False,13.2
CASE000425,Hannah Okafor,hannah.okafor425@example.com,Chat,Fraud,Leeds,True,12.4
CASE000426,Noah Ahmed,noah.ahmed426@example.com,Chat,Service,Glasgow,False,31.9
CASE000427,Fatima Andersson,fatima.andersson427@example.com,Branch,Technical,Manchester,True,13.5
CASE000428,Ivan Ali,ivan.ali428@example.com,Chat,Other,Glasgow,True,10.6
CASE000429,Noah Silva,noah.silva429@example.com,Chat,Service,Manchester,True,6.2
CASE000430,Noah Kowalski,noah.kowalski430@example.com,Chat,Technical,Leeds,True,9.3
CASE000431,James Rossi,james.rossi431@example.com,Email,Billing,Glasgow,False,11.8
CASE000432,Ivan Garcia,ivan.garcia432@example.com,Chat,Service,Manchester,False,4.9
CASE000433,Mei Brown,mei.brown433@example.com,Email,Billing,Bristol,True,23.8
CASE000434,Noah Smith,noah.smith434@example.com,Phone,Fraud,Bristol,True,9.5
CASE000435,Yuki Brown,yuki.brown435@example.com,Branch,Service,Manchester,True,10.3
CASE000436,Carlos Khan,carlos.khan436@example.com,Email,Other,Glasgow,True,20.6
CASE000437,Aisha Smith,aisha.smith437@example.com,Chat,Technical,Birmingham,True,24.5
CASE000438,Fatima Andersson,fatima.andersson438@example.com,Phone,Other,London,True,21.2
CASE000439,Carlos Rossi,carlos.rossi439@example.com,Branch,Service,Liverpool,True,7.4
CASE000440,Liam Silva,liam.silva440@example.com,Chat,Billing,Manchester,True,5.8
CASE000441,Carlos Patel,carlos.patel441@example.com,Chat,Other,Manchester,True,42.1
CASE000442,Fatima Garcia,fatima.garcia442@example.com,Email,Fraud,Liverpool,True,1.2
CASE000443,Mary Chen,mary.chen443@example.com,Chat,Technical,Leeds,True,8.8
CASE000444,Mary Kowalski,mary.kowalski444@example.com,Branch,Other,Cardiff,True,60.1
CASE000445,Carlos Patel,carlos.patel445@example.com,Branch,Service,Cardiff,False,25.0
CASE000446,Olu Chen,olu.chen446@example.com,Branch,Service,Manchester,True,37.4
CASE000447,Ivan Patel,ivan.patel447@example.com,Branch,Billing,Cardiff,True,6.5
CASE000448,Wei Smith,wei.smith448@example.com,Branch,Service,Glasgow,True,17.0
CASE000449,Olu Silva,olu.silva449@example.com,Email,Other,Manchester,True,20.5
CASE000450,Sofia Patel,sofia.patel450@example.com,Branch,Technical,Liverpool,True,12.5
CASE000451,Yuki Khan,yuki.khan451@example.com,Branch,Other,Birmingham,False,10.2
CASE000452,Hannah Smith,hannah.smith452@example.com,Branch,Fraud,Liverpool,True,20.0
CASE000453,Wei Andersson,wei.andersson453@example.com,Phone,Service,Bristol,False,27.7
CASE000454,Noah Rossi,noah.rossi454@example.com,Phone,Technical,Liverpool,False,17.3
CASE000455,Yuki Brown,yuki.brown455@example.com,Chat,Technical,Birmingham,True,49.2
CASE000456,Mary Tanaka,mary.tanaka456@example.com,Email,Billing,Cardiff,True,15.6
CASE000457,Wei Patel,wei.patel457@example.com,Email,Technical,Leeds,False,6.9
CASE000458,Noah Kowalski,noah.kowalski458@example.com,Chat,Billing,Cardiff,True,40.2
CASE000459,Ivan Khan,ivan.khan459@example.com,Email,Other,Liverpool,True,12.1
CASE000460,Hannah Chen,hannah.chen460@example.com,Email,Technical,Glasgow,True,8.6
CASE000461,Mei Ali,mei.ali461@example.com,Phone,Billing,Manchester,True,17.3
CASE000462,Fatima Chen,fatima.chen462@example.com,Chat,Billing,Bristol,False,17.7
CASE000463,Fatima Smith,fatima.smith463@example.com,Chat,Technical,Cardiff,True,15.5
CASE000464,Sofia Garcia,sofia.garcia464@example.com,Email,Fraud,Manchester,False,24.3
CASE000465,Yuki Nguyen,yuki.nguyen465@example.com,Email,Technical,Leeds,True,17.6
CASE000466,Ivan Silva,ivan.silva466@example.com,Email,Technical,Manchester,True,14.2
CASE000467,James Silva,james.silva467@example.com,Branch,Technical,Birmingham,True,14.8
CASE000468,Liam Rossi,liam.rossi468@example.com,Branch,Fraud,Glasgow,False,24.4
CASE000469,Mohammed Brown,mohammed.brown469@example.com,Email,Technical,Manchester,True,28.4
CASE000470,Sofia Rossi,sofia.rossi470@example.com,Branch,Service,Bristol,True,25.1
CASE000471,Hannah Kowalski,hannah.kowalski471@example.com,Phone,Fraud,Liverpool,True,27.4
CASE000472,Noah Garcia,noah.garcia472@example.com,Email,Other,Leeds,True,19.8
CASE000473,Mary Tanaka,mary.tanaka473@example.com,Branch,Technical,London,True,14.1
CASE000474,Liam Ahmed,liam.ahmed474@example.com,Branch,Other,Glasgow,True,20.4
CASE000475,Noah Chen,noah.chen475@example.com,Email,Service,Cardiff,True,32.2
CASE000476,Mei Smith,mei.smith476@example.com,Chat,Technical,Liverpool,True,20.0
CASE000477,Aisha Garcia,aisha.garcia477@example.com,Phone,Other,Cardiff,True,4.8
CASE000478,Wei Garcia,wei.garcia478@example.com,Chat,Technical,Manchester,False,15.6
CASE000479,Aisha Smith,aisha.smith479@example.com,Branch,Service,Bristol,True,14.2
CASE000480,Yuki Tanaka,yuki.tanaka480@example.com,Email,Fraud,Glasgow,True,5.3
CASE000481,Fatima Garcia,fatima.garcia481@example.com,Branch,Other,London,True,3.4
CASE000482,Hannah Garcia,hannah.garcia482@example.com,Phone,Fraud,Bristol,True,7.9
CASE000483,James Ahmed,james.ahmed483@example.com,Email,Fraud,Glasgow,True,5.6
CASE000484,Sofia Kowalski,sofia.kowalski484@example.com,Branch,Billing,Manchester,True,9.5
CASE000485,Mohammed Tanaka,mohammed.tanaka485@example.com,Branch,Fraud,Liverpool,True,18.1
CASE000486,Yuki Ahmed,yuki.ahmed486@example.com,Chat,Other,Birmingham,False,11.5
CASE000487,Ivan Brown,ivan.brown487@example.com,Chat,Other,London,True,18.4
CASE000488,Hannah Silva,hannah.silva488@example.com,Branch,Fraud,Leeds,False,64.8
CASE000489,Fatima Smith,fatima.smith489@example.com,Email,Billing,Cardiff,True,11.8
CASE000490,Sofia Garcia,sofia.garcia490@example.com,Branch,Fraud,Birmingham,True,15.3
CASE000491,Hannah Andersson,hannah.andersson491@example.com,Chat,Fraud,Manchester,True,2.9
CASE000492,Hannah Nguyen,hannah.nguyen492@example.com,Phone,Billing,Cardiff,True,2.9
CASE000493,Mary Ahmed,mary.ahmed493@example.com,Chat,Service,London,True,18.0
CASE000494,Carlos Patel,carlos.patel494@example.com,Branch,Billing,Manchester,True,35.0
CASE000495,Mei Brown,mei.brown495@example.com,Chat,Other,Liverpool,True,10.0
CASE000496,Ivan Brown,ivan.brown496@example.com,Phone,Technical,Liverpool,False,4.7
CASE000497,Mary Patel,mary.patel497@example.com,Branch,Technical,Glasgow,True,15.0
CASE000498,Wei Khan,wei.khan498@example.com,Branch,Other,Birmingham,True,11.9
CASE000499,Sofia Chen,sofia.chen499@example.com,Chat,Service,Manchester,False,6.1
CASE000500,Mohammed Brown,mohammed.brown500@example.com,Email,Service,Bristol,True,13.6
CASE000501,Ivan Ali,ivan.ali501@example.com,Phone,Technical,Manchester,True,20.1
CASE000502,Priya Patel,priya.patel502@example.com,Email,Other,Bristol,True,37.2
CASE000503,Noah Smith,noah.smith503@example.com,Branch,Other,Liverpool,False,7.5
CASE000504,Aisha Ali,aisha.ali504@example.com,Email,Other,Cardiff,True,7.1
CASE000505,James Brown,james.brown505@example.com,Phone,Other,Bristol,False,39.0
CASE000506,Wei Garcia,wei.garcia506@example.com,Branch,Other,Glasgow,False,13.9
CASE000507,Aisha Patel,aisha.patel507@example.com,Phone,Other,Bristol,True,18.1
CASE000508,Mei Ali,mei.ali508@example.com,Chat,Billing,Manchester,False,16.1
CASE000509,Sofia Andersson,sofia.andersson509@example.com,Phone,Other,Glasgow,False,17.5
CASE000510,James Brown,james.brown510@example.com,Email,Other,Cardiff,False,0.7
CASE000511,Ivan Khan,ivan.khan511@example.com,Branch,Billing,Leeds,True,6.3
CASE000512,Fatima Silva,fatima.silva512@example.com,Chat,Service,Birmingham,True,2.4
CASE000513,Sofia Garcia,sofia.garcia513@example.com,Email,Technical,Bristol,True,35.8
CASE000514,Noah Tanaka,noah.tanaka514@example.com,Branch,Service,Liverpool,False,9.0
CASE000515,Olu Garcia,olu.garcia515@example.com,Chat,Other,Bristol,True,14.4
CASE000516,Aisha Brown,aisha.brown516@example.com,Branch,Billing,London,False,2.1
CASE000517,Priya Silva,priya.silva517@example.com,Chat,Other,Leeds,True,4.9
CASE000518,James Andersson,james.andersson518@example.com,Phone,Technical,Cardiff,True,5.1
CASE000519,Priya Silva,priya.silva519@example.com,Branch,Fraud,Liverpool,False,8.7
CASE000520,Mei Rossi,mei.rossi520@example.com,Chat,Service,Cardiff,True,20.4
CASE000521,Carlos Nguyen,carlos.nguyen521@example.com,Phone,Service,London,False,63.9
CASE000522,Fatima Tanaka,fatima.tanaka522@example.com,Branch,Technical,Birmingham,False,26.3
CASE000523,Ivan Brown,ivan.brown523@example.com,Phone,Other,Cardiff,True,11.3
CASE000524,Wei Tanaka,wei.tanaka524@example.com,Branch,Other,Birmingham,True,6.4
CASE000525,Mohammed Brown,mohammed.brown525@example.com,Phone,Technical,Cardiff,True,28.1
CASE000526,Hannah Silva,hannah.silva526@example.com,Branch,Service,Manchester,True,20.8
CASE000527,James Patel,james.patel527@example.com,Email,Service,Leeds,False,81.0
CASE000528,Yuki Andersson,yuki.andersson528@example.com,Branch,Service,Manchester,False,21.7
CASE000529,James Garcia,james.garcia529@example.com,Branch,Technical,Leeds,True,18.4
CASE000530,Mei Chen,mei.chen530@example.com,Chat,Technical,Glasgow,True,5.3
CASE000531,Aisha Silva,aisha.silva531@example.com,Chat,Service,Bristol,True,24.6
CASE000532,Mohammed Smith,mohammed.smith532@example.com,Chat,Billing,Cardiff,False,17.6
CASE000533,Mei Okafor,mei.okafor533@example.com,Phone,Billing,Cardiff,False,24.3
CASE000534,Ivan Smith,ivan.smith534@example.com,Branch,Fraud,Birmingham,True,35.0
CASE000535,Ivan Rossi,ivan.rossi535@example.com,Email,Billing,Manchester,False,6.2
CASE000536,Liam Patel,liam.patel536@example.com,Chat,Technical,Bristol,False,0.7
CASE000537,James Khan,james.khan537@example.com,Phone,Fraud,Leeds,False,21.0
CASE000538,Olu Nguyen,olu.nguyen538@example.com,Branch,Billing,Liverpool,True,6.0
CASE000539,James Tanaka,james.tanaka539@example.com,Branch,Billing,Glasgow,True,11.8
CASE000540,Aisha Andersson,aisha.andersson540@example.com,Chat,Service,Bristol,False,10.7
CASE000541,James Kowalski,james.kowalski541@example.com,Chat,Other,Birmingham,True,11.5
CASE000542,Aisha Rossi,aisha.rossi542@example.com,Chat,Technical,Leeds,False,10.6
CASE000543,Fatima Garcia,fatima.garcia543@example.com,Branch,Service,Liverpool,True,7.0
CASE000544,Ivan Garcia,ivan.garcia544@example.com,Chat,Service,Manchester,True,7.8
CASE000545,Sofia Smith,sofia.smith545@example.com,Branch,Other,Cardiff,True,13.1
CASE000546,Aisha Patel,aisha.patel546@example.com,Email,Technical,Bristol,True,6.3
CASE000547,Priya Okafor,priya.okafor547@example.com,Email,Fraud,Liverpool,True,18.5
CASE000548,Liam Tanaka,liam.tanaka548@example.com,Branch,Fraud,Birmingham,False,12.7
CASE000549,Priya Kowalski,priya.kowalski549@example.com,Chat,Technical,Bristol,True,13.3
CASE000550,James Ahmed,james.ahmed550@example.com,Chat,Technical,Glasgow,True,8.6
CASE000551,Olu Silva,olu.silva551@example.com,Chat,Service,London,True,30.7
CASE000552,Mei Andersson,mei.andersson552@example.com,Email,Billing,London,True,7.8
CASE000553,James Ahmed,james.ahmed553@example.com,Phone,Other,Birmingham,True,14.5
CASE000554,Liam Rossi,liam.rossi554@example.com,Branch,Fraud,Leeds,False,24.6
CASE000555,Liam Smith,liam.smith555@example.com,Branch,Other,Birmingham,True,4.0
CASE000556,Liam Andersson,liam.andersson556@example.com,Chat,Other,Leeds,False,7.8
CASE000557,Mohammed Chen,mohammed.chen557@example.com,Phone,Fraud,Cardiff,True,14.0
CASE000558,Olu Khan,olu.khan558@example.com,Chat,Other,Cardiff,True,7.4
CASE000559,Olu Silva,olu.silva559@example.com,Chat,Fraud,Bristol,True,24.2
CASE000560,Wei Khan,wei.khan560@example.com,Chat,Billing,Leeds,False,7.1
CASE000561,Mohammed Okafor,mohammed.okafor561@example.com,Chat,Technical,Liverpool,True,19.6
CASE000562,Noah Nguyen,noah.nguyen562@example.com,Phone,Fraud,Liverpool,False,7.2
CASE000563,Hannah Rossi,hannah.rossi563@example.com,Email,Service,Bristol,True,15.0
CASE000564,Wei Chen,wei.chen564@example.com,Branch,Service,Leeds,True,19.9
CASE000565,Sofia Chen,sofia.chen565@example.com,Chat,Other,Liverpool,True,8.1
CASE000566,Noah Smith,noah.smith566@example.com,Phone,Other,Glasgow,True,36.5
CASE000567,Hannah Silva,hannah.silva567@example.com,Email,Other,Liverpool,False,13.0
CASE000568,Wei Ahmed,wei.ahmed568@example.com,Branch,Fraud,Glasgow,False,4.6
CASE000569,Mei Garcia,mei.garcia569@example.com,Branch,Billing,Cardiff,False,28.4
CASE000570,James Nguyen,james.nguyen570@example.com,Email,Technical,Birmingham,True,1.3
CASE000571,Liam Chen,liam.chen571@example.com,Branch,Other,Bristol,True,12.1
CASE000572,James Kowalski,james.kowalski572@example.com,Phone,Billing,London,True,7.2
CASE000573,Mohammed Smith,mohammed.smith573@example.com,Phone,Other,Leeds,True,9.5
CASE000574,Noah Ahmed,noah.ahmed574@example.com,Chat,Fraud,Bristol,False,41.6
CASE000575,Liam Ahmed,liam.ahmed575@example.com,Chat,Other,Cardiff,False,23.3
CASE000576,Mary Okafor,mary.okafor576@example.com,Email,Billing,Liverpool,True,37.2
CASE000577,Olu Silva,olu.silva577@example.com,Branch,Other,Birmingham,True,16.2
CASE000578,Priya Nguyen,priya.nguyen578@example.com,Phone,Service,London,False,5.2
CASE000579,Olu Ali,olu.ali579@example.com,Email,Service,Liverpool,True,11.3
CASE000580,Mohammed Brown,mohammed.brown580@example.com,Phone,Technical,Liverpool,True,5.5
CASE000581,Mohammed Chen,mohammed.chen581@example.com,Email,Service,Cardiff,False,15.6
CASE000582,Ivan Okafor,ivan.okafor582@example.com,Email,Billing,Glasgow,False,42.4
CASE000583,Yuki Ahmed,yuki.ahmed583@example.com,Branch,Billing,Liverpool,True,6.0
CASE000584,Sofia Garcia,sofia.garcia584@example.com,Branch,Billing,Birmingham,True,9.9
CASE000585,Carlos Brown,carlos.brown585@example.com,Phone,Other,London,True,22.1
CASE000586,Mohammed Garcia,mohammed.garcia586@example.com,Phone,Service,Liverpool,True,2.2
CASE000587,Mary Okafor,mary.okafor587@example.com,Branch,Fraud,Leeds,True,26.8
CASE000588,Liam Kowalski,liam.kowalski588@example.com,Chat,Other,Manchester,True,18.6
CASE000589,Mohammed Garcia,mohammed.garcia589@example.com,Phone,Other,Birmingham,False,30.9
CASE000590,Carlos Tanaka,carlos.tanaka590@example.com,Email,Technical,Liverpool,True,12.1
CASE000591,Yuki Ahmed,yuki.ahmed591@example.com,Phone,Fraud,Leeds,True,3.8
CASE000592,Priya Patel,priya.patel592@example.com,Email,Service,Birmingham,True,21.1
CASE000593,Priya Rossi,priya.rossi593@example.com,Email,Service,Bristol,True,2.5
CASE000594,Wei Nguyen,wei.nguyen594@example.com,Chat,Billing,London,True,13.4
CASE000595,Aisha Okafor,aisha.okafor595@example.com,Branch,Fraud,London,False,22.9
CASE000596,Hannah Smith,hannah.smith596@example.com,Chat,Service,Birmingham,False,16.3
CASE000597,Carlos Andersson,carlos.andersson597@example.com,Chat,Other,Birmingham,True,9.7
CASE000598,Noah Andersson,noah.andersson598@example.com,Phone,Fraud,Bristol,False,28.8
CASE000599,Yuki Nguyen,yuki.nguyen599@example.com,Branch,Fraud,Liverpool,False,2.8
CASE000600,James Okafor,james.okafor600@example.com,Branch,Billing,Manchester,True,18.7
CASE000601,Noah Okafor,noah.okafor601@example.com,Email,Billing,Leeds,True,1.8
CASE000602,Sofia Andersson,sofia.andersson602@example.com,Chat,Other,Bristol,False,10.3
CASE000603,Liam Nguyen,liam.nguyen603@example.com,Branch,Fraud,Bristol,False,10.9
CASE000604,Noah Chen,noah.chen604@example.com,Branch,Fraud,Bristol,True,46.1
CASE000605,Hannah Rossi,hannah.rossi605@example.com,Branch,Service,Liverpool,True,9.6
CASE000606,Yuki Ali,yuki.ali606@example.com,Phone,Service,Cardiff,True,11.9
CASE000607,Carlos Brown,carlos.brown607@example.com,Phone,Fraud,Glasgow,True,1.9
CASE000608,Noah Tanaka,noah.tanaka608@example.com,Phone,Billing,Manchester,True,21.5
CASE000609,Yuki Andersson,yuki.andersson609@example.com,Chat,Other,Birmingham,False,5.7
CASE000610,Sofia Nguyen,sofia.nguyen610@example.com,Email,Fraud,Bristol,False,9.6
CASE000611,Wei Brown,wei.brown611@example.com,Phone,Service,Manchester,False,26.7
CASE000612,Mei Garcia,mei.garcia612@example.com,Chat,Service,Leeds,True,23.8
CASE000613,Ivan Brown,ivan.brown613@example.com,Chat,Service,Manchester,True,13.0
CASE000614,Noah Tanaka,noah.tanaka614@example.com,Phone,Technical,Leeds,False,23.4
CASE000615,Hannah Kowalski,hannah.kowalski615@example.com,Phone,Billing,Manchester,True,2.3
CASE000616,Mei Smith,mei.smith616@example.com,Email,Other,London,False,10.0
CASE000617,Priya Nguyen,priya.nguyen617@example.com,Branch,Technical,Liverpool,False,8.1
CASE000618,Hannah Okafor,hannah.okafor618@example.com,Phone,Other,Glasgow,False,7.4
CASE000619,Noah Brown,noah.brown619@example.com,Chat,Service,London,True,0.6
CASE000620,Hannah Nguyen,hannah.nguyen620@example.com,Email,Fraud,Bristol,True,1.2
CASE000621,Fatima Silva,fatima.silva621@example.com,Phone,Other,Manchester,False,20.8
CASE000622,Liam Ali,liam.ali622@example.com,Branch,Fraud,Leeds,True,30.6
CASE000623,Hannah Andersson,hannah.andersson623@example.com,Branch,Billing,Bristol,True,31.1
CASE000624,Hannah Brown,hannah.brown624@example.com,Email,Billing,London,True,44.9
CASE000625,Ivan Kowalski,ivan.kowalski625@example.com,Email,Billing,Cardiff,True,12.4
CASE000626,Mohammed Smith,mohammed.smith626@example.com,Phone,Service,Birmingham,False,31.0
CASE000627,Mohammed Rossi,mohammed.rossi627@example.com,Email,Other,Cardiff,True,9.6
CASE000628,Hannah Rossi,hannah.rossi628@example.com,Email,Other,Liverpool,True,28.4
CASE000629,Mohammed Chen,mohammed.chen629@example.com,Branch,Other,Manchester,True,14.3
CASE000630,Liam Ahmed,liam.ahmed630@example.com,Phone,Fraud,Birmingham,True,26.5
CASE000631,Liam Khan,liam.khan631@example.com,Branch,Service,Bristol,True,1.5
CASE000632,Carlos Rossi,carlos.rossi632@example.com,Branch,Billing,Cardiff,False,6.7
CASE000633,Mary Brown,mary.brown633@example.com,Email,Billing,Birmingham,True,6.7
CASE000634,Aisha Patel,aisha.patel634@example.com,Email,Fraud,London,True,3.6
CASE000635,Aisha Nguyen,aisha.nguyen635@example.com,Chat,Billing,Bristol,True,19.8
CASE000636,Mohammed Kowalski,mohammed.kowalski636@example.com,Email,Other,Glasgow,True,10.7
CASE000637,Mohammed Ali,mohammed.ali637@example.com,Branch,Fraud,Bristol,False,20.5
CASE000638,Priya Ahmed,priya.ahmed638@example.com,Branch,Technical,Liverpool,True,30.1
CASE000639,Priya Chen,priya.chen639@example.com,Email,Service,Birmingham,True,24.7
CASE000640,Ivan Okafor,ivan.okafor640@example.com,Branch,Other,Cardiff,True,6.9
CASE000641,Carlos Ahmed,carlos.ahmed641@example.com,Branch,Other,Glasgow,False,10.5
CASE000642,Sofia Ahmed,sofia.ahmed642@example.com,Email,Billing,Leeds,False,15.4
CASE000643,Aisha Okafor,aisha.okafor643@example.com,Branch,Fraud,Manchester,True,44.7
CASE000644,Mary Khan,mary.khan644@example.com,Phone,Fraud,Bristol,True,12.3
CASE000645,Ivan Patel,ivan.patel645@example.com,Phone,Technical,Manchester,True,9.2
CASE000646,Priya Ahmed,priya.ahmed646@example.com,Branch,Other,Manchester,True,3.4
CASE000647,Carlos Nguyen,carlos.nguyen647@example.com,Chat,Billing,Bristol,True,20.2
CASE000648,Hannah Khan,hannah.khan648@example.com,Chat,Technical,Bristol,True,2.6
CASE000649,Mary Silva,mary.silva649@example.com,Phone,Billing,Glasgow,False,25.3
CASE000650,Hannah Silva,hannah.silva650@example.com,Phone,Billing,Birmingham,True,15.5
CASE000651,Yuki Chen,yuki.chen651@example.com,Chat,Technical,Glasgow,False,11.1
CASE000652,Fatima Smith,fatima.smith652@example.com,Email,Billing,London,True,16.1
CASE000653,Yuki Ali,yuki.ali653@example.com,Phone,Billing,Bristol,True,7.1
CASE000654,Mei Kowalski,mei.kowalski654@example.com,Branch,Technical,Cardiff,True,9.4
CASE000655,Aisha Garcia,aisha.garcia655@example.com,Branch,Billing,Leeds,True,7.6
CASE000656,Hannah Chen,hannah.chen656@example.com,Branch,Other,Birmingham,True,37.4
CASE000657,Fatima Brown,fatima.brown657@example.com,Chat,Other,London,True,16.4
CASE000658,Priya Ali,priya.ali658@example.com,Email,Fraud,Manchester,True,14.9
CASE000659,Aisha Smith,aisha.smith659@example.com,Email,Service,Cardiff,False,12.9
CASE000660,Wei Okafor,wei.okafor660@example.com,Branch,Technical,London,False,33.7
CASE000661,Fatima Okafor,fatima.okafor661@example.com,Branch,Fraud,Cardiff,True,30.2
CASE000662,Olu Andersson,olu.andersson662@example.com,Phone,Other,Leeds,True,53.8
CASE000663,Noah Ahmed,noah.ahmed663@example.com,Branch,Billing,Leeds,False,46.6
CASE000664,Sofia Kowalski,sofia.kowalski664@example.com,Chat,Fraud,Manchester,False,22.3
CASE000665,Mei Kowalski,mei.kowalski665@example.com,Branch,Billing,Bristol,False,8.5
CASE000666,Wei Khan,wei.khan666@example.com,Email,Service,Leeds,True,13.2
CASE000667,Hannah Ahmed,hannah.ahmed667@example.com,Chat,Fraud,Bristol,True,35.1
CASE000668,Wei Rossi,wei.rossi668@example.com,Phone,Fraud,Manchester,False,11.7
CASE000669,Carlos Garcia,carlos.garcia669@example.com,Branch,Other,Liverpool,True,9.0
CASE000670,Yuki Okafor,yuki.okafor670@example.com,Phone,Billing,Glasgow,True,17.8
CASE000671,Yuki Okafor,yuki.okafor671@example.com,Phone,Fraud,Manchester,True,10.8
CASE000672,Noah Silva,noah.silva672@example.com,Branch,Technical,Glasgow,False,13.3
CASE000673,Fatima Tanaka,fatima.tanaka673@example.com,Email,Service,Bristol,True,9.2
CASE000674,Mei Nguyen,mei.nguyen674@example.com,Email,Service,Liverpool,False,24.0
CASE000675,Ivan Patel,ivan.patel675@example.com,Email,Other,Leeds,False,12.9
CASE000676,Aisha Garcia,aisha.garcia676@example.com,Branch,Other,Glasgow,True,22.3
CASE000677,James Ali,james.ali677@example.com,Chat,Technical,London,False,40.9
CASE000678,Hannah Tanaka,hannah.tanaka678@example.com,Branch,Technical,Leeds,True,9.8
CASE000679,Fatima Tanaka,fatima.tanaka679@example.com,Chat,Billing,London,True,38.6
CASE000680,Mohammed Rossi,mohammed.rossi680@example.com,Chat,Other,Manchester,True,5.3
CASE000681,Wei Tanaka,wei.tanaka681@example.com,Email,Fraud,Leeds,True,25.6
CASE000682,Wei Andersson,wei.andersson682@example.com,Chat,Other,Birmingham,True,14.0
CASE000683,James Kowalski,james.kowalski683@example.com,Phone,Other,Liverpool,True,10.1
CASE000684,James Garcia,james.garcia684@example.com,Phone,Service,Liverpool,True,6.5
CASE000685,Noah Patel,noah.patel685@example.com,Branch,Service,Liverpool,False,7.0
CASE000686,Carlos Smith,carlos.smith686@example.com,Phone,Service,Glasgow,False,21.8
CASE000687,Mohammed Patel,mohammed.patel687@example.com,Branch,Technical,Glasgow,True,27.8
CASE000688,Noah Garcia,noah.garcia688@example.com,Branch,Technical,London,True,16.5
CASE000689,Noah Smith,noah.smith689@example.com,Phone,Other,London,True,15.4
CASE000690,Liam Chen,liam.chen690@example.com,Branch,Technical,Birmingham,True,16.1
CASE000691,Carlos Rossi,carlos.rossi691@example.com,Phone,Fraud,Glasgow,False,3.7
CASE000692,Aisha Tanaka,aisha.tanaka692@example.com,Chat,Other,Cardiff,True,26.7
CASE000693,Liam Ali,liam.ali693@example.com,Phone,Fraud,London,True,4.6
CASE000694,Ivan Patel,ivan.patel694@example.com,Phone,Billing,Manchester,True,56.9
CASE000695,Wei Patel,wei.patel695@example.com,Phone,Other,Birmingham,True,21.3
CASE000696,Fatima Tanaka,fatima.tanaka696@example.com,Chat,Other,Leeds,True,7.8
CASE000697,Sofia Tanaka,sofia.tanaka697@example.com,Chat,Fraud,London,False,19.8
CASE000698,Olu Nguyen,olu.nguyen698@example.com,Chat,Fraud,Birmingham,False,12.7
CASE000699,Carlos Nguyen,carlos.nguyen699@example.com,Chat,Service,Glasgow,True,47.6
CASE000700,Sofia Okafor,sofia.okafor700@example.com,Email,Billing,Birmingham,True,18.7
CASE000701,Carlos Nguyen,carlos.nguyen701@example.com,Phone,Fraud,Cardiff,False,17.1
CASE000702,Hannah Chen,hannah.chen702@example.com,Email,Billing,Bristol,True,35.5
CASE000703,Fatima Patel,fatima.patel703@example.com,Chat,Other,Glasgow,False,10.8
CASE000704,James Smith,james.smith704@example.com,Branch,Billing,Manchester,True,16.7
CASE000705,Fatima Ahmed,fatima.ahmed705@example.com,Chat,Technical,Cardiff,True,26.6
CASE000706,Mohammed Garcia,mohammed.garcia706@example.com,Chat,Other,Leeds,True,19.5
CASE000707,Fatima Silva,fatima.silva707@example.com,Chat,Service,Manchester,True,13.7
CASE000708,Mary Smith,mary.smith708@example.com,Email,Service,London,False,17.9
CASE000709,Mohammed Okafor,mohammed.okafor709@example.com,Email,Technical,Cardiff,True,37.9
CASE000710,Yuki Rossi,yuki.rossi710@example.com,Phone,Service,Bristol,True,18.8
CASE000711,Olu Ali,olu.ali711@example.com,Phone,Service,Bristol,True,16.4
CASE000712,Carlos Chen,carlos.chen712@example.com,Phone,Technical,London,True,38.7
CASE000713,Yuki Smith,yuki.smith713@example.com,Phone,Technical,Leeds,True,15.5
CASE000714,Aisha Brown,aisha.brown714@example.com,Chat,Service,Bristol,True,10.8
CASE000715,Aisha Ahmed,aisha.ahmed715@example.com,Email,Fraud,Liverpool,True,16.8
CASE000716,Liam Chen,liam.chen716@example.com,Email,Service,Bristol,True,59.1
CASE000717,Priya Silva,priya.silva717@example.com,Chat,Billing,Liverpool,False,19.7
CASE000718,Mei Tanaka,mei.tanaka718@example.com,Phone,Service,Cardiff,False,13.7
CASE000719,Yuki Garcia,yuki.garcia719@example.com,Email,Other,Bristol,True,26.2
CASE000720,Hannah Silva,hannah.silva720@example.com,Email,Other,Bristol,True,36.9
CASE000721,Yuki Patel,yuki.patel721@example.com,Chat,Technical,Manchester,True,6.5
CASE000722,Aisha Ahmed,aisha.ahmed722@example.com,Chat,Fraud,Manchester,False,5.1
CASE000723,Sofia Kowalski,sofia.kowalski723@example.com,Phone,Service,Cardiff,True,13.4
CASE000724,Mary Khan,mary.khan724@example.com,Email,Other,Manchester,False,19.5
CASE000725,Sofia Kowalski,sofia.kowalski725@example.com,Chat,Fraud,London,True,12.9
CASE000726,Hannah Andersson,hannah.andersson726@example.com,Phone,Fraud,Glasgow,True,14.7
CASE000727,Liam Brown,liam.brown727@example.com,Chat,Technical,Glasgow,True,14.8
CASE000728,Liam Rossi,liam.rossi728@example.com,Chat,Billing,Birmingham,True,13.2
CASE000729,Ivan Patel,ivan.patel729@example.com,Chat,Technical,London,True,12.4
CASE000730,Ivan Chen,ivan.chen730@example.com,Email,Other,Glasgow,True,6.2
CASE000731,Sofia Khan,sofia.khan731@example.com,Email,Other,Liverpool,True,14.8
CASE000732,Hannah Silva,hannah.silva732@example.com,Branch,Other,Glasgow,True,19.7
CASE000733,Yuki Silva,yuki.silva733@example.com,Phone,Technical,Birmingham,True,25.4
CASE000734,Sofia Garcia,sofia.garcia734@example.com,Email,Fraud,Bristol,False,12.0
CASE000735,Carlos Silva,carlos.silva735@example.com,Chat,Other,Glasgow,True,6.7
CASE000736,Hannah Okafor,hannah.okafor736@example.com,Phone,Technical,Cardiff,False,9.3
CASE000737,Mei Khan,mei.khan737@example.com,Branch,Technical,Glasgow,False,8.7
CASE000738,Olu Brown,olu.brown738@example.com,Phone,Other,Glasgow,True,8.6
CASE000739,Fatima Ali,fatima.ali739@example.com,Email,Billing,Liverpool,False,35.3
CASE000740,Mei Khan,mei.khan740@example.com,Email,Service,London,True,10.2
CASE000741,Carlos Garcia,carlos.garcia741@example.com,Phone,Billing,Cardiff,False,15.9
CASE000742,Olu Patel,olu.patel742@example.com,Branch,Billing,Bristol,False,10.0
CASE000743,Mary Okafor,mary.okafor743@example.com,Phone,Technical,Birmingham,True,16.7
CASE000744,Liam Kowalski,liam.kowalski744@example.com,Phone,Service,Manchester,True,12.6
CASE000745,Wei Khan,wei.khan745@example.com,Chat,Billing,London,True,1.3
CASE000746,Ivan Andersson,ivan.andersson746@example.com,Branch,Service,Birmingham,False,15.0
CASE000747,Yuki Smith,yuki.smith747@example.com,Email,Service,Manchester,True,14.8
CASE000748,Noah Khan,noah.khan748@example.com,Email,Fraud,Bristol,False,27.5
CASE000749,Mary Nguyen,mary.nguyen749@example.com,Chat,Other,Bristol,True,23.7
CASE000750,Mei Silva,mei.silva750@example.com,Branch,Fraud,Bristol,True,6.3
CASE000751,Mary Brown,mary.brown751@example.com,Chat,Other,Bristol,True,40.8
CASE000752,Hannah Smith,hannah.smith752@example.com,Phone,Technical,Cardiff,True,41.9
CASE000753,Mei Smith,mei.smith753@example.com,Phone,Billing,Birmingham,True,7.7
CASE000754,Aisha Rossi,aisha.rossi754@example.com,Phone,Other,Glasgow,True,8.5
CASE000755,Noah Nguyen,noah.nguyen755@example.com,Phone,Technical,Leeds,True,13.2
CASE000756,Mohammed Okafor,mohammed.okafor756@example.com,Branch,Other,Manchester,False,38.6
CASE000757,Hannah Khan,hannah.khan757@example.com,Chat,Billing,Liverpool,True,22.3
CASE000758,James Patel,james.patel758@example.com,Branch,Billing,Leeds,True,4.9
CASE000759,Carlos Garcia,carlos.garcia759@example.com,Email,Service,Birmingham,False,5.8
CASE000760,Olu Khan,olu.khan760@example.com,Phone,Technical,London,False,14.0
CASE000761,Ivan Ali,ivan.ali761@example.com,Chat,Other,Birmingham,True,17.7
CASE000762,Ivan Smith,ivan.smith762@example.com,Chat,Technical,Leeds,True,22.0
CASE000763,Ivan Silva,ivan.silva763@example.com,Branch,Other,Birmingham,True,12.6
CASE000764,Priya Garcia,priya.garcia764@example.com,Email,Fraud,London,True,23.4
CASE000765,Fatima Nguyen,fatima.nguyen765@example.com,Phone,Other,Bristol,False,15.6
CASE000766,James Patel,james.patel766@example.com,Branch,Fraud,Bristol,False,5.6
CASE000767,Carlos Okafor,carlos.okafor767@example.com,Chat,Fraud,Leeds,True,4.3
CASE000768,Sofia Patel,sofia.patel768@example.com,Branch,Other,Leeds,False,21.9
CASE000769,Hannah Brown,hannah.brown769@example.com,Chat,Technical,London,False,6.8
CASE000770,Mei Khan,mei.khan770@example.com,Branch,Fraud,Leeds,True,12.4
CASE000771,Olu Okafor,olu.okafor771@example.com,Email,Billing,Glasgow,False,18.9
CASE000772,Mei Brown,mei.brown772@example.com,Email,Fraud,Leeds,True,2.6
CASE000773,Mohammed Ali,mohammed.ali773@example.com,Email,Other,Bristol,True,17.1
CASE000774,Carlos Chen,carlos.chen774@example.com,Chat,Other,London,True,12.3
CASE000775,Yuki Patel,yuki.patel775@example.com,Chat,Other,Glasgow,False,33.2
CASE000776,Wei Smith,wei.smith776@example.com,Chat,Fraud,Leeds,False,16.1
CASE000777,Yuki Tanaka,yuki.tanaka777@example.com,Email,Technical,Bristol,True,28.2
CASE000778,Yuki Rossi,yuki.rossi778@example.com,Branch,Other,Leeds,False,9.5
CASE000779,Hannah Chen,hannah.chen779@example.com,Phone,Service,Cardiff,True,11.6
CASE000780,Fatima Smith,fatima.smith780@example.com,Branch,Technical,Birmingham,True,14.5
CASE000781,Liam Rossi,liam.rossi781@example.com,Email,Technical,Bristol,True,22.5
CASE000782,Mary Kowalski,mary.kowalski782@example.com,Branch,Technical,Glasgow,True,5.8
CASE000783,James Okafor,james.okafor783@example.com,Phone,Service,Birmingham,True,54.7
CASE000784,Carlos Patel,carlos.patel784@example.com,Phone,Fraud,Bristol,False,33.1
CASE000785,Noah Garcia,noah.garcia785@example.com,Phone,Billing,London,True,19.5
CASE000786,Noah Ahmed,noah.ahmed786@example.com,Branch,Fraud,Liverpool,True,8.2
CASE000787,Wei Okafor,wei.okafor787@example.com,Phone,Technical,Cardiff,False,8.1
CASE000788,Mei Andersson,mei.andersson788@example.com,Phone,Other,Cardiff,False,12.0
CASE000789,Mohammed Smith,mohammed.smith789@example.com,Chat,Billing,Liverpool,True,17.7
CASE000790,Priya Ali,priya.ali790@example.com,Phone,Fraud,London,True,6.8
CASE000791,James Kowalski,james.kowalski791@example.com,Phone,Service,Cardiff,True,25.4
CASE000792,Sofia Patel,sofia.patel792@example.com,Chat,Service,Glasgow,False,16.5
CASE000793,Mary Silva,mary.silva793@example.com,Chat,Fraud,London,True,41.8
CASE000794,James Nguyen,james.nguyen794@example.com,Phone,Service,London,True,46.2
CASE000795,Mohammed Rossi,mohammed.rossi795@example.com,Email,Technical,London,True,7.4
CASE000796,Liam Garcia,liam.garcia796@example.com,Phone,Service,Bristol,True,12.0
CASE000797,Mary Silva,mary.silva797@example.com,Branch,Billing,Glasgow,True,2.9
CASE000798,Aisha Garcia,aisha.garcia798@example.com,Phone,Billing,Bristol,False,7.1
CASE000799,Mei Chen,mei.chen799@example.com,Branch,Fraud,Glasgow,False,1.9
CASE000800,Yuki Smith,yuki.smith800@example.com,Branch,Technical,Leeds,False,9.6
CASE000801,Hannah Nguyen,hannah.nguyen801@example.com,Chat,Service,Manchester,True,15.3
CASE000802,Mei Khan,mei.khan802@example.com,Phone,Technical,Glasgow,False,3.9
CASE000803,Yuki Brown,yuki.brown803@example.com,Chat,Other,Birmingham,False,18.7
CASE000804,Mary Ali,mary.ali804@example.com,Chat,Fraud,London,False,11.8
CASE000805,Olu Smith,olu.smith805@example.com,Branch,Technical,Birmingham,True,13.1
CASE000806,Wei Brown,wei.brown806@example.com,Chat,Service,London,False,32.5
CASE000807,James Khan,james.khan807@example.com,Phone,Billing,Leeds,True,4.7
CASE000808,Mohammed Nguyen,mohammed.nguyen808@example.com,Email,Other,Glasgow,True,13.0
CASE000809,Sofia Garcia,sofia.garcia809@example.com,Email,Service,London,False,11.2
CASE000810,Hannah Chen,hannah.chen810@example.com,Chat,Service,Birmingham,True,7.0
CASE000811,Liam Rossi,liam.rossi811@example.com,Phone,Billing,Cardiff,True,18.6
CASE000812,Liam Rossi,liam.rossi812@example.com,Branch,Fraud,Bristol,True,39.3
CASE000813,Aisha Smith,aisha.smith813@example.com,Branch,Fraud,Glasgow,True,23.2
CASE000814,Ivan Nguyen,ivan.nguyen814@example.com,Chat,Billing,Bristol,True,32.4
CASE000815,Mary Khan,mary.khan815@example.com,Chat,Fraud,Glasgow,False,17.9
CASE000816,Liam Kowalski,liam.kowalski816@example.com,Email,Other,Leeds,True,19.4
CASE000817,Sofia Tanaka,sofia.tanaka817@example.com,Email,Other,Cardiff,True,13.1
CASE000818,Mei Ali,mei.ali818@example.com,Branch,Technical,Bristol,True,6.4
CASE000819,Priya Ali,priya.ali819@example.com,Branch,Service,London,True,14.4
CASE000820,Hannah Garcia,hannah.garcia820@example.com,Chat,Fraud,London,True,28.6
CASE000821,Priya Patel,priya.patel821@example.com,Phone,Billing,Manchester,True,13.7
CASE000822,Priya Chen,priya.chen822@example.com,Email,Service,Glasgow,True,5.2
CASE000823,Mary Rossi,mary.rossi823@example.com,Phone,Technical,Bristol,True,16.9
CASE000824,Hannah Garcia,hannah.garcia824@example.com,Email,Fraud,Birmingham,True,7.8
CASE000825,Hannah Smith,hannah.smith825@example.com,Email,Billing,Leeds,True,5.0
CASE000826,Wei Patel,wei.patel826@example.com,Email,Service,London,False,8.1
CASE000827,Mary Ali,mary.ali827@example.com,Branch,Billing,Birmingham,False,5.2
CASE000828,Noah Garcia,noah.garcia828@example.com,Chat,Technical,Leeds,True,5.0
CASE000829,Noah Rossi,noah.rossi829@example.com,Branch,Other,Manchester,True,19.5
CASE000830,Liam Nguyen,liam.nguyen830@example.com,Phone,Technical,London,True,6.8
CASE000831,Mary Ahmed,mary.ahmed831@example.com,Email,Other,Leeds,True,1.4
CASE000832,Hannah Ahmed,hannah.ahmed832@example.com,Email,Service,Leeds,True,37.7
CASE000833,Priya Silva,priya.silva833@example.com,Email,Technical,Leeds,True,35.6
CASE000834,Yuki Rossi,yuki.rossi834@example.com,Email,Billing,Glasgow,True,10.5
CASE000835,Mohammed Brown,mohammed.brown835@example.com,Chat,Technical,Cardiff,True,6.9
CASE000836,Aisha Chen,aisha.chen836@example.com,Chat,Billing,Glasgow,False,15.9
CASE000837,Olu Khan,olu.khan837@example.com,Email,Billing,Birmingham,False,20.0
CASE000838,Olu Tanaka,olu.tanaka838@example.com,Chat,Billing,Birmingham,True,24.4
CASE000839,James Patel,james.patel839@example.com,Chat,Other,Leeds,False,34.2
CASE000840,Carlos Silva,carlos.silva840@example.com,Branch,Service,London,True,20.1
CASE000841,Priya Silva,priya.silva841@example.com,Email,Billing,Leeds,True,72.1
CASE000842,Fatima Smith,fatima.smith842@example.com,Branch,Service,Birmingham,True,8.0
CASE000843,Wei Rossi,wei.rossi843@example.com,Branch,Other,Birmingham,True,5.4
CASE000844,Carlos Rossi,carlos.rossi844@example.com,Email,Service,London,True,3.3
CASE000845,Fatima Kowalski,fatima.kowalski845@example.com,Email,Service,Leeds,False,5.5
CASE000846,Aisha Tanaka,aisha.tanaka846@example.com,Phone,Technical,Birmingham,True,36.8
CASE000847,Mei Ali,mei.ali847@example.com,Email,Billing,Leeds,True,4.9
CASE000848,Carlos Patel,carlos.patel848@example.com,Branch,Technical,London,True,9.2
CASE000849,Fatima Andersson,fatima.andersson849@example.com,Branch,Fraud,Leeds,True,30.2
CASE000850,Liam Garcia,liam.garcia850@example.com,Branch,Billing,Cardiff,False,13.8
CASE000851,Olu Kowalski,olu.kowalski851@example.com,Phone,Other,Cardiff,False,4.1
CASE000852,Fatima Smith,fatima.smith852@example.com,Email,Billing,Glasgow,True,4.7
CASE000853,Priya Ali,priya.ali853@example.com,Chat,Billing,Leeds,True,9.6
CASE000854,Olu Brown,olu.brown854@example.com,Branch,Fraud,London,True,6.1
CASE000855,Priya Ali,priya.ali855@example.com,Chat,Billing,Glasgow,True,8.8
CASE000856,Mei Rossi,mei.rossi856@example.com,Chat,Service,Bristol,False,6.8
CASE000857,Aisha Brown,aisha.brown857@example.com,Chat,Fraud,Bristol,True,28.3
CASE000858,Mary Chen,mary.chen858@example.com,Branch,Other,Bristol,True,23.7
CASE000859,Yuki Tanaka,yuki.tanaka859@example.com,Phone,Fraud,Bristol,False,24.0
CASE000860,Priya Garcia,priya.garcia860@example.com,Phone,Service,Birmingham,True,14.8
CASE000861,Aisha Ali,aisha.ali861@example.com,Phone,Billing,London,True,12.4
CASE000862,Fatima Garcia,fatima.garcia862@example.com,Chat,Technical,Liverpool,True,10.6
CASE000863,Ivan Khan,ivan.khan863@example.com,Phone,Service,Birmingham,False,5.5
CASE000864,Aisha Ali,aisha.ali864@example.com,Chat,Service,Glasgow,True,32.4
CASE000865,Ivan Khan,ivan.khan865@example.com,Branch,Technical,Leeds,True,11.8
CASE000866,Mohammed Silva,mohammed.silva866@example.com,Email,Service,Leeds,True,8.2
CASE000867,Hannah Tanaka,hannah.tanaka867@example.com,Phone,Other,Manchester,True,2.8
CASE000868,James Okafor,james.okafor868@example.com,Phone,Other,Bristol,True,12.0
CASE000869,Fatima Garcia,fatima.garcia869@example.com,Phone,Other,Liverpool,True,10.8
CASE000870,Carlos Ali,carlos.ali870@example.com,Phone,Billing,London,True,18.5
CASE000871,James Tanaka,james.tanaka871@example.com,Chat,Fraud,Birmingham,True,11.4
CASE000872,Sofia Okafor,sofia.okafor872@example.com,Email,Technical,Cardiff,True,16.2
CASE000873,Carlos Silva,carlos.silva873@example.com,Phone,Fraud,London,True,12.5
CASE000874,Mohammed Kowalski,mohammed.kowalski874@example.com,Chat,Fraud,Bristol,True,16.4
CASE000875,Hannah Brown,hannah.brown875@example.com,Branch,Other,Birmingham,False,15.2
CASE000876,Wei Chen,wei.chen876@example.com,Phone,Fraud,Cardiff,False,6.6
CASE000877,Mei Patel,mei.patel877@example.com,Email,Technical,Leeds,False,14.9
CASE000878,Mei Andersson,mei.andersson878@example.com,Email,Billing,Leeds,True,3.4
CASE000879,Yuki Kowalski,yuki.kowalski879@example.com,Branch,Technical,Birmingham,True,13.4
CASE000880,Wei Andersson,wei.andersson880@example.com,Branch,Service,Leeds,False,16.4
CASE000881,Hannah Tanaka,hannah.tanaka881@example.com,Branch,Service,London,False,16.4
CASE000882,Yuki Khan,yuki.khan882@example.com,Email,Service,Liverpool,True,45.4
CASE000883,Wei Smith,wei.smith883@example.com,Email,Other,Bristol,False,18.6
CASE000884,Sofia Ali,sofia.ali884@example.com,Email,Service,Bristol,False,59.7
CASE000885,Ivan Tanaka,ivan.tanaka885@example.com,Phone,Billing,Manchester,False,9.2
CASE000886,James Silva,james.silva886@example.com,Phone,Service,London,False,19.4
CASE000887,Noah Garcia,noah.garcia887@example.com,Phone,Service,Liverpool,True,18.6
CASE000888,Priya Ali,priya.ali888@example.com,Phone,Billing,Birmingham,True,22.5
CASE000889,Hannah Nguyen,hannah.nguyen889@example.com,Branch,Fraud,Manchester,True,13.9
CASE000890,James Chen,james.chen890@example.com,Phone,Technical,Birmingham,True,42.4
CASE000891,Carlos Chen,carlos.chen891@example.com,Branch,Billing,Cardiff,False,9.4
CASE000892,Carlos Rossi,carlos.rossi892@example.com,Branch,Technical,Leeds,True,3.6
CASE000893,Mei Brown,mei.brown893@example.com,Branch,Fraud,Birmingham,True,4.1
CASE000894,Priya Kowalski,priya.kowalski894@example.com,Chat,Technical,Manchester,True,0.7
CASE000895,James Silva,james.silva895@example.com,Email,Fraud,Glasgow,True,9.5
CASE000896,Ivan Garcia,ivan.garcia896@example.com,Chat,Other,London,False,8.0
CASE000897,Fatima Khan,fatima.khan897@example.com,Chat,Technical,Liverpool,False,36.6
CASE000898,Priya Silva,priya.silva898@example.com,Branch,Service,Cardiff,True,22.1
CASE000899,Noah Andersson,noah.andersson899@example.com,Chat,Technical,London,True,2.3
CASE000900,Sofia Chen,sofia.chen900@example.com,Chat,Other,Manchester,True,11.6
CASE000901,Wei Ali,wei.ali901@example.com,Phone,Technical,Glasgow,False,11.4
CASE000902,Fatima Silva,fatima.silva902@example.com,Email,Fraud,Leeds,True,8.2
CASE000903,Liam Nguyen,liam.nguyen903@example.com,Branch,Billing,Leeds,True,31.9
CASE000904,Aisha Brown,aisha.brown904@example.com,Phone,Fraud,Leeds,True,15.1
CASE000905,Priya Patel,priya.patel905@example.com,Phone,Fraud,Manchester,True,12.9
CASE000906,Mei Brown,mei.brown906@example.com,Chat,Technical,Manchester,True,41.3
CASE000907,Sofia Tanaka,sofia.tanaka907@example.com,Branch,Service,Bristol,True,3.9
CASE000908,James Rossi,james.rossi908@example.com,Email,Technical,Birmingham,True,14.5
CASE000909,Aisha Kowalski,aisha.kowalski909@example.com,Branch,Other,London,True,1.9
CASE000910,Noah Silva,noah.silva910@example.com,Email,Fraud,Manchester,True,28.0
CASE000911,Sofia Brown,sofia.brown911@example.com,Email,Fraud,Liverpool,True,15.4
CASE000912,Wei Okafor,wei.okafor912@example.com,Email,Billing,Cardiff,False,19.2
CASE000913,Olu Nguyen,olu.nguyen913@example.com,Phone,Other,Cardiff,False,7.6
CASE000914,Aisha Ali,aisha.ali914@example.com,Branch,Technical,London,True,7.4
CASE000915,Priya Patel,priya.patel915@example.com,Email,Service,Bristol,True,11.8
CASE000916,Hannah Okafor,hannah.okafor916@example.com,Email,Other,Cardiff,True,27.8
CASE000917,Mohammed Nguyen,mohammed.nguyen917@example.com,Phone,Billing,London,True,7.2
CASE000918,Sofia Smith,sofia.smith918@example.com,Chat,Technical,Bristol,True,14.9
CASE000919,Ivan Ahmed,ivan.ahmed919@example.com,Email,Billing,Leeds,False,10.3
CASE000920,Priya Khan,priya.khan920@example.com,Branch,Service,Birmingham,False,2.3
CASE000921,Fatima Ahmed,fatima.ahmed921@example.com,Phone,Billing,Birmingham,False,3.2
CASE000922,Carlos Smith,carlos.smith922@example.com,Email,Technical,Cardiff,True,27.5
CASE000923,Priya Ahmed,priya.ahmed923@example.com,Email,Billing,Glasgow,False,6.8
CASE000924,Aisha Khan,aisha.khan924@example.com,Email,Fraud,Bristol,False,18.5
CASE000925,Sofia Khan,sofia.khan925@example.com,Branch,Service,Birmingham,False,5.5
CASE000926,Mei Okafor,mei.okafor926@example.com,Branch,Fraud,Manchester,False,8.0
CASE000927,Priya Smith,priya.smith927@example.com,Email,Fraud,Cardiff,True,15.1
CASE000928,Mary Ali,mary.ali928@example.com,Phone,Billing,Leeds,True,11.4
CASE000929,Liam Ali,liam.ali929@example.com,Email,Fraud,London,True,23.3
CASE000930,Hannah Chen,hannah.chen930@example.com,Chat,Technical,Leeds,True,14.2
CASE000931,Aisha Nguyen,aisha.nguyen931@example.com,Phone,Billing,London,True,6.6
CASE000932,Sofia Andersson,sofia.andersson932@example.com,Email,Service,Liverpool,True,29.7
CASE000933,Olu Ali,olu.ali933@example.com,Branch,Billing,Cardiff,True,14.6
CASE000934,Mohammed Okafor,mohammed.okafor934@example.com,Email,Fraud,Cardiff,False,8.1
CASE000935,Sofia Chen,sofia.chen935@example.com,Email,Other,Glasgow,False,10.9
CASE000936,Priya Rossi,priya.rossi936@example.com,Email,Billing,Liverpool,True,18.6
CASE000937,Fatima Kowalski,fatima.kowalski937@example.com,Phone,Fraud,Leeds,False,8.6
CASE000938,James Ahmed,james.ahmed938@example.com,Email,Fraud,Birmingham,True,22.5
CASE000939,Liam Brown,liam.brown939@example.com,Branch,Fraud,Manchester,True,47.2
CASE000940,Fatima Khan,fatima.khan940@example.com,Phone,Service,Bristol,False,12.9
CASE000941,Ivan Nguyen,ivan.nguyen941@example.com,Branch,Technical,Leeds,True,29.6
CASE000942,Priya Silva,priya.silva942@example.com,Branch,Billing,Cardiff,True,9.2
CASE000943,Fatima Ahmed,fatima.ahmed943@example.com,Branch,Technical,Birmingham,True,14.8
CASE000944,Aisha Rossi,aisha.rossi944@example.com,Chat,Technical,London,True,2.6
CASE000945,Noah Andersson,noah.andersson945@example.com,Branch,Service,Birmingham,True,7.5
CASE000946,Priya Nguyen,priya.nguyen946@example.com,Branch,Service,Glasgow,True,9.2
CASE000947,Liam Ali,liam.ali947@example.com,Email,Service,Cardiff,False,20.1
CASE000948,Sofia Okafor,sofia.okafor948@example.com,Chat,Service,Manchester,True,54.7
CASE000949,James Kowalski,james.kowalski949@example.com,Chat,Service,Glasgow,False,13.5
CASE000950,Yuki Smith,yuki.smith950@example.com,Branch,Billing,Manchester,False,17.6
CASE000951,Mei Chen,mei.chen951@example.com,Chat,Service,London,True,8.7
CASE000952,Sofia Nguyen,sofia.nguyen952@example.com,Email,Billing,Leeds,False,9.5
CASE000953,Liam Garcia,liam.garcia953@example.com,Branch,Service,Leeds,True,1.4
CASE000954,Wei Brown,wei.brown954@example.com,Branch,Service,Leeds,False,19.1
CASE000955,Aisha Ali,aisha.ali955@example.com,Branch,Billing,London,True,33.9
CASE000956,Liam Ali,liam.ali956@example.com,Email,Billing,Birmingham,False,21.6
CASE000957,Yuki Rossi,yuki.rossi957@example.com,Branch,Technical,Birmingham,False,22.3
CASE000958,Ivan Patel,ivan.patel958@example.com,Branch,Technical,London,True,32.3
CASE000959,Mohammed Garcia,mohammed.garcia959@example.com,Email,Billing,London,True,9.5
CASE000960,Aisha Khan,aisha.khan960@example.com,Phone,Fraud,Glasgow,True,15.6
CASE000961,Hannah Silva,hannah.silva961@example.com,Email,Fraud,Birmingham,True,4.2
CASE000962,Priya Kowalski,priya.kowalski962@example.com,Phone,Technical,Cardiff,True,25.4
CASE000963,Ivan Patel,ivan.patel963@example.com,Phone,Technical,Liverpool,True,11.2
CASE000964,Wei Rossi,wei.rossi964@example.com,Email,Technical,Glasgow,False,5.9
CASE000965,Mei Ali,mei.ali965@example.com,Email,Fraud,Bristol,False,52.0
CASE000966,Hannah Chen,hannah.chen966@example.com,Chat,Other,Birmingham,True,12.2
CASE000967,Priya Kowalski,priya.kowalski967@example.com,Email,Other,Cardiff,True,26.4
CASE000968,Fatima Andersson,fatima.andersson968@example.com,Email,Fraud,Birmingham,True,13.1
CASE000969,Mohammed Patel,mohammed.patel969@example.com,Branch,Other,Glasgow,True,6.9
CASE000970,James Okafor,james.okafor970@example.com,Phone,Service,Leeds,True,20.3
CASE000971,Aisha Chen,aisha.chen971@example.com,Chat,Service,Bristol,False,5.8
CASE000972,Mei Patel,mei.patel972@example.com,Chat,Fraud,Bristol,True,8.0
CASE000973,Sofia Ahmed,sofia.ahmed973@example.com,Chat,Technical,Birmingham,False,3.0
CASE000974,Liam Kowalski,liam.kowalski974@example.com,Branch,Fraud,Leeds,False,10.2
CASE000975,Aisha Okafor,aisha.okafor975@example.com,Chat,Billing,Bristol,True,14.4
CASE000976,Liam Brown,liam.brown976@example.com,Email,Other,Glasgow,False,13.6
CASE000977,James Tanaka,james.tanaka977@example.com,Chat,Other,Leeds,True,1.0
CASE000978,Priya Garcia,priya.garcia978@example.com,Phone,Billing,Leeds,True,19.4
CASE000979,Carlos Garcia,carlos.garcia979@example.com,Phone,Fraud,Liverpool,False,4.3
CASE000980,Aisha Khan,aisha.khan980@example.com,Email,Technical,London,True,29.1
CASE000981,Mei Andersson,mei.andersson981@example.com,Chat,Service,Bristol,True,4.1
CASE000982,Fatima Silva,fatima.silva982@example.com,Phone,Billing,Leeds,True,7.2
CASE000983,Carlos Okafor,carlos.okafor983@example.com,Phone,Other,Glasgow,True,8.3
CASE000984,Mohammed Chen,mohammed.chen984@example.com,Chat,Service,Glasgow,True,6.2
CASE000985,Olu Smith,olu.smith985@example.com,Branch,Other,Bristol,True,34.1
CASE000986,Priya Ali,priya.ali986@example.com,Chat,Technical,Liverpool,True,18.3
CASE000987,Yuki Smith,yuki.smith987@example.com,Chat,Fraud,Birmingham,False,5.7
CASE000988,Mary Khan,mary.khan988@example.com,Branch,Billing,London,True,32.6
CASE000989,Priya Rossi,priya.rossi989@example.com,Phone,Fraud,London,True,4.1
CASE000990,Mei Brown,mei.brown990@example.com,Phone,Fraud,Glasgow,False,15.6
CASE000991,Sofia Ali,sofia.ali991@example.com,Branch,Billing,Liverpool,True,18.6
CASE000992,Sofia Ahmed,sofia.ahmed992@example.com,Branch,Technical,Leeds,True,5.2
CASE000993,Aisha Silva,aisha.silva993@example.com,Phone,Billing,Cardiff,False,11.9
CASE000994,Sofia Silva,sofia.silva994@example.com,Email,Fraud,Manchester,True,22.8
CASE000995,Mohammed Ali,mohammed.ali995@example.com,Email,Fraud,Cardiff,False,10.9
CASE000996,Wei Ali,wei.ali996@example.com,Email,Other,London,False,6.4
CASE000997,Yuki Smith,yuki.smith997@example.com,Email,Fraud,Bristol,True,17.9
CASE000998,Carlos Rossi,carlos.rossi998@example.com,Phone,Billing,Glasgow,False,24.0
CASE000999,Olu Khan,olu.khan999@example.com,Phone,Technical,London,True,28.0
CASE001000,Aisha Smith,aisha.smith1000@example.com,Phone,Billing,Birmingham,False,18.3
CASE001001,Fatima Andersson,fatima.andersson1001@example.com,Branch,Fraud,Cardiff,False,18.9
CASE001002,Yuki Ahmed,yuki.ahmed1002@example.com,Branch,Billing,Bristol,True,13.3
CASE001003,Liam Smith,liam.smith1003@example.com,Email,Service,Liverpool,True,10.8
CASE001004,Mohammed Khan,mohammed.khan1004@example.com,Chat,Service,Liverpool,True,2.3
CASE001005,Mohammed Patel,mohammed.patel1005@example.com,Phone,Service,Glasgow,True,8.3
CASE001006,Mary Chen,mary.chen1006@example.com,Chat,Technical,London,False,25.9
CASE001007,Wei Rossi,wei.rossi1007@example.com,Email,Fraud,Glasgow,True,29.5
CASE001008,Carlos Khan,carlos.khan1008@example.com,Phone,Technical,Manchester,True,15.5
CASE001009,James Garcia,james.garcia1009@example.com,Phone,Fraud,Bristol,False,35.6
CASE001010,Priya Khan,priya.khan1010@example.com,Branch,Fraud,Glasgow,True,2.4
CASE001011,Wei Silva,wei.silva1011@example.com,Branch,Fraud,Liverpool,False,8.0
CASE001012,Mei Ali,mei.ali1012@example.com,Branch,Billing,Bristol,True,18.0
CASE001013,James Patel,james.patel1013@example.com,Branch,Other,Birmingham,True,35.4
CASE001014,Carlos Kowalski,carlos.kowalski1014@example.com,Phone,Other,Leeds,False,25.7
CASE001015,Carlos Ahmed,carlos.ahmed1015@example.com,Chat,Technical,Manchester,True,7.4
CASE001016,Mohammed Smith,mohammed.smith1016@example.com,Chat,Other,Bristol,True,16.6
CASE001017,Noah Kowalski,noah.kowalski1017@example.com,Chat,Other,London,True,15.7
CASE001018,Mary Patel,mary.patel1018@example.com,Email,Billing,Birmingham,True,19.0
CASE001019,Liam Silva,liam.silva1019@example.com,Email,Billing,Birmingham,True,20.5
CASE001020,Noah Khan,noah.khan1020@example.com,Branch,Service,Cardiff,True,17.9
CASE001021,Aisha Tanaka,aisha.tanaka1021@example.com,Chat,Fraud,Bristol,True,22.7
CASE001022,Yuki Andersson,yuki.andersson1022@example.com,Email,Billing,Glasgow,True,29.3
CASE001023,Hannah Nguyen,hannah.nguyen1023@example.com,Phone,Technical,Manchester,False,39.4
CASE001024,Mohammed Smith,mohammed.smith1024@example.com,Branch,Billing,Leeds,True,11.0
CASE001025,Mohammed Garcia,mohammed.garcia1025@example.com,Chat,Technical,Cardiff,True,20.6
CASE001026,Noah Silva,noah.silva1026@example.com,Email,Technical,Cardiff,True,11.6
CASE001027,Mary Khan,mary.khan1027@example.com,Branch,Fraud,Cardiff,False,8.2
CASE001028,Yuki Andersson,yuki.andersson1028@example.com,Phone,Other,London,True,32.5
CASE001029,Hannah Ahmed,hannah.ahmed1029@example.com,Phone,Fraud,Cardiff,False,3.6
CASE001030,Carlos Khan,carlos.khan1030@example.com,Email,Fraud,Birmingham,True,18.1
CASE001031,Noah Andersson,noah.andersson1031@example.com,Chat,Technical,Glasgow,True,9.5
CASE001032,Sofia Rossi,sofia.rossi1032@example.com,Email,Billing,Manchester,False,7.1
CASE001033,Olu Rossi,olu.rossi1033@example.com,Phone,Fraud,Bristol,False,22.9
CASE001034,Mary Khan,mary.khan1034@example.com,Branch,Fraud,Bristol,False,12.9
CASE001035,Olu Rossi,olu.rossi1035@example.com,Phone,Other,Liverpool,False,35.8
CASE001036,Mary Chen,mary.chen1036@example.com,Branch,Billing,Birmingham,True,12.5
CASE001037,James Okafor,james.okafor1037@example.com,Chat,Billing,London,True,15.1
CASE001038,Carlos Chen,carlos.chen1038@example.com,Chat,Billing,Manchester,True,5.2
CASE001039,Carlos Okafor,carlos.okafor1039@example.com,Chat,Billing,London,True,10.7
CASE001040,Hannah Okafor,hannah.okafor1040@example.com,Chat,Technical,Leeds,False,15.3
CASE001041,Noah Chen,noah.chen1041@example.com,Branch,Technical,London,False,13.8
CASE001042,Priya Andersson,priya.andersson1042@example.com,Branch,Other,Glasgow,True,8.9
CASE001043,Noah Rossi,noah.rossi1043@example.com,Email,Fraud,Manchester,False,3.0
CASE001044,Olu Khan,olu.khan1044@example.com,Branch,Fraud,Manchester,False,4.5
CASE001045,Mohammed Rossi,mohammed.rossi1045@example.com,Branch,Service,Bristol,True,1.0
CASE001046,Priya Okafor,priya.okafor1046@example.com,Email,Billing,Liverpool,True,24.2
CASE001047,Mary Tanaka,mary.tanaka1047@example.com,Email,Other,Leeds,False,6.4
CASE001048,Noah Rossi,noah.rossi1048@example.com,Email,Service,Manchester,True,15.0
CASE001049,James Okafor,james.okafor1049@example.com,Chat,Technical,Birmingham,False,18.9
CASE001050,Wei Garcia,wei.garcia1050@example.com,Branch,Fraud,Manchester,False,4.2
CASE001051,Yuki Brown,yuki.brown1051@example.com,Phone,Service,Manchester,True,10.9
CASE001052,Aisha Silva,aisha.silva1052@example.com,Phone,Service,Birmingham,False,7.4
CASE001053,James Andersson,james.andersson1053@example.com,Phone,Billing,Glasgow,False,36.6
CASE001054,Mei Rossi,mei.rossi1054@example.com,Chat,Technical,Manchester,True,10.7
CASE001055,Wei Okafor,wei.okafor1055@example.com,Phone,Billing,Leeds,True,14.5
CASE001056,Yuki Garcia,yuki.garcia1056@example.com,Phone,Billing,Cardiff,True,2.7
CASE001057,Fatima Garcia,fatima.garcia1057@example.com,Branch,Other,Glasgow,False,9.4
CASE001058,Aisha Brown,aisha.brown1058@example.com,Phone,Service,Leeds,True,15.0
CASE001059,Priya Silva,priya.silva1059@example.com,Chat,Other,Leeds,True,12.0
CASE001060,Fatima Nguyen,fatima.nguyen1060@example.com,Phone,Service,Cardiff,False,17.9
CASE001061,Mohammed Andersson,mohammed.andersson1061@example.com,Email,Fraud,Cardiff,True,10.7
CASE001062,Fatima Garcia,fatima.garcia1062@example.com,Branch,Fraud,Manchester,True,22.7
CASE001063,Aisha Tanaka,aisha.tanaka1063@example.com,Email,Technical,Leeds,True,18.3
CASE001064,Mei Ahmed,mei.ahmed1064@example.com,Phone,Billing,Cardiff,True,8.8
CASE001065,Priya Ali,priya.ali1065@example.com,Email,Service,London,True,8.1
CASE001066,Hannah Chen,hannah.chen1066@example.com,Chat,Other,Cardiff,True,39.2
CASE001067,Sofia Garcia,sofia.garcia1067@example.com,Chat,Technical,Manchester,True,31.9
CASE001068,Noah Patel,noah.patel1068@example.com,Email,Fraud,Leeds,False,16.2
CASE001069,Fatima Okafor,fatima.okafor1069@example.com,Phone,Service,Glasgow,True,4.5
CASE001070,Sofia Khan,sofia.khan1070@example.com,Chat,Service,Cardiff,True,6.9
CASE001071,Fatima Tanaka,fatima.tanaka1071@example.com,Chat,Service,Glasgow,True,10.2
CASE001072,Priya Tanaka,priya.tanaka1072@example.com,Chat,Billing,Cardiff,True,13.0
CASE001073,Mary Patel,mary.patel1073@example.com,Email,Fraud,Manchester,False,11.0
CASE001074,Noah Silva,noah.silva1074@example.com,Branch,Other,Liverpool,True,21.2
CASE001075,Fatima Tanaka,fatima.tanaka1075@example.com,Email,Other,Birmingham,True,10.3
CASE001076,Mei Nguyen,mei.nguyen1076@example.com,Phone,Technical,Glasgow,True,12.4
CASE001077,Mei Chen,mei.chen1077@example.com,Phone,Fraud,Leeds,False,11.5
CASE001078,Aisha Silva,aisha.silva1078@example.com,Phone,Billing,Cardiff,True,2.3
CASE001079,Mohammed Okafor,mohammed.okafor1079@example.com,Chat,Technical,Glasgow,False,3.7
CASE001080,Yuki Silva,yuki.silva1080@example.com,Phone,Billing,Birmingham,True,10.2
CASE001081,Mary Nguyen,mary.nguyen1081@example.com,Chat,Billing,Glasgow,True,12.9
CASE001082,Fatima Nguyen,fatima.nguyen1082@example.com,Phone,Fraud,Bristol,False,12.4
CASE001083,James Kowalski,james.kowalski1083@example.com,Phone,Billing,Birmingham,True,13.5
CASE001084,Mohammed Ali,mohammed.ali1084@example.com,Chat,Other,London,True,19.5
CASE001085,Carlos Khan,carlos.khan1085@example.com,Phone,Technical,Birmingham,True,10.8
CASE001086,Aisha Nguyen,aisha.nguyen1086@example.com,Branch,Billing,Leeds,True,34.7
CASE001087,Mohammed Andersson,mohammed.andersson1087@example.com,Branch,Other,Cardiff,True,15.6
CASE001088,Carlos Kowalski,carlos.kowalski1088@example.com,Chat,Other,Manchester,True,8.5
CASE001089,Mohammed Rossi,mohammed.rossi1089@example.com,Email,Technical,Manchester,True,19.5
CASE001090,Noah Andersson,noah.andersson1090@example.com,Phone,Billing,Glasgow,False,6.8
CASE001091,Priya Kowalski,priya.kowalski1091@example.com,Email,Service,Leeds,False,13.1
CASE001092,Wei Smith,wei.smith1092@example.com,Branch,Other,Leeds,True,26.0
CASE001093,Sofia Ali,sofia.ali1093@example.com,Email,Other,Cardiff,True,19.0
CASE001094,Mohammed Okafor,mohammed.okafor1094@example.com,Email,Service,Birmingham,True,31.1
CASE001095,Mohammed Okafor,mohammed.okafor1095@example.com,Chat,Billing,London,False,10.0
CASE001096,Hannah Silva,hannah.silva1096@example.com,Branch,Service,Manchester,True,20.2
CASE001097,Priya Khan,priya.khan1097@example.com,Phone,Technical,Leeds,True,23.6
CASE001098,Noah Smith,noah.smith1098@example.com,Email,Fraud,Cardiff,True,28.6
CASE001099,Mohammed Silva,mohammed.silva1099@example.com,Chat,Fraud,Liverpool,True,2.2
CASE001100,Hannah Okafor,hannah.okafor1100@example.com,Phone,Fraud,Leeds,True,18.0
CASE001101,Wei Smith,wei.smith1101@example.com,Phone,Other,Birmingham,True,7.4
CASE001102,Noah Smith,noah.smith1102@example.com,Phone,Technical,Glasgow,True,16.8
CASE001103,Mei Brown,mei.brown1103@example.com,Chat,Billing,Manchester,False,24.4
CASE001104,Yuki Nguyen,yuki.nguyen1104@example.com,Email,Other,Liverpool,True,19.0
CASE001105,Priya Okafor,priya.okafor1105@example.com,Chat,Fraud,Leeds,True,40.5
CASE001106,Sofia Patel,sofia.patel1106@example.com,Chat,Fraud,Manchester,False,1.3
CASE001107,Aisha Kowalski,aisha.kowalski1107@example.com,Email,Technical,Bristol,False,40.6
CASE001108,Fatima Nguyen,fatima.nguyen1108@example.com,Email,Billing,Bristol,True,10.5
CASE001109,James Rossi,james.rossi1109@example.com,Email,Other,London,False,15.4
CASE001110,Ivan Smith,ivan.smith1110@example.com,Email,Billing,Bristol,True,31.9
CASE001111,Priya Silva,priya.silva1111@example.com,Chat,Fraud,Bristol,False,35.6
CASE001112,Hannah Andersson,hannah.andersson1112@example.com,Phone,Service,Cardiff,False,14.9
CASE001113,Priya Andersson,priya.andersson1113@example.com,Phone,Billing,Manchester,True,3.1
CASE001114,Mei Okafor,mei.okafor1114@example.com,Email,Service,Cardiff,False,0.8
CASE001115,Sofia Patel,sofia.patel1115@example.com,Email,Other,Bristol,True,46.7
CASE001116,Noah Tanaka,noah.tanaka1116@example.com,Chat,Service,Glasgow,True,22.0
CASE001117,Sofia Andersson,sofia.andersson1117@example.com,Branch,Service,London,True,8.0
CASE001118,James Okafor,james.okafor1118@example.com,Branch,Service,Birmingham,True,21.3
CASE001119,Aisha Ali,aisha.ali1119@example.com,Phone,Service,Bristol,False,8.6
CASE001120,Noah Smith,noah.smith1120@example.com,Phone,Fraud,Bristol,False,30.3
CASE001121,Mohammed Brown,mohammed.brown1121@example.com,Email,Other,Liverpool,True,14.4
CASE001122,Olu Khan,olu.khan1122@example.com,Branch,Technical,Bristol,True,20.2
CASE001123,Ivan Patel,ivan.patel1123@example.com,Phone,Fraud,London,True,15.9
CASE001124,Mohammed Ahmed,mohammed.ahmed1124@example.com,Branch,Other,Manchester,True,12.2
CASE001125,Yuki Andersson,yuki.andersson1125@example.com,Chat,Fraud,Cardiff,False,3.0
CASE001126,Mary Okafor,mary.okafor1126@example.com,Phone,Technical,London,True,14.2
CASE001127,Mary Silva,mary.silva1127@example.com,Email,Billing,Cardiff,False,15.3
CASE001128,Liam Nguyen,liam.nguyen1128@example.com,Phone,Billing,Liverpool,False,14.0
CASE001129,Mohammed Smith,mohammed.smith1129@example.com,Branch,Technical,London,True,6.3
CASE001130,Mei Garcia,mei.garcia1130@example.com,Email,Fraud,Birmingham,False,35.9
CASE001131,Mary Nguyen,mary.nguyen1131@example.com,Phone,Other,Leeds,True,11.4
CASE001132,Liam Rossi,liam.rossi1132@example.com,Chat,Other,London,True,3.7
CASE001133,James Nguyen,james.nguyen1133@example.com,Branch,Technical,Leeds,False,10.5
CASE001134,Mei Tanaka,mei.tanaka1134@example.com,Chat,Fraud,Leeds,True,22.1
CASE001135,Olu Garcia,olu.garcia1135@example.com,Phone,Billing,Leeds,True,21.8
CASE001136,Carlos Kowalski,carlos.kowalski1136@example.com,Chat,Other,Liverpool,True,2.5
CASE001137,Yuki Kowalski,yuki.kowalski1137@example.com,Chat,Technical,Leeds,True,3.4
CASE001138,Wei Chen,wei.chen1138@example.com,Branch,Technical,Leeds,False,3.7
CASE001139,Noah Rossi,noah.rossi1139@example.com,Chat,Fraud,London,True,6.6
CASE001140,Aisha Andersson,aisha.andersson1140@example.com,Phone,Fraud,Liverpool,False,24.5
CASE001141,Mei Kowalski,mei.kowalski1141@example.com,Branch,Technical,London,True,28.9
CASE001142,James Brown,james.brown1142@example.com,Phone,Service,Manchester,True,3.9
CASE001143,Hannah Ahmed,hannah.ahmed1143@example.com,Phone,Technical,Glasgow,True,9.0
CASE001144,Yuki Khan,yuki.khan1144@example.com,Chat,Fraud,Birmingham,False,6.5
CASE001145,Carlos Andersson,carlos.andersson1145@example.com,Chat,Billing,Liverpool,True,14.8
CASE001146,Yuki Okafor,yuki.okafor1146@example.com,Chat,Other,Birmingham,True,5.8
CASE001147,Sofia Ali,sofia.ali1147@example.com,Email,Other,Bristol,False,15.6
CASE001148,Carlos Chen,carlos.chen1148@example.com,Branch,Service,Birmingham,True,28.8
CASE001149,Fatima Brown,fatima.brown1149@example.com,Phone,Technical,Liverpool,False,4.5
CASE001150,Priya Rossi,priya.rossi1150@example.com,Phone,Other,Leeds,False,11.5
CASE001151,Yuki Brown,yuki.brown1151@example.com,Email,Fraud,Leeds,False,23.0
CASE001152,Ivan Garcia,ivan.garcia1152@example.com,Branch,Service,Cardiff,False,10.5
CASE001153,Hannah Okafor,hannah.okafor1153@example.com,Email,Other,Cardiff,False,33.4
CASE001154,Fatima Khan,fatima.khan1154@example.com,Phone,Other,London,True,7.1
CASE001155,Sofia Khan,sofia.khan1155@example.com,Phone,Billing,Liverpool,True,4.4
CASE001156,Priya Smith,priya.smith1156@example.com,Chat,Fraud,Liverpool,True,30.1
CASE001157,Priya Kowalski,priya.kowalski1157@example.com,Chat,Service,Liverpool,False,35.1
CASE001158,James Patel,james.patel1158@example.com,Chat,Billing,Manchester,True,7.1
CASE001159,Priya Rossi,priya.rossi1159@example.com,Email,Billing,Birmingham,True,36.6
CASE001160,Mary Smith,mary.smith1160@example.com,Email,Technical,Bristol,True,21.0
CASE001161,Mohammed Kowalski,mohammed.kowalski1161@example.com,Phone,Billing,Bristol,True,50.9
CASE001162,Mei Ahmed,mei.ahmed1162@example.com,Chat,Other,Manchester,True,5.5
CASE001163,Olu Andersson,olu.andersson1163@example.com,Branch,Billing,Manchester,False,2.9
CASE001164,James Nguyen,james.nguyen1164@example.com,Email,Fraud,Manchester,True,31.7
CASE001165,Olu Tanaka,olu.tanaka1165@example.com,Branch,Fraud,Leeds,True,13.6
CASE001166,James Ali,james.ali1166@example.com,Chat,Billing,Glasgow,True,20.3
CASE001167,Noah Patel,noah.patel1167@example.com,Chat,Technical,Leeds,False,14.7
CASE001168,James Ali,james.ali1168@example.com,Chat,Billing,Glasgow,True,16.2
CASE001169,Wei Tanaka,wei.tanaka1169@example.com,Email,Technical,Leeds,True,18.4
CASE001170,Liam Brown,liam.brown1170@example.com,Email,Other,Birmingham,True,32.6
CASE001171,Mary Okafor,mary.okafor1171@example.com,Branch,Other,Bristol,True,0.0
CASE001172,Liam Smith,liam.smith1172@example.com,Chat,Fraud,Bristol,False,18.2
CASE001173,Mei Silva,mei.silva1173@example.com,Branch,Other,Manchester,False,13.0
CASE001174,Olu Chen,olu.chen1174@example.com,Branch,Fraud,Birmingham,True,30.2
CASE001175,Mei Garcia,mei.garcia1175@example.com,Branch,Technical,Liverpool,False,7.4
CASE001176,Olu Ali,olu.ali1176@example.com,Phone,Fraud,Cardiff,True,29.0
CASE001177,Olu Brown,olu.brown1177@example.com,Phone,Other,Birmingham,False,10.3
CASE001178,Mary Nguyen,mary.nguyen1178@example.com,Email,Service,Liverpool,False,15.7
CASE001179,Mei Okafor,mei.okafor1179@example.com,Branch,Fraud,Leeds,True,26.6
CASE001180,Fatima Tanaka,fatima.tanaka1180@example.com,Branch,Service,Cardiff,True,8.1
CASE001181,Mohammed Garcia,mohammed.garcia1181@example.com,Branch,Service,London,False,2.9
CASE001182,Mary Smith,mary.smith1182@example.com,Chat,Fraud,Manchester,False,24.7
CASE001183,Aisha Silva,aisha.silva1183@example.com,Branch,Technical,Manchester,True,27.5
CASE001184,Noah Ali,noah.ali1184@example.com,Email,Billing,Manchester,True,1.3
CASE001185,James Nguyen,james.nguyen1185@example.com,Branch,Service,Liverpool,True,25.6
CASE001186,Mohammed Patel,mohammed.patel1186@example.com,Chat,Service,Glasgow,False,7.6
CASE001187,Carlos Nguyen,carlos.nguyen1187@example.com,Email,Other,Leeds,True,19.4
CASE001188,Noah Rossi,noah.rossi1188@example.com,Email,Fraud,Manchester,True,8.4
CASE001189,Ivan Tanaka,ivan.tanaka1189@example.com,Email,Fraud,Birmingham,True,15.6
CASE001190,Hannah Okafor,hannah.okafor1190@example.com,Chat,Fraud,Glasgow,False,35.6
CASE001191,Hannah Brown,hannah.brown1191@example.com,Branch,Other,Glasgow,True,10.9
CASE001192,Priya Silva,priya.silva1192@example.com,Branch,Other,Manchester,False,30.8
CASE001193,Priya Okafor,priya.okafor1193@example.com,Email,Billing,Bristol,False,3.1
CASE001194,Mohammed Patel,mohammed.patel1194@example.com,Branch,Billing,Liverpool,True,26.6
CASE001195,Priya Smith,priya.smith1195@example.com,Chat,Technical,London,True,40.1
CASE001196,James Tanaka,james.tanaka1196@example.com,Email,Technical,Manchester,True,15.0
CASE001197,Fatima Nguyen,fatima.nguyen1197@example.com,Branch,Technical,Liverpool,True,14.6
CASE001198,Mary Brown,mary.brown1198@example.com,Chat,Service,Cardiff,False,14.5
CASE001199,Ivan Tanaka,ivan.tanaka1199@example.com,Branch,Fraud,Bristol,True,14.8
CASE001200,Noah Tanaka,noah.tanaka1200@example.com,Chat,Technical,Liverpool,False,5.4
CASE001201,Fatima Rossi,fatima.rossi1201@example.com,Chat,Other,Glasgow,False,9.0
CASE001202,Wei Garcia,wei.garcia1202@example.com,Chat,Service,Manchester,False,7.6
CASE001203,James Andersson,james.andersson1203@example.com,Chat,Fraud,Manchester,True,8.0
CASE001204,Ivan Andersson,ivan.andersson1204@example.com,Phone,Technical,Cardiff,False,16.3
CASE001205,Fatima Garcia,fatima.garcia1205@example.com,Phone,Service,London,True,16.5
CASE001206,Yuki Okafor,yuki.okafor1206@example.com,Phone,Fraud,Manchester,False,8.4
CASE001207,Wei Garcia,wei.garcia1207@example.com,Email,Service,London,True,8.3
CASE001208,Aisha Nguyen,aisha.nguyen1208@example.com,Email,Billing,Manchester,True,16.4
CASE001209,Liam Brown,liam.brown1209@example.com,Phone,Technical,Manchester,True,13.6
CASE001210,Hannah Silva,hannah.silva1210@example.com,Branch,Fraud,Cardiff,True,21.1
CASE001211,Sofia Nguyen,sofia.nguyen1211@example.com,Phone,Technical,Bristol,False,30.4
CASE001212,Olu Brown,olu.brown1212@example.com,Chat,Billing,Manchester,True,11.0
CASE001213,Olu Garcia,olu.garcia1213@example.com,Branch,Other,Leeds,False,5.0
CASE001214,James Nguyen,james.nguyen1214@example.com,Email,Other,Cardiff,False,21.9
CASE001215,Wei Tanaka,wei.tanaka1215@example.com,Phone,Fraud,Manchester,False,23.1
CASE001216,Mei Tanaka,mei.tanaka1216@example.com,Phone,Fraud,Glasgow,False,8.3
CASE001217,Ivan Kowalski,ivan.kowalski1217@example.com,Phone,Fraud,Manchester,False,20.6
CASE001218,Mei Nguyen,mei.nguyen1218@example.com,Branch,Technical,Birmingham,True,24.1
CASE001219,Aisha Nguyen,aisha.nguyen1219@example.com,Chat,Billing,London,True,41.9
CASE001220,Fatima Garcia,fatima.garcia1220@example.com,Email,Billing,Manchester,True,6.1
CASE001221,Mary Kowalski,mary.kowalski1221@example.com,Chat,Service,Leeds,True,6.0
CASE001222,Noah Chen,noah.chen1222@example.com,Phone,Service,Liverpool,False,18.4
CASE001223,Wei Tanaka,wei.tanaka1223@example.com,Email,Billing,Cardiff,True,4.7
CASE001224,Noah Garcia,noah.garcia1224@example.com,Branch,Fraud,Leeds,True,5.1
CASE001225,Mohammed Okafor,mohammed.okafor1225@example.com,Branch,Billing,Liverpool,True,5.7
CASE001226,Olu Ali,olu.ali1226@example.com,Branch,Service,Glasgow,False,15.9
CASE001227,Fatima Ali,fatima.ali1227@example.com,Chat,Service,Leeds,True,9.8
CASE001228,James Brown,james.brown1228@example.com,Chat,Billing,Birmingham,True,4.3
CASE001229,Wei Brown,wei.brown1229@example.com,Branch,Service,Birmingham,True,13.8
CASE001230,Priya Andersson,priya.andersson1230@example.com,Phone,Service,Manchester,False,22.1
CASE001231,Fatima Andersson,fatima.andersson1231@example.com,Branch,Billing,Glasgow,True,6.9
CASE001232,Hannah Khan,hannah.khan1232@example.com,Branch,Technical,Glasgow,True,24.9
CASE001233,Carlos Andersson,carlos.andersson1233@example.com,Branch,Billing,Birmingham,True,24.8
CASE001234,Mohammed Chen,mohammed.chen1234@example.com,Chat,Other,Leeds,True,10.3
CASE001235,Ivan Okafor,ivan.okafor1235@example.com,Phone,Service,London,True,18.8
CASE001236,Liam Chen,liam.chen1236@example.com,Branch,Other,Glasgow,True,42.1
CASE001237,Liam Ali,liam.ali1237@example.com,Email,Other,Birmingham,False,23.4
CASE001238,Yuki Okafor,yuki.okafor1238@example.com,Chat,Technical,Bristol,True,21.9
CASE001239,Olu Garcia,olu.garcia1239@example.com,Email,Billing,Glasgow,False,4.2
CASE001240,Mary Ali,mary.ali1240@example.com,Branch,Billing,Leeds,True,35.6
CASE001241,Mohammed Khan,mohammed.khan1241@example.com,Chat,Billing,Glasgow,False,1.5
CASE001242,Fatima Kowalski,fatima.kowalski1242@example.com,Chat,Other,Liverpool,True,10.0
CASE001243,Hannah Brown,hannah.brown1243@example.com,Phone,Billing,Cardiff,True,7.3
CASE001244,Mohammed Ali,mohammed.ali1244@example.com,Chat,Billing,Cardiff,True,16.0
CASE001245,Sofia Ahmed,sofia.ahmed1245@example.com,Chat,Service,Liverpool,False,7.7
CASE001246,Mei Kowalski,mei.kowalski1246@example.com,Phone,Billing,Manchester,False,23.0
CASE001247,Aisha Garcia,aisha.garcia1247@example.com,Email,Billing,Leeds,False,25.2
CASE001248,Noah Smith,noah.smith1248@example.com,Branch,Other,Birmingham,True,15.3
CASE001249,Noah Okafor,noah.okafor1249@example.com,Phone,Billing,London,True,19.9
CASE001250,Mei Nguyen,mei.nguyen1250@example.com,Phone,Fraud,Bristol,False,16.6
CASE001251,James Patel,james.patel1251@example.com,Phone,Billing,Glasgow,True,9.1
CASE001252,Noah Ali,noah.ali1252@example.com,Branch,Service,Leeds,True,6.8
CASE001253,Olu Garcia,olu.garcia1253@example.com,Email,Billing,Birmingham,True,1.7
CASE001254,Fatima Kowalski,fatima.kowalski1254@example.com,Phone,Billing,Cardiff,True,22.2
CASE001255,Liam Tanaka,liam.tanaka1255@example.com,Branch,Service,London,True,8.8
CASE001256,Liam Patel,liam.patel1256@example.com,Chat,Technical,Leeds,False,28.2
CASE001257,Olu Nguyen,olu.nguyen1257@example.com,Phone,Technical,Liverpool,False,2.9
CASE001258,Aisha Silva,aisha.silva1258@example.com,Chat,Fraud,London,True,5.1
CASE001259,Carlos Patel,carlos.patel1259@example.com,Phone,Fraud,London,True,27.2
CASE001260,James Kowalski,james.kowalski1260@example.com,Email,Technical,London,True,24.0
CASE001261,Ivan Khan,ivan.khan1261@example.com,Email,Other,Manchester,False,34.2
CASE001262,Aisha Tanaka,aisha.tanaka1262@example.com,Phone,Fraud,Cardiff,False,18.5
CASE001263,James Ali,james.ali1263@example.com,Branch,Fraud,Manchester,True,22.7
CASE001264,Yuki Patel,yuki.patel1264@example.com,Email,Technical,Manchester,False,21.8
CASE001265,Sofia Kowalski,sofia.kowalski1265@example.com,Phone,Other,Birmingham,False,11.5
CASE001266,Sofia Nguyen,sofia.nguyen1266@example.com,Phone,Service,Glasgow,True,30.5
CASE001267,Carlos Nguyen,carlos.nguyen1267@example.com,Branch,Technical,Liverpool,True,2.6
CASE001268,Aisha Rossi,aisha.rossi1268@example.com,Chat,Fraud,Leeds,True,33.0
CASE001269,Mei Khan,mei.khan1269@example.com,Chat,Fraud,Manchester,True,7.4
CASE001270,Ivan Ali,ivan.ali1270@example.com,Phone,Technical,Leeds,True,27.5
CASE001271,Mary Andersson,mary.andersson1271@example.com,Branch,Technical,Glasgow,False,3.4
CASE001272,Priya Okafor,priya.okafor1272@example.com,Email,Billing,Glasgow,True,17.7
CASE001273,Mohammed Tanaka,mohammed.tanaka1273@example.com,Chat,Fraud,Birmingham,True,20.8
CASE001274,Hannah Silva,hannah.silva1274@example.com,Email,Technical,Liverpool,True,5.5
CASE001275,Yuki Ali,yuki.ali1275@example.com,Branch,Fraud,Liverpool,True,9.8
CASE001276,Sofia Silva,sofia.silva1276@example.com,Branch,Service,London,True,6.9
CASE001277,Liam Andersson,liam.andersson1277@example.com,Chat,Service,Liverpool,False,22.7
CASE001278,Mary Khan,mary.khan1278@example.com,Email,Other,Leeds,True,23.6
CASE001279,Ivan Khan,ivan.khan1279@example.com,Phone,Billing,Liverpool,True,8.9
CASE001280,Ivan Andersson,ivan.andersson1280@example.com,Phone,Billing,Cardiff,True,18.0
CASE001281,Olu Garcia,olu.garcia1281@example.com,Chat,Service,Liverpool,True,5.2
CASE001282,Mary Garcia,mary.garcia1282@example.com,Phone,Fraud,Glasgow,False,27.1
CASE001283,Hannah Smith,hannah.smith1283@example.com,Phone,Service,Manchester,True,7.3
CASE001284,Liam Tanaka,liam.tanaka1284@example.com,Chat,Technical,London,False,35.4
CASE001285,Mei Okafor,mei.okafor1285@example.com,Branch,Billing,Birmingham,True,24.3
CASE001286,Mohammed Smith,mohammed.smith1286@example.com,Branch,Billing,Cardiff,False,1.9
CASE001287,Aisha Khan,aisha.khan1287@example.com,Email,Fraud,Glasgow,True,4.6
CASE001288,Fatima Ali,fatima.ali1288@example.com,Chat,Fraud,Leeds,True,5.3
CASE001289,Mohammed Andersson,mohammed.andersson1289@example.com,Email,Service,Cardiff,True,21.5
CASE001290,Liam Ahmed,liam.ahmed1290@example.com,Chat,Billing,Bristol,False,20.8
CASE001291,Mary Ali,mary.ali1291@example.com,Phone,Service,Manchester,False,25.3
CASE001292,Aisha Smith,aisha.smith1292@example.com,Branch,Service,Leeds,False,21.2
CASE001293,Priya Garcia,priya.garcia1293@example.com,Chat,Fraud,Bristol,True,9.7
CASE001294,Yuki Khan,yuki.khan1294@example.com,Phone,Fraud,Liverpool,False,5.7
CASE001295,Hannah Ahmed,hannah.ahmed1295@example.com,Branch,Technical,Bristol,False,24.8
CASE001296,Mohammed Chen,mohammed.chen1296@example.com,Phone,Service,Birmingham,False,34.1
CASE001297,Olu Silva,olu.silva1297@example.com,Chat,Technical,Glasgow,False,14.8
CASE001298,Aisha Rossi,aisha.rossi1298@example.com,Email,Billing,London,False,4.7
CASE001299,Olu Silva,olu.silva1299@example.com,Phone,Billing,Liverpool,False,17.6
CASE001300,James Ali,james.ali1300@example.com,Chat,Service,Glasgow,True,4.0
CASE001301,James Rossi,james.rossi1301@example.com,Chat,Technical,Birmingham,True,7.4
CASE001302,Ivan Nguyen,ivan.nguyen1302@example.com,Branch,Service,Cardiff,False,26.9
CASE001303,Wei Garcia,wei.garcia1303@example.com,Chat,Technical,Glasgow,False,14.1
CASE001304,James Khan,james.khan1304@example.com,Branch,Other,London,True,10.8
CASE001305,Mei Tanaka,mei.tanaka1305@example.com,Branch,Billing,Liverpool,True,24.2
CASE001306,Noah Smith,noah.smith1306@example.com,Email,Billing,Leeds,True,19.2
CASE001307,Carlos Silva,carlos.silva1307@example.com,Phone,Service,Bristol,False,6.7
CASE001308,Wei Silva,wei.silva1308@example.com,Branch,Billing,London,True,13.5
CASE001309,Wei Rossi,wei.rossi1309@example.com,Branch,Billing,Bristol,False,2.6
CASE001310,James Ali,james.ali1310@example.com,Phone,Fraud,Glasgow,False,16.0
CASE001311,Sofia Chen,sofia.chen1311@example.com,Phone,Technical,Manchester,True,5.9
CASE001312,Priya Ali,priya.ali1312@example.com,Email,Service,Glasgow,True,31.4
CASE001313,Carlos Andersson,carlos.andersson1313@example.com,Branch,Technical,Bristol,True,3.4
CASE001314,Fatima Brown,fatima.brown1314@example.com,Email,Service,Bristol,True,10.2
CASE001315,Yuki Tanaka,yuki.tanaka1315@example.com,Chat,Fraud,Birmingham,False,9.0
CASE001316,Mary Khan,mary.khan1316@example.com,Branch,Other,Cardiff,True,23.6
CASE001317,Hannah Nguyen,hannah.nguyen1317@example.com,Branch,Billing,Bristol,True,8.1
CASE001318,Mohammed Patel,mohammed.patel1318@example.com,Phone,Technical,Birmingham,False,10.3
CASE001319,Fatima Nguyen,fatima.nguyen1319@example.com,Phone,Technical,Manchester,False,8.2
CASE001320,Aisha Rossi,aisha.rossi1320@example.com,Branch,Technical,Manchester,False,66.8
CASE001321,Yuki Ahmed,yuki.ahmed1321@example.com,Email,Billing,Bristol,True,14.2
CASE001322,Aisha Smith,aisha.smith1322@example.com,Branch,Other,Manchester,True,12.0
CASE001323,Noah Smith,noah.smith1323@example.com,Branch,Other,Manchester,True,15.7
CASE001324,James Rossi,james.rossi1324@example.com,Email,Other,Bristol,True,24.9
CASE001325,Mei Smith,mei.smith1325@example.com,Phone,Technical,Liverpool,False,2.0
CASE001326,Fatima Smith,fatima.smith1326@example.com,Chat,Technical,Bristol,False,39.7
CASE001327,Mei Patel,mei.patel1327@example.com,Phone,Fraud,Cardiff,True,29.4
CASE001328,Yuki Rossi,yuki.rossi1328@example.com,Chat,Service,Bristol,True,17.9
CASE001329,Fatima Andersson,fatima.andersson1329@example.com,Phone,Other,Birmingham,False,7.8
CASE001330,Noah Andersson,noah.andersson1330@example.com,Phone,Billing,Cardiff,True,25.4
CASE001331,Hannah Tanaka,hannah.tanaka1331@example.com,Chat,Technical,London,False,9.7
CASE001332,Noah Okafor,noah.okafor1332@example.com,Branch,Technical,Manchester,True,50.3
CASE001333,Liam Khan,liam.khan1333@example.com,Email,Service,Cardiff,True,3.7
CASE001334,Liam Kowalski,liam.kowalski1334@example.com,Phone,Other,Manchester,False,11.9
CASE001335,Ivan Smith,ivan.smith1335@example.com,Phone,Billing,Glasgow,True,2.0
CASE001336,Carlos Garcia,carlos.garcia1336@example.com,Chat,Fraud,London,True,19.0
CASE001337,Fatima Khan,fatima.khan1337@example.com,Email,Technical,Glasgow,False,27.4
CASE001338,Ivan Andersson,ivan.andersson1338@example.com,Email,Technical,Birmingham,True,27.0
CASE001339,James Brown,james.brown1339@example.com,Phone,Billing,Leeds,True,3.9
CASE001340,Mary Brown,mary.brown1340@example.com,Email,Other,Liverpool,True,26.8
CASE001341,Carlos Ali,carlos.ali1341@example.com,Email,Technical,Manchester,True,4.7
CASE001342,James Patel,james.patel1342@example.com,Phone,Technical,Cardiff,False,2.1
CASE001343,Carlos Nguyen,carlos.nguyen1343@example.com,Phone,Fraud,Leeds,True,24.2
CASE001344,Yuki Smith,yuki.smith1344@example.com,Chat,Billing,Leeds,False,14.2
CASE001345,Wei Tanaka,wei.tanaka1345@example.com,Chat,Service,Birmingham,True,7.8
CASE001346,Mohammed Rossi,mohammed.rossi1346@example.com,Email,Billing,Birmingham,False,9.5
CASE001347,Liam Ahmed,liam.ahmed1347@example.com,Chat,Technical,London,False,7.2
CASE001348,Liam Tanaka,liam.tanaka1348@example.com,Chat,Service,London,True,27.2
CASE001349,Priya Tanaka,priya.tanaka1349@example.com,Email,Other,London,True,8.2
CASE001350,Mei Khan,mei.khan1350@example.com,Phone,Service,Glasgow,False,21.1
CASE001351,Hannah Kowalski,hannah.kowalski1351@example.com,Chat,Technical,Birmingham,True,16.4
CASE001352,Mohammed Nguyen,mohammed.nguyen1352@example.com,Email,Other,Cardiff,False,23.9
CASE001353,Hannah Ali,hannah.ali1353@example.com,Branch,Billing,Manchester,True,3.9
CASE001354,Ivan Silva,ivan.silva1354@example.com,Email,Other,Liverpool,False,7.6
CASE001355,Aisha Tanaka,aisha.tanaka1355@example.com,Chat,Billing,Liverpool,False,5.2
CASE001356,Priya Kowalski,priya.kowalski1356@example.com,Email,Fraud,Leeds,False,21.3
CASE001357,Liam Okafor,liam.okafor1357@example.com,Chat,Technical,Glasgow,True,17.5
CASE001358,James Nguyen,james.nguyen1358@example.com,Chat,Service,Birmingham,False,23.7
CASE001359,Fatima Chen,fatima.chen1359@example.com,Phone,Other,Cardiff,False,40.1
CASE001360,Wei Khan,wei.khan1360@example.com,Phone,Fraud,Manchester,True,7.6
CASE001361,Olu Brown,olu.brown1361@example.com,Email,Billing,Birmingham,True,10.1
CASE001362,Wei Chen,wei.chen1362@example.com,Chat,Technical,Birmingham,True,8.8
CASE001363,Yuki Rossi,yuki.rossi1363@example.com,Email,Billing,Bristol,True,18.6
CASE001364,Ivan Ali,ivan.ali1364@example.com,Email,Billing,Bristol,False,6.3
CASE001365,Mary Rossi,mary.rossi1365@example.com,Chat,Fraud,London,True,16.8
CASE001366,Mary Andersson,mary.andersson1366@example.com,Branch,Billing,Birmingham,True,6.1
CASE001367,Wei Okafor,wei.okafor1367@example.com,Chat,Other,Cardiff,True,13.7
CASE001368,James Chen,james.chen1368@example.com,Branch,Fraud,Cardiff,True,12.7
CASE001369,James Nguyen,james.nguyen1369@example.com,Chat,Fraud,Leeds,True,2.7
CASE001370,Carlos Khan,carlos.khan1370@example.com,Phone,Service,Glasgow,True,0.9
CASE001371,Noah Kowalski,noah.kowalski1371@example.com,Chat,Fraud,Birmingham,True,22.0
CASE001372,Liam Garcia,liam.garcia1372@example.com,Email,Fraud,Cardiff,True,11.6
CASE001373,Noah Ali,noah.ali1373@example.com,Email,Fraud,Manchester,False,4.7
CASE001374,Yuki Garcia,yuki.garcia1374@example.com,Chat,Technical,Birmingham,False,12.6
CASE001375,Olu Kowalski,olu.kowalski1375@example.com,Phone,Fraud,Glasgow,True,17.7
CASE001376,Hannah Khan,hannah.khan1376@example.com,Chat,Technical,Manchester,False,2.4
CASE001377,Noah Brown,noah.brown1377@example.com,Chat,Technical,Glasgow,True,8.9
CASE001378,Mary Ahmed,mary.ahmed1378@example.com,Phone,Other,Bristol,True,13.0
CASE001379,Noah Rossi,noah.rossi1379@example.com,Branch,Fraud,Liverpool,True,20.4
CASE001380,James Khan,james.khan1380@example.com,Chat,Billing,Cardiff,True,8.3
CASE001381,Liam Khan,liam.khan1381@example.com,Chat,Billing,London,True,1.5
CASE001382,Priya Andersson,priya.andersson1382@example.com,Branch,Technical,Manchester,True,4.4
CASE001383,Liam Chen,liam.chen1383@example.com,Branch,Service,Bristol,True,9.0
CASE001384,Mei Ali,mei.ali1384@example.com,Chat,Service,Leeds,False,5.6
CASE001385,Mei Ahmed,mei.ahmed1385@example.com,Branch,Service,London,True,13.5
CASE001386,Mary Khan,mary.khan1386@example.com,Chat,Other,Manchester,True,13.1
CASE001387,Mei Ali,mei.ali1387@example.com,Phone,Other,Manchester,True,3.8
CASE001388,James Khan,james.khan1388@example.com,Branch,Other,Birmingham,True,6.0
CASE001389,Olu Andersson,olu.andersson1389@example.com,Phone,Billing,Liverpool,True,13.6
CASE001390,Wei Patel,wei.patel1390@example.com,Chat,Other,Cardiff,True,8.4
CASE001391,Mary Smith,mary.smith1391@example.com,Email,Other,London,True,24.7
CASE001392,Priya Garcia,priya.garcia1392@example.com,Chat,Billing,London,True,8.7
CASE001393,Ivan Patel,ivan.patel1393@example.com,Branch,Fraud,Bristol,False,6.9
CASE001394,Noah Brown,noah.brown1394@example.com,Branch,Billing,Birmingham,True,28.5
CASE001395,Olu Ahmed,olu.ahmed1395@example.com,Chat,Other,Leeds,True,15.7
CASE001396,Carlos Ahmed,carlos.ahmed1396@example.com,Phone,Fraud,Cardiff,True,7.4
CASE001397,Carlos Patel,carlos.patel1397@example.com,Email,Other,Cardiff,True,18.3
CASE001398,Liam Ahmed,liam.ahmed1398@example.com,Chat,Billing,Liverpool,True,15.4
CASE001399,Fatima Tanaka,fatima.tanaka1399@example.com,Chat,Fraud,Leeds,False,21.1
CASE001400,Wei Garcia,wei.garcia1400@example.com,Phone,Service,London,True,29.3
CASE001401,Mei Ahmed,mei.ahmed1401@example.com,Email,Fraud,Cardiff,False,18.6
CASE001402,Hannah Khan,hannah.khan1402@example.com,Branch,Fraud,Birmingham,True,11.7
CASE001403,Ivan Khan,ivan.khan1403@example.com,Branch,Billing,Birmingham,True,13.7
CASE001404,Aisha Ahmed,aisha.ahmed1404@example.com,Branch,Billing,Liverpool,True,1.7
CASE001405,Carlos Andersson,carlos.andersson1405@example.com,Phone,Other,London,False,29.1
CASE001406,Mary Nguyen,mary.nguyen1406@example.com,Chat,Other,Manchester,False,7.3
CASE001407,Wei Ahmed,wei.ahmed1407@example.com,Chat,Billing,Cardiff,True,7.2
CASE001408,Priya Silva,priya.silva1408@example.com,Branch,Service,Bristol,False,11.8
CASE001409,Ivan Garcia,ivan.garcia1409@example.com,Branch,Other,Glasgow,False,12.4
CASE001410,Sofia Nguyen,sofia.nguyen1410@example.com,Email,Fraud,Bristol,False,11.3
CASE001411,Liam Patel,liam.patel1411@example.com,Phone,Service,Bristol,True,40.6
CASE001412,Carlos Nguyen,carlos.nguyen1412@example.com,Email,Technical,Liverpool,True,7.5
CASE001413,Mohammed Chen,mohammed.chen1413@example.com,Chat,Fraud,Manchester,True,14.6
CASE001414,Yuki Nguyen,yuki.nguyen1414@example.com,Chat,Service,Leeds,True,10.6
CASE001415,Mary Smith,mary.smith1415@example.com,Email,Fraud,Manchester,False,12.4
CASE001416,Priya Chen,priya.chen1416@example.com,Email,Other,Birmingham,True,61.5
CASE001417,Wei Nguyen,wei.nguyen1417@example.com,Chat,Billing,Liverpool,True,6.1
CASE001418,Wei Smith,wei.smith1418@example.com,Email,Billing,London,False,9.0
CASE001419,Yuki Okafor,yuki.okafor1419@example.com,Branch,Service,Cardiff,False,5.8
CASE001420,Fatima Nguyen,fatima.nguyen1420@example.com,Branch,Other,Glasgow,True,9.8
CASE001421,Ivan Kowalski,ivan.kowalski1421@example.com,Phone,Billing,Glasgow,False,4.2
CASE001422,Ivan Chen,ivan.chen1422@example.com,Email,Billing,Manchester,True,2.2
CASE001423,Mary Khan,mary.khan1423@example.com,Branch,Other,Glasgow,True,7.9
CASE001424,Mary Kowalski,mary.kowalski1424@example.com,Branch,Fraud,Leeds,True,1.8
CASE001425,Liam Andersson,liam.andersson1425@example.com,Chat,Fraud,Bristol,False,7.7
CASE001426,Wei Ali,wei.ali1426@example.com,Branch,Technical,Manchester,False,18.0
CASE001427,Sofia Rossi,sofia.rossi1427@example.com,Email,Billing,Bristol,False,6.0
CASE001428,Priya Patel,priya.patel1428@example.com,Branch,Other,Bristol,True,37.7
CASE001429,Mei Brown,mei.brown1429@example.com,Chat,Service,Leeds,True,3.4
CASE001430,Fatima Tanaka,fatima.tanaka1430@example.com,Chat,Service,Liverpool,True,11.3
CASE001431,Mary Nguyen,mary.nguyen1431@example.com,Chat,Technical,Liverpool,True,9.3
CASE001432,Olu Smith,olu.smith1432@example.com,Email,Other,Liverpool,True,5.7
CASE001433,Mei Ali,mei.ali1433@example.com,Email,Technical,Birmingham,True,2.9
CASE001434,Mei Silva,mei.silva1434@example.com,Chat,Fraud,Liverpool,True,0.7
CASE001435,Carlos Khan,carlos.khan1435@example.com,Branch,Billing,London,False,8.4
CASE001436,Carlos Smith,carlos.smith1436@example.com,Phone,Billing,Liverpool,True,9.1
CASE001437,Fatima Patel,fatima.patel1437@example.com,Chat,Billing,London,False,37.7
CASE001438,Mohammed Andersson,mohammed.andersson1438@example.com,Branch,Billing,Birmingham,True,10.5
CASE001439,Wei Kowalski,wei.kowalski1439@example.com,Chat,Technical,Cardiff,True,8.8
CASE001440,Noah Chen,noah.chen1440@example.com,Chat,Technical,Birmingham,True,15.8
CASE001441,Carlos Garcia,carlos.garcia1441@example.com,Email,Fraud,Leeds,True,25.2
CASE001442,Ivan Smith,ivan.smith1442@example.com,Email,Other,Birmingham,True,15.2
CASE001443,Wei Khan,wei.khan1443@example.com,Chat,Billing,Birmingham,True,1.5
CASE001444,Mary Khan,mary.khan1444@example.com,Branch,Technical,London,True,0.5
CASE001445,Liam Nguyen,liam.nguyen1445@example.com,Chat,Fraud,Bristol,True,30.5
CASE001446,Fatima Chen,fatima.chen1446@example.com,Phone,Other,Manchester,True,13.2
CASE001447,Mohammed Ali,mohammed.ali1447@example.com,Chat,Other,Cardiff,True,1.5
CASE001448,James Nguyen,james.nguyen1448@example.com,Phone,Fraud,Birmingham,False,32.4
CASE001449,James Patel,james.patel1449@example.com,Chat,Service,Glasgow,True,6.5
CASE001450,Mohammed Smith,mohammed.smith1450@example.com,Email,Technical,Liverpool,True,50.7
CASE001451,Sofia Tanaka,sofia.tanaka1451@example.com,Chat,Fraud,Glasgow,False,6.9
CASE001452,Priya Tanaka,priya.tanaka1452@example.com,Branch,Fraud,Manchester,True,3.8
CASE001453,Hannah Brown,hannah.brown1453@example.com,Email,Other,Cardiff,False,11.8
CASE001454,Noah Khan,noah.khan1454@example.com,Branch,Other,Birmingham,True,12.0
CASE001455,James Brown,james.brown1455@example.com,Phone,Service,London,False,7.3
CASE001456,Hannah Brown,hannah.brown1456@example.com,Branch,Other,Glasgow,True,16.4
CASE001457,Priya Brown,priya.brown1457@example.com,Branch,Service,Manchester,True,11.7
CASE001458,Priya Brown,priya.brown1458@example.com,Phone,Fraud,London,True,10.9
CASE001459,Carlos Garcia,carlos.garcia1459@example.com,Chat,Billing,London,False,12.0
CASE001460,Ivan Chen,ivan.chen1460@example.com,Chat,Fraud,Bristol,False,6.7
CASE001461,Sofia Patel,sofia.patel1461@example.com,Branch,Technical,Manchester,True,33.7
CASE001462,Priya Chen,priya.chen1462@example.com,Email,Billing,Manchester,False,7.1
CASE001463,Mei Nguyen,mei.nguyen1463@example.com,Email,Fraud,Cardiff,True,5.6
CASE001464,Yuki Andersson,yuki.andersson1464@example.com,Phone,Fraud,Manchester,True,17.0
CASE001465,James Kowalski,james.kowalski1465@example.com,Email,Other,Birmingham,True,23.3
CASE001466,Mary Chen,mary.chen1466@example.com,Chat,Fraud,Manchester,True,4.9
CASE001467,Mary Smith,mary.smith1467@example.com,Phone,Other,Bristol,True,5.1
CASE001468,Yuki Ali,yuki.ali1468@example.com,Phone,Other,Cardiff,True,9.3
CASE001469,Carlos Patel,carlos.patel1469@example.com,Chat,Fraud,Bristol,True,11.0
CASE001470,Hannah Chen,hannah.chen1470@example.com,Email,Service,London,False,15.4
CASE001471,Priya Nguyen,priya.nguyen1471@example.com,Email,Billing,London,False,34.2
CASE001472,Yuki Andersson,yuki.andersson1472@example.com,Branch,Fraud,Birmingham,False,16.4
CASE001473,Hannah Nguyen,hannah.nguyen1473@example.com,Email,Other,Cardiff,True,27.8
CASE001474,Mohammed Patel,mohammed.patel1474@example.com,Branch,Service,London,False,3.7
CASE001475,James Rossi,james.rossi1475@example.com,Branch,Fraud,Glasgow,False,9.3
CASE001476,Yuki Garcia,yuki.garcia1476@example.com,Branch,Fraud,Glasgow,True,3.9
CASE001477,Liam Chen,liam.chen1477@example.com,Chat,Other,Bristol,True,31.6
CASE001478,Wei Khan,wei.khan1478@example.com,Email,Fraud,Liverpool,True,23.7
CASE001479,Liam Okafor,liam.okafor1479@example.com,Phone,Fraud,London,False,27.5
CASE001480,Mary Garcia,mary.garcia1480@example.com,Chat,Service,Liverpool,False,29.8
CASE001481,Mary Nguyen,mary.nguyen1481@example.com,Phone,Billing,London,True,21.3
CASE001482,Wei Rossi,wei.rossi1482@example.com,Branch,Technical,London,True,15.3
CASE001483,Sofia Chen,sofia.chen1483@example.com,Branch,Service,Glasgow,False,55.0
CASE001484,Sofia Tanaka,sofia.tanaka1484@example.com,Phone,Technical,Liverpool,True,21.3
CASE001485,Mei Rossi,mei.rossi1485@example.com,Chat,Fraud,Cardiff,False,25.8
CASE001486,Hannah Kowalski,hannah.kowalski1486@example.com,Branch,Technical,Glasgow,True,22.1
CASE001487,Liam Rossi,liam.rossi1487@example.com,Phone,Service,Liverpool,True,10.9
CASE001488,Olu Silva,olu.silva1488@example.com,Chat,Service,Birmingham,False,27.5
CASE001489,Mary Smith,mary.smith1489@example.com,Branch,Technical,Bristol,True,5.6
CASE001490,Priya Tanaka,priya.tanaka1490@example.com,Chat,Fraud,London,True,29.6
CASE001491,Hannah Nguyen,hannah.nguyen1491@example.com,Chat,Technical,Leeds,True,15.9
CASE001492,Liam Smith,liam.smith1492@example.com,Email,Service,Liverpool,False,11.8
CASE001493,Mei Garcia,mei.garcia1493@example.com,Branch,Billing,Leeds,True,31.1
CASE001494,Hannah Ali,hannah.ali1494@example.com,Email,Technical,Glasgow,False,38.2
CASE001495,Priya Rossi,priya.rossi1495@example.com,Chat,Technical,Manchester,True,31.8
CASE001496,Mei Okafor,mei.okafor1496@example.com,Chat,Fraud,London,False,15.1
CASE001497,Fatima Okafor,fatima.okafor1497@example.com,Email,Technical,Leeds,True,28.6
CASE001498,Yuki Patel,yuki.patel1498@example.com,Chat,Billing,London,True,13.5
CASE001499,Sofia Andersson,sofia.andersson1499@example.com,Branch,Fraud,Manchester,False,2.1
CASE001500,Wei Patel,wei.patel1500@example.com,Chat,Other,Birmingham,True,15.0
CASE001501,Liam Nguyen,liam.nguyen1501@example.com,Branch,Billing,Manchester,True,5.5
CASE001502,Mary Smith,mary.smith1502@example.com,Phone,Fraud,Bristol,True,31.2
CASE001503,Mohammed Ahmed,mohammed.ahmed1503@example.com,Branch,Technical,Glasgow,True,27.5
CASE001504,Wei Silva,wei.silva1504@example.com,Branch,Billing,London,False,31.1
CASE001505,Priya Rossi,priya.rossi1505@example.com,Branch,Technical,Leeds,True,15.0
CASE001506,Mei Chen,mei.chen1506@example.com,Email,Service,Cardiff,True,6.8
CASE001507,Olu Ahmed,olu.ahmed1507@example.com,Branch,Other,Manchester,False,14.9
CASE001508,Noah Garcia,noah.garcia1508@example.com,Branch,Other,Bristol,False,1.5
CASE001509,Sofia Garcia,sofia.garcia1509@example.com,Chat,Service,Glasgow,True,15.5
CASE001510,Mary Ali,mary.ali1510@example.com,Phone,Billing,Birmingham,True,10.4
CASE001511,Fatima Silva,fatima.silva1511@example.com,Chat,Fraud,Cardiff,False,15.8
CASE001512,Sofia Smith,sofia.smith1512@example.com,Phone,Service,Leeds,True,13.0
CASE001513,Yuki Ali,yuki.ali1513@example.com,Branch,Billing,Bristol,False,12.2
CASE001514,Sofia Chen,sofia.chen1514@example.com,Phone,Billing,London,False,24.8
CASE001515,Mei Ahmed,mei.ahmed1515@example.com,Phone,Technical,Liverpool,True,12.7
CASE001516,Mei Ahmed,mei.ahmed1516@example.com,Branch,Fraud,Liverpool,False,6.5
CASE001517,Olu Tanaka,olu.tanaka1517@example.com,Phone,Technical,Birmingham,True,5.6
CASE001518,James Patel,james.patel1518@example.com,Phone,Billing,Bristol,True,21.0
CASE001519,Aisha Ali,aisha.ali1519@example.com,Chat,Fraud,Leeds,True,2.3
CASE001520,Olu Smith,olu.smith1520@example.com,Phone,Technical,Liverpool,True,37.3
CASE001521,James Kowalski,james.kowalski1521@example.com,Phone,Fraud,Manchester,False,10.9
CASE001522,Noah Rossi,noah.rossi1522@example.com,Email,Service,Manchester,True,12.3
CASE001523,Hannah Silva,hannah.silva1523@example.com,Email,Other,Manchester,True,12.1
CASE001524,Hannah Garcia,hannah.garcia1524@example.com,Chat,Other,Bristol,False,9.4
CASE001525,Aisha Khan,aisha.khan1525@example.com,Email,Fraud,Leeds,False,20.2
CASE001526,Aisha Garcia,aisha.garcia1526@example.com,Chat,Other,Bristol,True,8.2
CASE001527,James Patel,james.patel1527@example.com,Chat,Service,Cardiff,False,9.1
CASE001528,Sofia Khan,sofia.khan1528@example.com,Phone,Technical,Liverpool,False,2.6
CASE001529,Sofia Khan,sofia.khan1529@example.com,Branch,Billing,Glasgow,True,10.3
CASE001530,Sofia Ahmed,sofia.ahmed1530@example.com,Email,Billing,Bristol,True,28.0
CASE001531,Hannah Nguyen,hannah.nguyen1531@example.com,Branch,Technical,Liverpool,False,17.8
CASE001532,Ivan Tanaka,ivan.tanaka1532@example.com,Chat,Fraud,London,False,15.7
CASE001533,Olu Khan,olu.khan1533@example.com,Chat,Billing,Birmingham,False,9.3
CASE001534,Sofia Silva,sofia.silva1534@example.com,Phone,Technical,Glasgow,False,55.0
CASE001535,Mei Patel,mei.patel1535@example.com,Email,Billing,Leeds,False,11.7
CASE001536,Mei Garcia,mei.garcia1536@example.com,Branch,Technical,Glasgow,True,16.4
CASE001537,Noah Ali,noah.ali1537@example.com,Email,Service,Cardiff,False,28.4
CASE001538,Mary Tanaka,mary.tanaka1538@example.com,Email,Other,Cardiff,False,9.3
CASE001539,Carlos Andersson,carlos.andersson1539@example.com,Phone,Technical,Liverpool,False,10.5
CASE001540,Olu Okafor,olu.okafor1540@example.com,Email,Technical,Leeds,False,7.4
CASE001541,Aisha Smith,aisha.smith1541@example.com,Branch,Fraud,Birmingham,True,72.9
CASE001542,Mohammed Patel,mohammed.patel1542@example.com,Branch,Billing,Birmingham,True,3.5
CASE001543,Mary Silva,mary.silva1543@example.com,Chat,Fraud,Cardiff,False,9.5
CASE001544,Olu Smith,olu.smith1544@example.com,Email,Other,London,False,15.5
CASE001545,Aisha Ali,aisha.ali1545@example.com,Email,Billing,Bristol,True,17.9
CASE001546,Sofia Garcia,sofia.garcia1546@example.com,Phone,Fraud,Cardiff,True,10.3
CASE001547,Liam Rossi,liam.rossi1547@example.com,Branch,Other,Birmingham,False,7.2
CASE001548,Liam Garcia,liam.garcia1548@example.com,Phone,Technical,Glasgow,True,15.6
CASE001549,Aisha Khan,aisha.khan1549@example.com,Branch,Other,Glasgow,False,8.4
CASE001550,Yuki Kowalski,yuki.kowalski1550@example.com,Email,Fraud,Cardiff,False,27.7
CASE001551,Mohammed Silva,mohammed.silva1551@example.com,Branch,Other,Birmingham,True,6.4
CASE001552,James Patel,james.patel1552@example.com,Phone,Other,Leeds,True,19.5
CASE001553,Fatima Garcia,fatima.garcia1553@example.com,Email,Technical,Bristol,False,32.0
CASE001554,Mohammed Silva,mohammed.silva1554@example.com,Branch,Fraud,Leeds,True,5.4
CASE001555,Sofia Okafor,sofia.okafor1555@example.com,Email,Other,Bristol,False,12.1
CASE001556,Fatima Tanaka,fatima.tanaka1556@example.com,Chat,Other,Bristol,False,15.2
CASE001557,Yuki Smith,yuki.smith1557@example.com,Phone,Billing,Manchester,True,24.9
CASE001558,Aisha Patel,aisha.patel1558@example.com,Chat,Service,Liverpool,True,22.8
CASE001559,Liam Ahmed,liam.ahmed1559@example.com,Chat,Billing,Bristol,True,12.4
CASE001560,Mohammed Patel,mohammed.patel1560@example.com,Phone,Technical,Glasgow,True,11.9
CASE001561,Wei Brown,wei.brown1561@example.com,Branch,Billing,Birmingham,True,5.4
CASE001562,Ivan Patel,ivan.patel1562@example.com,Phone,Technical,Cardiff,True,11.3
CASE001563,Ivan Kowalski,ivan.kowalski1563@example.com,Email,Billing,Manchester,True,7.8
CASE001564,Fatima Smith,fatima.smith1564@example.com,Chat,Billing,Cardiff,False,11.0
CASE001565,Hannah Khan,hannah.khan1565@example.com,Phone,Technical,Manchester,True,13.2
CASE001566,Fatima Garcia,fatima.garcia1566@example.com,Phone,Service,Cardiff,False,18.3
CASE001567,Yuki Kowalski,yuki.kowalski1567@example.com,Branch,Billing,Glasgow,True,37.6
CASE001568,Ivan Smith,ivan.smith1568@example.com,Branch,Billing,London,True,16.5
CASE001569,Mei Patel,mei.patel1569@example.com,Branch,Other,Cardiff,True,1.4
CASE001570,Sofia Patel,sofia.patel1570@example.com,Phone,Fraud,Glasgow,False,8.1
CASE001571,Mei Garcia,mei.garcia1571@example.com,Phone,Technical,Glasgow,True,11.1
CASE001572,Yuki Tanaka,yuki.tanaka1572@example.com,Email,Other,Bristol,True,6.5
CASE001573,Wei Garcia,wei.garcia1573@example.com,Email,Technical,London,True,13.2
CASE001574,James Khan,james.khan1574@example.com,Branch,Fraud,London,True,5.2
CASE001575,Wei Patel,wei.patel1575@example.com,Phone,Fraud,Birmingham,True,5.9
CASE001576,Aisha Nguyen,aisha.nguyen1576@example.com,Branch,Other,London,True,22.2
CASE001577,Liam Okafor,liam.okafor1577@example.com,Branch,Billing,Manchester,False,11.0
CASE001578,Noah Brown,noah.brown1578@example.com,Phone,Billing,Liverpool,True,2.5
CASE001579,Wei Kowalski,wei.kowalski1579@example.com,Branch,Billing,Bristol,True,28.2
CASE001580,Ivan Okafor,ivan.okafor1580@example.com,Phone,Service,Bristol,False,2.7
CASE001581,Sofia Ahmed,sofia.ahmed1581@example.com,Email,Fraud,Liverpool,True,23.7
CASE001582,Sofia Kowalski,sofia.kowalski1582@example.com,Phone,Other,Bristol,True,19.6
CASE001583,Mei Chen,mei.chen1583@example.com,Branch,Billing,Cardiff,True,5.7
CASE001584,Carlos Ahmed,carlos.ahmed1584@example.com,Email,Technical,Liverpool,False,8.9
CASE001585,Wei Kowalski,wei.kowalski1585@example.com,Email,Billing,Manchester,False,20.0
CASE001586,James Ali,james.ali1586@example.com,Phone,Fraud,London,True,23.1
CASE001587,Carlos Smith,carlos.smith1587@example.com,Chat,Fraud,Liverpool,True,14.3
CASE001588,Mary Ali,mary.ali1588@example.com,Phone,Billing,Leeds,True,27.5
CASE001589,Olu Silva,olu.silva1589@example.com,Chat,Fraud,Birmingham,True,35.0
CASE001590,Carlos Brown,carlos.brown1590@example.com,Chat,Other,Manchester,True,5.3
CASE001591,Olu Smith,olu.smith1591@example.com,Branch,Fraud,Liverpool,True,9.2
CASE001592,Fatima Andersson,fatima.andersson1592@example.com,Branch,Billing,Leeds,False,19.8
CASE001593,Liam Kowalski,liam.kowalski1593@example.com,Email,Technical,London,True,31.0
CASE001594,Mei Andersson,mei.andersson1594@example.com,Chat,Billing,Leeds,True,5.5
CASE001595,Ivan Ahmed,ivan.ahmed1595@example.com,Branch,Fraud,Bristol,True,10.2
CASE001596,Fatima Kowalski,fatima.kowalski1596@example.com,Phone,Technical,Manchester,True,22.3
CASE001597,Liam Ahmed,liam.ahmed1597@example.com,Chat,Other,Cardiff,False,13.4
CASE001598,Noah Silva,noah.silva1598@example.com,Chat,Fraud,Cardiff,False,12.9
CASE001599,Sofia Rossi,sofia.rossi1599@example.com,Email,Billing,Bristol,False,22.2
