meter_id,customer_name,email,postcode_area,tariff,kwh_monthly,peak_kw,has_solar
MTR0000000,Sofia Rossi,sofia.rossi0@example.com,BS4,Green,184.8,10.29,False
MTR0000001,Mary Rossi,mary.rossi1@example.com,M2,Economy7,435.9,10.45,True
MTR0000002,Yuki Kowalski,yuki.kowalski2@example.com,G5,Standard,165.4,10.16,False
MTR0000003,Fatima Silva,fatima.silva3@example.com,E1,Economy7,299.7,4.9,False
MTR0000004,Carlos Okafor,carlos.okafor4@example.com,E1,Green,291.9,9.69,False
MTR0000005,Priya Rossi,priya.rossi5@example.com,M2,Standard,433.5,10.43,False
MTR0000006,Mary Ahmed,mary.ahmed6@example.com,B3,Fixed12,291.3,2.98,False
MTR0000007,Noah Chen,noah.chen7@example.com,M2,Economy7,272.9,5.79,False
MTR0000008,Aisha Nguyen,aisha.nguyen8@example.com,G5,Fixed12,506.9,9.43,True
MTR0000009,James Garcia,james.garcia9@example.com,B3,Economy7,427.7,10.2,False
MTR0000010,Mohammed Chen,mohammed.chen10@example.com,M2,Economy7,168.0,10.53,False
MTR0000011,Mei Smith,mei.smith11@example.com,E1,Fixed12,218.7,9.2,False
MTR0000012,Mohammed Garcia,mohammed.garcia12@example.com,LS1,Economy7,300.5,11.34,False
MTR0000013,Fatima Khan,fatima.khan13@example.com,B3,Economy7,10.0,7.94,False
MTR0000014,Sofia Ahmed,sofia.ahmed14@example.com,LS1,Standard,498.9,9.33,False
MTR0000015,Yuki Patel,yuki.patel15@example.com,LS1,Standard,203.8,5.98,True
MTR0000016,James Nguyen,james.nguyen16@example.com,M2,Green,338.3,3.4,False
MTR0000017,Yuki Brown,yuki.brown17@example.com,G5,Standard,377.4,11.44,False
MTR0000018,Sofia Andersson,sofia.andersson18@example.com,BS4,Fixed12,354.7,11.76,False
MTR0000019,Liam Andersson,liam.andersson19@example.com,B3,Fixed12,238.2,4.06,False
MTR0000020,Sofia Brown,sofia.brown20@example.com,B3,Economy7,445.9,7.82,False
MTR0000021,Yuki Brown,yuki.brown21@example.com,LS1,Fixed12,385.4,1.86,False
MTR0000022,Fatima Kowalski,fatima.kowalski22@example.com,E1,Standard,322.0,5.8,False
MTR0000023,Mei Tanaka,mei.tanaka23@example.com,LS1,Green,388.2,6.09,True
MTR0000024,Noah Chen,noah.chen24@example.com,E1,Economy7,310.5,4.79,False
MTR0000025,Wei Tanaka,wei.tanaka25@example.com,M2,Fixed12,450.3,7.96,False
MTR0000026,Priya Patel,priya.patel26@example.com,BS4,Green,422.5,11.72,False
MTR0000027,Olu Brown,olu.brown27@example.com,M2,Economy7,244.7,5.04,False
MTR0000028,Sofia Khan,sofia.khan28@example.com,G5,Green,168.2,8.1,True
MTR0000029,Hannah Okafor,hannah.okafor29@example.com,M2,Economy7,153.4,8.47,False
MTR0000030,Olu Brown,olu.brown30@example.com,M2,Economy7,231.1,9.22,True
MTR0000031,Mohammed Andersson,mohammed.andersson31@example.com,B3,Fixed12,173.3,7.01,False
MTR0000032,Aisha Ali,aisha.ali32@example.com,G5,Green,302.2,10.56,False
MTR0000033,Fatima Okafor,fatima.okafor33@example.com,E1,Standard,165.2,11.64,False
MTR0000034,Liam Ahmed,liam.ahmed34@example.com,G5,Green,473.3,6.77,False
MTR0000035,Mary Nguyen,mary.nguyen35@example.com,E1,Standard,197.0,5.1,False
MTR0000036,Mary Kowalski,mary.kowalski36@example.com,G5,Green,288.6,1.12,False
MTR0000037,Sofia Brown,sofia.brown37@example.com,LS1,Fixed12,396.9,5.5,False
MTR0000038,Sofia Ali,sofia.ali38@example.com,LS1,Standard,326.6,7.06,False
MTR0000039,Liam Chen,liam.chen39@example.com,BS4,Fixed12,324.2,7.8,False
MTR0000040,Yuki Garcia,yuki.garcia40@example.com,E1,Fixed12,243.1,1.52,False
MTR0000041,James Andersson,james.andersson41@example.com,E1,Economy7,266.3,6.3,False
MTR0000042,Sofia Okafor,sofia.okafor42@example.com,E1,Standard,76.9,10.05,False
MTR0000043,Noah Brown,noah.brown43@example.com,B3,Fixed12,318.5,1.34,False
MTR0000044,Aisha Silva,aisha.silva44@example.com,LS1,Standard,148.4,7.43,True
MTR0000045,Mohammed Kowalski,mohammed.kowalski45@example.com,LS1,Economy7,196.3,8.33,False
MTR0000046,Mohammed Ahmed,mohammed.ahmed46@example.com,G5,Standard,276.5,1.84,False
MTR0000047,Hannah Patel,hannah.patel47@example.com,LS1,Fixed12,400.9,5.42,False
MTR0000048,Ivan Andersson,ivan.andersson48@example.com,E1,Fixed12,249.0,6.87,False
MTR0000049,Mary Silva,mary.silva49@example.com,BS4,Economy7,318.8,6.04,False
MTR0000050,Carlos Ali,carlos.ali50@example.com,G5,Fixed12,364.1,3.95,False
MTR0000051,Olu Nguyen,olu.nguyen51@example.com,M2,Standard,360.2,6.06,False
MTR0000052,James Garcia,james.garcia52@example.com,LS1,Economy7,356.2,10.38,False
MTR0000053,Sofia Patel,sofia.patel53@example.com,G5,Economy7,310.8,10.28,False
MTR0000054,Carlos Nguyen,carlos.nguyen54@example.com,BS4,Green,202.8,2.41,False
MTR0000055,James Andersson,james.andersson55@example.com,LS1,Standard,471.2,9.25,False
MTR0000056,Noah Garcia,noah.garcia56@example.com,BS4,Green,182.3,4.5,False
MTR0000057,Aisha Chen,aisha.chen57@example.com,B3,Economy7,197.6,3.2,False
MTR0000058,Wei Smith,wei.smith58@example.com,BS4,Standard,607.7,1.86,False
MTR0000059,Olu Kowalski,olu.kowalski59@example.com,LS1,Economy7,295.0,7.14,False
MTR0000060,Ivan Ali,ivan.ali60@example.com,LS1,Fixed12,280.0,3.2,False
MTR0000061,Fatima Brown,fatima.brown61@example.com,G5,Economy7,279.9,1.73,False
MTR0000062,Ivan Ahmed,ivan.ahmed62@example.com,E1,Economy7,193.9,5.75,False
MTR0000063,Mary Brown,mary.brown63@example.com,B3,Fixed12,295.1,5.9,False
MTR0000064,Yuki Nguyen,yuki.nguyen64@example.com,B3,Standard,260.9,4.53,False
MTR0000065,Sofia Smith,sofia.smith65@example.com,M2,Green,203.6,5.52,False
MTR0000066,Liam Ahmed,liam.ahmed66@example.com,LS1,Fixed12,487.6,1.68,False
MTR0000067,Mohammed Khan,mohammed.khan67@example.com,B3,Fixed12,277.0,11.83,True
MTR0000068,Liam Rossi,liam.rossi68@example.com,LS1,Economy7,300.6,4.08,True
MTR0000069,Sofia Okafor,sofia.okafor69@example.com,B3,Green,253.2,10.36,True
MTR0000070,Wei Ahmed,wei.ahmed70@example.com,M2,Standard,411.5,6.76,False
MTR0000071,James Smith,james.smith71@example.com,B3,Economy7,230.5,3.22,False
MTR0000072,Wei Nguyen,wei.nguyen72@example.com,LS1,Green,236.8,4.98,False
MTR0000073,James Smith,james.smith73@example.com,M2,Standard,219.9,3.98,False
MTR0000074,Mei Khan,mei.khan74@example.com,M2,Economy7,166.2,7.42,False
MTR0000075,Carlos Smith,carlos.smith75@example.com,G5,Standard,344.2,11.81,False
MTR0000076,Mohammed Ali,mohammed.ali76@example.com,E1,Standard,494.4,11.49,False
MTR0000077,Carlos Brown,carlos.brown77@example.com,E1,Green,370.3,6.67,True
MTR0000078,Aisha Garcia,aisha.garcia78@example.com,LS1,Green,251.4,8.63,False
MTR0000079,Sofia Garcia,sofia.garcia79@example.com,LS1,Fixed12,303.7,8.79,False
MTR0000080,Priya Nguyen,priya.nguyen80@example.com,M2,Fixed12,401.9,4.79,True
MTR0000081,Sofia Tanaka,sofia.tanaka81@example.com,LS1,Green,445.2,4.75,False
MTR0000082,Fatima Tanaka,fatima.tanaka82@example.com,B3,Fixed12,350.4,1.15,False
MTR0000083,Liam Rossi,liam.rossi83@example.com,BS4,Green,148.1,3.53,False
MTR0000084,Carlos Okafor,carlos.okafor84@example.com,BS4,Green,353.6,2.79,False
MTR0000085,Noah Brown,noah.brown85@example.com,G5,Standard,186.0,2.83,False
MTR0000086,Wei Ali,wei.ali86@example.com,M2,Fixed12,517.2,4.84,False
MTR0000087,Hannah Andersson,hannah.andersson87@example.com,LS1,Green,166.9,10.26,False
MTR0000088,Yuki Brown,yuki.brown88@example.com,B3,Green,484.9,9.53,True
MTR0000089,Wei Rossi,wei.rossi89@example.com,BS4,Green,208.7,10.29,False
MTR0000090,Sofia Andersson,sofia.andersson90@example.com,LS1,Economy7,328.3,5.47,False
MTR0000091,Mohammed Brown,mohammed.brown91@example.com,LS1,Standard,433.8,3.1,False
MTR0000092,Fatima Silva,fatima.silva92@example.com,BS4,Economy7,452.1,4.32,False
MTR0000093,Olu Ali,olu.ali93@example.com,LS1,Fixed12,308.9,10.24,False
MTR0000094,Ivan Nguyen,ivan.nguyen94@example.com,M2,Economy7,219.1,6.85,False
MTR0000095,Liam Garcia,liam.garcia95@example.com,LS1,Fixed12,454.1,10.97,False
MTR0000096,Yuki Ahmed,yuki.ahmed96@example.com,E1,Fixed12,286.7,9.91,False
MTR0000097,Yuki Tanaka,yuki.tanaka97@example.com,E1,Standard,343.9,8.48,False
MTR0000098,Mary Garcia,mary.garcia98@example.com,LS1,Standard,267.6,5.13,True
MTR0000099,Mei Patel,mei.patel99@example.com,BS4,Fixed12,306.6,7.29,False
MTR0000100,Yuki Khan,yuki.khan100@example.com,M2,Standard,166.0,5.36,False
MTR0000101,Priya Silva,priya.silva101@example.com,E1,Green,144.4,6.19,False
MTR0000102,Hannah Patel,hannah.patel102@example.com,E1,Economy7,226.9,11.64,False
MTR0000103,Noah Ali,noah.ali103@example.com,E1,Economy7,139.8,2.64,False
MTR0000104,Wei Chen,wei.chen104@example.com,BS4,Green,353.1,3.65,False
MTR0000105,Carlos Ahmed,carlos.ahmed105@example.com,M2,Fixed12,104.7,2.94,False
MTR0000106,Mei Kowalski,mei.kowalski106@example.com,BS4,Standard,458.1,7.93,True
MTR0000107,Mei Tanaka,mei.tanaka107@example.com,B3,Fixed12,328.0,5.32,True
MTR0000108,James Silva,james.silva108@example.com,G5,Fixed12,263.6,8.24,False
MTR0000109,Olu Tanaka,olu.tanaka109@example.com,B3,Green,300.5,5.55,False
MTR0000110,Ivan Tanaka,ivan.tanaka110@example.com,M2,Green,154.5,9.78,False
MTR0000111,Mei Nguyen,mei.nguyen111@example.com,LS1,Standard,445.9,6.54,False
MTR0000112,Yuki Andersson,yuki.andersson112@example.com,B3,Economy7,212.8,5.52,False
MTR0000113,James Okafor,james.okafor113@example.com,E1,Green,450.2,5.86,True
MTR0000114,Wei Andersson,wei.andersson114@example.com,LS1,Standard,351.5,10.22,True
MTR0000115,James Kowalski,james.kowalski115@example.com,BS4,Economy7,343.7,6.19,True
MTR0000116,Yuki Tanaka,yuki.tanaka116@example.com,BS4,Green,256.4,8.31,False
MTR0000117,Noah Nguyen,noah.nguyen117@example.com,LS1,Green,228.7,6.12,False
MTR0000118,Mary Silva,mary.silva118@example.com,B3,Standard,482.0,1.72,False
MTR0000119,Mei Chen,mei.chen119@example.com,M2,Fixed12,311.3,1.95,False
MTR0000120,Noah Khan,noah.khan120@example.com,M2,Economy7,311.0,1.38,False
MTR0000121,James Tanaka,james.tanaka121@example.com,LS1,Economy7,231.8,4.71,False
MTR0000122,Priya Chen,priya.chen122@example.com,M2,Economy7,212.5,11.72,False
MTR0000123,Noah Tanaka,noah.tanaka123@example.com,E1,Standard,453.5,5.45,False
MTR0000124,Olu Chen,olu.chen124@example.com,M2,Green,326.6,6.08,False
MTR0000125,Mohammed Garcia,mohammed.garcia125@example.com,M2,Economy7,341.9,11.93,False
MTR0000126,Aisha Patel,aisha.patel126@example.com,E1,Standard,258.6,9.25,False
MTR0000127,Yuki Nguyen,yuki.nguyen127@example.com,LS1,Standard,133.2,5.89,False
MTR0000128,James Silva,james.silva128@example.com,B3,Economy7,339.8,8.95,True
MTR0000129,Priya Smith,priya.smith129@example.com,G5,Standard,320.2,5.8,False
MTR0000130,Mary Khan,mary.khan130@example.com,G5,Green,410.0,11.32,False
MTR0000131,Mary Ali,mary.ali131@example.com,M2,Green,263.0,2.78,False
MTR0000132,Mohammed Brown,mohammed.brown132@example.com,M2,Economy7,358.0,7.46,False
MTR0000133,Carlos Ali,carlos.ali133@example.com,E1,Fixed12,253.9,3.32,False
MTR0000134,Aisha Rossi,aisha.rossi134@example.com,G5,Fixed12,385.1,7.85,False
MTR0000135,Noah Andersson,noah.andersson135@example.com,BS4,Standard,320.6,4.39,True
MTR0000136,Fatima Chen,fatima.chen136@example.com,G5,Fixed12,223.8,5.31,False
MTR0000137,Aisha Nguyen,aisha.nguyen137@example.com,M2,Fixed12,200.2,10.19,False
MTR0000138,Liam Smith,liam.smith138@example.com,BS4,Green,230.7,10.19,False
MTR0000139,Olu Rossi,olu.rossi139@example.com,BS4,Standard,243.5,7.52,False
MTR0000140,Sofia Silva,sofia.silva140@example.com,LS1,Fixed12,358.1,6.78,False
MTR0000141,Yuki Kowalski,yuki.kowalski141@example.com,E1,Standard,534.6,7.69,False
MTR0000142,James Chen,james.chen142@example.com,G5,Standard,339.9,9.22,True
MTR0000143,Mary Rossi,mary.rossi143@example.com,M2,Fixed12,236.0,6.06,False
MTR0000144,Wei Patel,wei.patel144@example.com,LS1,Green,338.9,5.47,False
MTR0000145,James Andersson,james.andersson145@example.com,M2,Fixed12,391.0,8.55,False
MTR0000146,Aisha Kowalski,aisha.kowalski146@example.com,B3,Green,233.5,3.1,False
MTR0000147,Aisha Rossi,aisha.rossi147@example.com,M2,Economy7,268.2,5.82,False
MTR0000148,Olu Rossi,olu.rossi148@example.com,M2,Standard,320.9,3.85,True
MTR0000149,Fatima Ahmed,fatima.ahmed149@example.com,B3,Green,243.5,10.28,False
MTR0000150,Mary Brown,mary.brown150@example.com,BS4,Economy7,317.8,7.68,False
MTR0000151,Yuki Khan,yuki.khan151@example.com,B3,Fixed12,274.0,10.79,True
MTR0000152,Mei Okafor,mei.okafor152@example.com,LS1,Green,532.9,2.12,False
MTR0000153,Priya Patel,priya.patel153@example.com,BS4,Economy7,221.3,1.53,False
MTR0000154,Fatima Khan,fatima.khan154@example.com,LS1,Economy7,74.1,6.06,False
MTR0000155,Mary Chen,mary.chen155@example.com,M2,Standard,327.7,1.02,False
MTR0000156,Mei Ahmed,mei.ahmed156@example.com,M2,Fixed12,331.0,2.99,False
MTR0000157,Noah Rossi,noah.rossi157@example.com,BS4,Green,331.6,1.57,True
MTR0000158,Olu Nguyen,olu.nguyen158@example.com,M2,Green,427.0,6.22,False
MTR0000159,Fatima Silva,fatima.silva159@example.com,E1,Standard,442.7,6.21,False
MTR0000160,Liam Brown,liam.brown160@example.com,M2,Standard,184.4,7.04,False
MTR0000161,Wei Garcia,wei.garcia161@example.com,M2,Fixed12,55.6,6.26,False
MTR0000162,Mary Khan,mary.khan162@example.com,M2,Standard,380.3,5.83,False
MTR0000163,Carlos Ahmed,carlos.ahmed163@example.com,BS4,Green,316.3,7.09,False
MTR0000164,Hannah Kowalski,hannah.kowalski164@example.com,B3,Green,117.5,7.02,False
MTR0000165,Mary Andersson,mary.andersson165@example.com,M2,Economy7,284.1,1.22,False
MTR0000166,Noah Brown,noah.brown166@example.com,B3,Economy7,467.3,3.41,False
MTR0000167,Noah Ali,noah.ali167@example.com,M2,Green,356.4,5.45,False
MTR0000168,Noah Rossi,noah.rossi168@example.com,BS4,Economy7,278.9,1.09,False
MTR0000169,Noah Tanaka,noah.tanaka169@example.com,B3,Economy7,374.6,4.93,False
MTR0000170,Ivan Okafor,ivan.okafor170@example.com,M2,Fixed12,481.1,11.03,True
MTR0000171,Noah Okafor,noah.okafor171@example.com,G5,Green,419.6,3.96,False
MTR0000172,Mei Garcia,mei.garcia172@example.com,G5,Economy7,515.0,11.19,True
MTR0000173,Noah Rossi,noah.rossi173@example.com,B3,Green,327.5,8.78,False
MTR0000174,Yuki Nguyen,yuki.nguyen174@example.com,G5,Fixed12,286.2,9.19,False
MTR0000175,Carlos Kowalski,carlos.kowalski175@example.com,LS1,Standard,379.4,2.71,True
MTR0000176,Liam Tanaka,liam.tanaka176@example.com,B3,Economy7,350.1,7.69,False
MTR0000177,Hannah Smith,hannah.smith177@example.com,B3,Economy7,441.8,2.77,False
MTR0000178,Ivan Brown,ivan.brown178@example.com,M2,Standard,165.5,4.9,False
MTR0000179,James Andersson,james.andersson179@example.com,LS1,Green,331.6,2.89,False
MTR0000180,Ivan Rossi,ivan.rossi180@example.com,BS4,Green,314.4,10.11,False
MTR0000181,Sofia Okafor,sofia.okafor181@example.com,LS1,Economy7,445.5,10.15,False
MTR0000182,Noah Nguyen,noah.nguyen182@example.com,B3,Green,195.8,2.77,False
MTR0000183,Fatima Rossi,fatima.rossi183@example.com,LS1,Economy7,329.6,3.84,False
MTR0000184,Mary Tanaka,mary.tanaka184@example.com,E1,Green,289.6,1.97,False
MTR0000185,Mary Okafor,mary.okafor185@example.com,G5,Green,279.4,6.97,False
MTR0000186,Aisha Nguyen,aisha.nguyen186@example.com,E1,Economy7,241.7,7.95,False
MTR0000187,Hannah Kowalski,hannah.kowalski187@example.com,BS4,Fixed12,300.6,10.49,False
MTR0000188,Sofia Okafor,sofia.okafor188@example.com,LS1,Standard,10.0,9.91,False
MTR0000189,Wei Okafor,wei.okafor189@example.com,B3,Economy7,264.9,1.05,False
MTR0000190,Priya Kowalski,priya.kowalski190@example.com,E1,Fixed12,260.0,5.49,True
MTR0000191,Priya Okafor,priya.okafor191@example.com,BS4,Fixed12,391.7,7.18,False
MTR0000192,Mary Chen,mary.chen192@example.com,B3,Economy7,222.7,9.8,False
MTR0000193,Yuki Nguyen,yuki.nguyen193@example.com,G5,Fixed12,86.8,10.44,False
MTR0000194,Priya Smith,priya.smith194@example.com,B3,Standard,280.3,8.07,False
MTR0000195,Ivan Ali,ivan.ali195@example.com,LS1,Fixed12,123.1,6.0,False
MTR0000196,Mei Nguyen,mei.nguyen196@example.com,B3,Standard,449.1,11.02,True
MTR0000197,Mary Brown,mary.brown197@example.com,B3,Economy7,217.3,2.16,False
MTR0000198,Hannah Kowalski,hannah.kowalski198@example.com,B3,Fixed12,328.7,6.67,False
MTR0000199,Priya Ali,priya.ali199@example.com,E1,Economy7,283.6,6.35,False
MTR0000200,Priya Ahmed,priya.ahmed200@example.com,M2,Green,329.9,5.74,False
MTR0000201,Hannah Khan,hannah.khan201@example.com,B3,Standard,387.7,6.69,False
MTR0000202,James Silva,james.silva202@example.com,LS1,Economy7,476.2,8.86,False
MTR0000203,Noah Silva,noah.silva203@example.com,LS1,Economy7,480.2,3.98,False
MTR0000204,Priya Ahmed,priya.ahmed204@example.com,M2,Fixed12,282.3,6.68,False
MTR0000205,Hannah Okafor,hannah.okafor205@example.com,B3,Green,425.8,8.4,False
MTR0000206,Aisha Okafor,aisha.okafor206@example.com,M2,Standard,211.3,4.22,False
MTR0000207,Mei Ali,mei.ali207@example.com,E1,Standard,121.3,6.0,False
MTR0000208,Priya Khan,priya.khan208@example.com,G5,Fixed12,287.8,6.08,False
MTR0000209,Mohammed Nguyen,mohammed.nguyen209@example.com,M2,Economy7,517.1,2.26,False
MTR0000210,Wei Rossi,wei.rossi210@example.com,M2,Economy7,178.1,5.1,False
MTR0000211,Ivan Andersson,ivan.andersson211@example.com,BS4,Green,363.9,6.41,False
MTR0000212,Ivan Brown,ivan.brown212@example.com,LS1,Economy7,429.6,11.2,False
MTR0000213,Hannah Patel,hannah.patel213@example.com,LS1,Economy7,393.7,10.76,False
MTR0000214,Fatima Brown,fatima.brown214@example.com,BS4,Economy7,492.9,11.02,False
MTR0000215,Mohammed Khan,mohammed.khan215@example.com,BS4,Standard,553.0,11.74,False
MTR0000216,Carlos Rossi,carlos.rossi216@example.com,LS1,Standard,99.6,7.43,False
MTR0000217,Mohammed Nguyen,mohammed.nguyen217@example.com,LS1,Economy7,373.9,11.9,False
MTR0000218,Sofia Garcia,sofia.garcia218@example.com,M2,Fixed12,220.0,9.63,False
MTR0000219,Sofia Smith,sofia.smith219@example.com,E1,Economy7,477.9,2.17,False
MTR0000220,Carlos Smith,carlos.smith220@example.com,LS1,Green,322.7,1.51,False
MTR0000221,James Kowalski,james.kowalski221@example.com,BS4,Standard,10.0,8.16,False
MTR0000222,Ivan Khan,ivan.khan222@example.com,G5,Green,408.8,4.75,False
MTR0000223,Olu Tanaka,olu.tanaka223@example.com,G5,Fixed12,281.0,4.06,True
MTR0000224,Noah Nguyen,noah.nguyen224@example.com,E1,Green,454.6,8.24,True
MTR0000225,Carlos Patel,carlos.patel225@example.com,M2,Standard,362.8,2.32,False
MTR0000226,Yuki Chen,yuki.chen226@example.com,BS4,Economy7,438.1,4.66,False
MTR0000227,Priya Garcia,priya.garcia227@example.com,M2,Economy7,515.4,6.62,False
MTR0000228,Noah Silva,noah.silva228@example.com,BS4,Economy7,452.2,8.76,True
MTR0000229,Priya Tanaka,priya.tanaka229@example.com,LS1,Economy7,372.6,4.97,False
MTR0000230,Mary Silva,mary.silva230@example.com,LS1,Standard,336.2,5.78,False
MTR0000231,Fatima Okafor,fatima.okafor231@example.com,M2,Standard,379.2,10.72,False
MTR0000232,Yuki Ali,yuki.ali232@example.com,G5,Economy7,153.0,10.5,True
MTR0000233,Mary Nguyen,mary.nguyen233@example.com,B3,Fixed12,235.5,6.13,False
MTR0000234,Mohammed Nguyen,mohammed.nguyen234@example.com,B3,Green,297.5,5.82,False
MTR0000235,Carlos Andersson,carlos.andersson235@example.com,BS4,Standard,255.9,11.52,False
MTR0000236,Noah Tanaka,noah.tanaka236@example.com,M2,Standard,382.4,10.4,False
MTR0000237,Wei Smith,wei.smith237@example.com,E1,Green,436.7,11.46,True
MTR0000238,Carlos Okafor,carlos.okafor238@example.com,LS1,Green,393.2,10.8,False
MTR0000239,Wei Kowalski,wei.kowalski239@example.com,E1,Economy7,229.3,9.74,True
MTR0000240,Ivan Patel,ivan.patel240@example.com,G5,Fixed12,201.2,3.8,True
MTR0000241,Mei Ali,mei.ali241@example.com,B3,Fixed12,416.6,11.92,False
MTR0000242,Priya Rossi,priya.rossi242@example.com,E1,Fixed12,57.7,1.82,False
MTR0000243,Mohammed Garcia,mohammed.garcia243@example.com,B3,Standard,286.7,11.85,False
MTR0000244,Ivan Kowalski,ivan.kowalski244@example.com,E1,Fixed12,389.7,8.39,False
MTR0000245,Carlos Okafor,carlos.okafor245@example.com,E1,Standard,562.6,3.31,False
MTR0000246,Wei Chen,wei.chen246@example.com,M2,Economy7,404.4,11.17,False
MTR0000247,Mohammed Khan,mohammed.khan247@example.com,G5,Fixed12,288.1,9.74,True
MTR0000248,Liam Smith,liam.smith248@example.com,G5,Green,115.8,8.62,False
MTR0000249,Hannah Smith,hannah.smith249@example.com,E1,Standard,492.2,6.67,False
MTR0000250,Priya Nguyen,priya.nguyen250@example.com,G5,Green,372.6,6.3,False
MTR0000251,Olu Smith,olu.smith251@example.com,G5,Green,189.4,2.88,False
MTR0000252,Mohammed Kowalski,mohammed.kowalski252@example.com,LS1,Economy7,134.1,6.57,True
MTR0000253,Mei Andersson,mei.andersson253@example.com,LS1,Fixed12,124.5,1.03,False
MTR0000254,Fatima Ali,fatima.ali254@example.com,BS4,Green,454.1,6.34,False
MTR0000255,Wei Kowalski,wei.kowalski255@example.com,LS1,Standard,167.3,7.53,False
MTR0000256,Priya Okafor,priya.okafor256@example.com,E1,Fixed12,406.1,3.98,False
MTR0000257,Mary Andersson,mary.andersson257@example.com,B3,Standard,214.1,6.9,True
MTR0000258,Aisha Ali,aisha.ali258@example.com,BS4,Fixed12,263.5,7.89,False
MTR0000259,Wei Khan,wei.khan259@example.com,BS4,Green,363.0,9.56,False
MTR0000260,Yuki Patel,yuki.patel260@example.com,BS4,Fixed12,249.6,11.52,False
MTR0000261,Wei Silva,wei.silva261@example.com,LS1,Standard,126.5,7.67,False
MTR0000262,Mohammed Kowalski,mohammed.kowalski262@example.com,LS1,Green,439.0,7.05,False
MTR0000263,Yuki Khan,yuki.khan263@example.com,G5,Economy7,232.0,10.6,False
MTR0000264,Mei Chen,mei.chen264@example.com,G5,Economy7,452.0,1.04,False
MTR0000265,Mary Chen,mary.chen265@example.com,B3,Fixed12,364.4,5.53,False
MTR0000266,Mei Khan,mei.khan266@example.com,M2,Fixed12,230.5,5.34,True
MTR0000267,Yuki Patel,yuki.patel267@example.com,E1,Economy7,232.9,7.13,False
MTR0000268,Olu Andersson,olu.andersson268@example.com,B3,Fixed12,291.3,1.63,False
MTR0000269,Sofia Brown,sofia.brown269@example.com,E1,Standard,303.2,2.03,False
MTR0000270,Priya Tanaka,priya.tanaka270@example.com,M2,Green,252.1,2.66,False
MTR0000271,Liam Smith,liam.smith271@example.com,B3,Standard,350.1,6.59,True
MTR0000272,Yuki Ahmed,yuki.ahmed272@example.com,E1,Fixed12,480.3,3.34,False
MTR0000273,Aisha Chen,aisha.chen273@example.com,G5,Standard,331.3,3.41,False
MTR0000274,Ivan Silva,ivan.silva274@example.com,E1,Standard,269.1,8.13,False
MTR0000275,Carlos Ali,carlos.ali275@example.com,B3,Standard,232.5,1.52,True
MTR0000276,Liam Patel,liam.patel276@example.com,BS4,Fixed12,160.8,6.98,True
MTR0000277,Noah Garcia,noah.garcia277@example.com,E1,Fixed12,405.5,7.54,False
MTR0000278,Sofia Nguyen,sofia.nguyen278@example.com,LS1,Standard,541.6,10.74,False
MTR0000279,Priya Okafor,priya.okafor279@example.com,LS1,Green,400.8,10.86,True
MTR0000280,Olu Khan,olu.khan280@example.com,G5,Fixed12,218.5,7.39,True
MTR0000281,Wei Ali,wei.ali281@example.com,G5,Economy7,373.2,5.41,False
MTR0000282,Aisha Ahmed,aisha.ahmed282@example.com,G5,Standard,348.4,11.92,False
MTR0000283,Carlos Kowalski,carlos.kowalski283@example.com,G5,Economy7,326.5,7.06,False
MTR0000284,James Okafor,james.okafor284@example.com,BS4,Green,181.9,3.32,False
MTR0000285,Liam Andersson,liam.andersson285@example.com,BS4,Economy7,329.5,7.93,False
MTR0000286,Olu Chen,olu.chen286@example.com,LS1,Green,313.8,5.79,False
MTR0000287,Mary Smith,mary.smith287@example.com,M2,Economy7,135.0,9.01,False
MTR0000288,Mary Andersson,mary.andersson288@example.com,B3,Fixed12,231.2,1.13,False
MTR0000289,Sofia Chen,sofia.chen289@example.com,LS1,Green,457.4,8.06,False
MTR0000290,Hannah Smith,hannah.smith290@example.com,E1,Green,69.8,9.67,True
MTR0000291,Mohammed Khan,mohammed.khan291@example.com,BS4,Green,281.1,6.23,False
MTR0000292,Ivan Ahmed,ivan.ahmed292@example.com,BS4,Green,358.1,10.4,False
MTR0000293,Noah Tanaka,noah.tanaka293@example.com,G5,Fixed12,248.0,8.67,False
MTR0000294,Mary Nguyen,mary.nguyen294@example.com,LS1,Standard,266.6,3.9,False
MTR0000295,Mohammed Nguyen,mohammed.nguyen295@example.com,BS4,Fixed12,287.6,5.59,True
MTR0000296,Fatima Andersson,fatima.andersson296@example.com,E1,Fixed12,373.1,7.32,False
MTR0000297,Yuki Garcia,yuki.garcia297@example.com,BS4,Standard,244.7,5.33,True
MTR0000298,Mohammed Smith,mohammed.smith298@example.com,BS4,Economy7,220.5,9.53,True
MTR0000299,Mei Ahmed,mei.ahmed299@example.com,B3,Economy7,195.6,4.27,False
MTR0000300,Fatima Chen,fatima.chen300@example.com,LS1,Standard,176.2,6.08,True
MTR0000301,Liam Rossi,liam.rossi301@example.com,E1,Standard,467.6,10.82,True
MTR0000302,Mei Brown,mei.brown302@example.com,E1,Green,277.6,3.7,False
MTR0000303,Olu Silva,olu.silva303@example.com,BS4,Economy7,206.4,1.46,False
MTR0000304,Wei Smith,wei.smith304@example.com,LS1,Green,602.1,1.96,True
MTR0000305,Hannah Silva,hannah.silva305@example.com,BS4,Standard,410.5,3.2,False
MTR0000306,Aisha Silva,aisha.silva306@example.com,G5,Green,252.8,1.49,False
MTR0000307,Priya Nguyen,priya.nguyen307@example.com,E1,Green,257.8,10.98,False
MTR0000308,Fatima Brown,fatima.brown308@example.com,B3,Economy7,298.5,6.41,False
MTR0000309,Wei Rossi,wei.rossi309@example.com,E1,Economy7,465.6,5.02,False
MTR0000310,Yuki Silva,yuki.silva310@example.com,G5,Standard,447.0,3.7,True
MTR0000311,Carlos Ali,carlos.ali311@example.com,LS1,Green,215.6,1.13,False
MTR0000312,Carlos Andersson,carlos.andersson312@example.com,G5,Fixed12,447.2,4.71,False
MTR0000313,Sofia Kowalski,sofia.kowalski313@example.com,M2,Economy7,201.3,7.83,False
MTR0000314,Carlos Rossi,carlos.rossi314@example.com,LS1,Economy7,159.5,10.53,False
MTR0000315,Ivan Patel,ivan.patel315@example.com,M2,Standard,263.1,1.13,False
MTR0000316,Sofia Ali,sofia.ali316@example.com,BS4,Standard,368.4,8.41,False
MTR0000317,Yuki Andersson,yuki.andersson317@example.com,LS1,Economy7,319.4,5.71,False
MTR0000318,Mei Chen,mei.chen318@example.com,M2,Fixed12,174.2,10.7,False
MTR0000319,Aisha Chen,aisha.chen319@example.com,BS4,Standard,277.9,5.58,False
MTR0000320,Aisha Patel,aisha.patel320@example.com,M2,Standard,263.2,6.46,False
MTR0000321,James Ahmed,james.ahmed321@example.com,LS1,Economy7,240.6,5.31,True
MTR0000322,Priya Okafor,priya.okafor322@example.com,BS4,Green,320.3,2.91,False
MTR0000323,Liam Patel,liam.patel323@example.com,LS1,Fixed12,226.5,1.78,False
MTR0000324,Fatima Ahmed,fatima.ahmed324@example.com,G5,Fixed12,263.2,5.14,True
MTR0000325,Olu Brown,olu.brown325@example.com,M2,Green,386.6,9.08,False
MTR0000326,James Ahmed,james.ahmed326@example.com,LS1,Fixed12,332.9,5.08,True
MTR0000327,James Kowalski,james.kowalski327@example.com,M2,Green,470.2,2.47,True
MTR0000328,Fatima Ali,fatima.ali328@example.com,BS4,Green,208.4,10.53,False
MTR0000329,Liam Okafor,liam.okafor329@example.com,LS1,Economy7,167.9,3.71,True
MTR0000330,James Andersson,james.andersson330@example.com,BS4,Fixed12,216.1,9.56,True
MTR0000331,James Tanaka,james.tanaka331@example.com,M2,Standard,165.7,6.27,False
MTR0000332,Liam Andersson,liam.andersson332@example.com,G5,Fixed12,332.4,3.16,False
MTR0000333,Mei Chen,mei.chen333@example.com,BS4,Green,43.9,7.31,True
MTR0000334,Aisha Chen,aisha.chen334@example.com,B3,Standard,318.5,3.95,False
MTR0000335,Mei Ahmed,mei.ahmed335@example.com,M2,Economy7,534.4,9.38,False
MTR0000336,Yuki Smith,yuki.smith336@example.com,E1,Fixed12,350.2,11.92,False
MTR0000337,Noah Garcia,noah.garcia337@example.com,BS4,Fixed12,446.8,2.01,False
MTR0000338,Liam Rossi,liam.rossi338@example.com,G5,Fixed12,354.9,9.2,False
MTR0000339,Noah Kowalski,noah.kowalski339@example.com,B3,Green,380.4,9.22,False
MTR0000340,James Ahmed,james.ahmed340@example.com,B3,Fixed12,392.3,8.33,False
MTR0000341,James Chen,james.chen341@example.com,B3,Standard,310.5,8.97,False
MTR0000342,Carlos Patel,carlos.patel342@example.com,LS1,Standard,298.3,3.23,False
MTR0000343,Mohammed Tanaka,mohammed.tanaka343@example.com,LS1,Green,172.2,10.19,False
MTR0000344,Ivan Okafor,ivan.okafor344@example.com,LS1,Economy7,374.4,9.99,False
MTR0000345,Aisha Nguyen,aisha.nguyen345@example.com,BS4,Standard,169.4,6.21,False
MTR0000346,James Kowalski,james.kowalski346@example.com,BS4,Standard,135.2,3.15,False
MTR0000347,Sofia Smith,sofia.smith347@example.com,M2,Standard,263.2,2.38,False
MTR0000348,James Smith,james.smith348@example.com,BS4,Green,10.0,2.77,False
MTR0000349,Mei Okafor,mei.okafor349@example.com,G5,Standard,535.8,2.99,False
MTR0000350,Mary Chen,mary.chen350@example.com,M2,Fixed12,418.6,9.89,False
MTR0000351,Yuki Kowalski,yuki.kowalski351@example.com,M2,Fixed12,329.1,6.14,False
MTR0000352,Wei Patel,wei.patel352@example.com,LS1,Fixed12,249.1,7.72,False
MTR0000353,Olu Andersson,olu.andersson353@example.com,LS1,Fixed12,285.2,4.8,False
MTR0000354,Wei Garcia,wei.garcia354@example.com,G5,Standard,239.6,4.02,False
MTR0000355,Sofia Ahmed,sofia.ahmed355@example.com,LS1,Fixed12,286.8,10.55,False
MTR0000356,Noah Okafor,noah.okafor356@example.com,G5,Economy7,344.3,4.95,False
MTR0000357,Liam Nguyen,liam.nguyen357@example.com,M2,Economy7,413.8,4.76,False
MTR0000358,Wei Khan,wei.khan358@example.com,M2,Economy7,176.5,8.81,False
MTR0000359,Ivan Andersson,ivan.andersson359@example.com,M2,Green,185.3,9.62,False
MTR0000360,Mei Khan,mei.khan360@example.com,E1,Economy7,151.2,3.41,False
MTR0000361,Liam Ahmed,liam.ahmed361@example.com,M2,Economy7,368.1,6.39,True
MTR0000362,Carlos Garcia,carlos.garcia362@example.com,BS4,Standard,366.4,9.25,False
MTR0000363,Mei Patel,mei.patel363@example.com,LS1,Fixed12,358.5,11.33,False
MTR0000364,Fatima Ali,fatima.ali364@example.com,M2,Standard,422.7,10.61,False
MTR0000365,Fatima Ahmed,fatima.ahmed365@example.com,G5,Green,306.3,2.2,False
MTR0000366,Noah Rossi,noah.rossi366@example.com,B3,Fixed12,368.6,8.85,False
MTR0000367,Fatima Chen,fatima.chen367@example.com,LS1,Green,388.4,10.98,True
MTR0000368,Olu Ahmed,olu.ahmed368@example.com,M2,Fixed12,411.5,5.7,False
MTR0000369,Carlos Kowalski,carlos.kowalski369@example.com,M2,Economy7,140.9,10.25,False
MTR0000370,Yuki Kowalski,yuki.kowalski370@example.com,E1,Standard,337.9,2.57,False
MTR0000371,Hannah Garcia,hannah.garcia371@example.com,M2,Standard,335.0,4.77,False
MTR0000372,Liam Tanaka,liam.tanaka372@example.com,E1,Standard,268.3,8.6,False
MTR0000373,Fatima Garcia,fatima.garcia373@example.com,M2,Economy7,178.3,8.25,False
MTR0000374,Aisha Patel,aisha.patel374@example.com,M2,Green,379.4,7.64,False
MTR0000375,Wei Okafor,wei.okafor375@example.com,LS1,Standard,84.4,9.45,False
MTR0000376,Noah Brown,noah.brown376@example.com,G5,Green,448.6,6.59,True
MTR0000377,Ivan Andersson,ivan.andersson377@example.com,BS4,Economy7,347.6,2.23,True
MTR0000378,Priya Okafor,priya.okafor378@example.com,M2,Economy7,29.8,7.57,False
MTR0000379,Mohammed Okafor,mohammed.okafor379@example.com,E1,Green,274.4,7.25,False
MTR0000380,Mei Chen,mei.chen380@example.com,LS1,Standard,344.1,1.93,False
MTR0000381,Olu Nguyen,olu.nguyen381@example.com,LS1,Green,277.5,4.05,False
MTR0000382,Hannah Brown,hannah.brown382@example.com,LS1,Standard,26.8,11.8,False
MTR0000383,Aisha Kowalski,aisha.kowalski383@example.com,M2,Fixed12,217.7,9.84,False
MTR0000384,Hannah Nguyen,hannah.nguyen384@example.com,LS1,Economy7,335.7,3.38,False
MTR0000385,Aisha Kowalski,aisha.kowalski385@example.com,LS1,Standard,173.8,2.7,False
MTR0000386,Mei Smith,mei.smith386@example.com,BS4,Fixed12,75.5,7.44,False
MTR0000387,Aisha Smith,aisha.smith387@example.com,M2,Economy7,505.4,4.41,False
MTR0000388,Noah Ali,noah.ali388@example.com,M2,Green,314.1,6.11,False
MTR0000389,Fatima Rossi,fatima.rossi389@example.com,LS1,Green,445.4,3.1,True
MTR0000390,Sofia Tanaka,sofia.tanaka390@example.com,G5,Green,309.8,3.59,False
MTR0000391,Olu Khan,olu.khan391@example.com,B3,Fixed12,205.5,9.54,True
MTR0000392,Carlos Silva,carlos.silva392@example.com,E1,Standard,206.0,4.97,True
MTR0000393,James Tanaka,james.tanaka393@example.com,M2,Economy7,319.6,6.74,False
MTR0000394,Aisha Ahmed,aisha.ahmed394@example.com,E1,Standard,267.3,2.25,True
MTR0000395,Yuki Khan,yuki.khan395@example.com,M2,Fixed12,114.3,1.4,False
MTR0000396,Noah Khan,noah.khan396@example.com,LS1,Economy7,35.3,4.53,False
MTR0000397,Mary Ali,mary.ali397@example.com,BS4,Standard,104.4,9.81,False
MTR0000398,Ivan Kowalski,ivan.kowalski398@example.com,BS4,Standard,269.9,3.19,False
MTR0000399,Mohammed Tanaka,mohammed.tanaka399@example.com,M2,Green,318.9,11.34,True
MTR0000400,Olu Khan,olu.khan400@example.com,BS4,Standard,16.6,8.19,False
MTR0000401,Mary Rossi,mary.rossi401@example.com,G5,Fixed12,341.4,10.6,False
MTR0000402,Aisha Tanaka,aisha.tanaka402@example.com,B3,Standard,191.6,8.14,False
MTR0000403,Yuki Silva,yuki.silva403@example.com,M2,Fixed12,215.9,6.66,False
MTR0000404,Carlos Kowalski,carlos.kowalski404@example.com,E1,Fixed12,344.1,5.37,False
MTR0000405,Mei Rossi,mei.rossi405@example.com,B3,Standard,356.0,11.7,False
MTR0000406,Wei Garcia,wei.garcia406@example.com,E1,Economy7,112.9,7.73,True
MTR0000407,Mohammed Brown,mohammed.brown407@example.com,BS4,Standard,114.9,10.64,False
MTR0000408,Mary Brown,mary.brown408@example.com,M2,Economy7,166.8,1.84,False
MTR0000409,Olu Chen,olu.chen409@example.com,B3,Economy7,359.6,6.46,False
MTR0000410,Fatima Andersson,fatima.andersson410@example.com,B3,Standard,98.0,4.51,False
MTR0000411,Ivan Smith,ivan.smith411@example.com,M2,Green,377.5,7.18,False
MTR0000412,Carlos Smith,carlos.smith412@example.com,G5,Economy7,374.6,5.68,False
MTR0000413,Mei Smith,mei.smith413@example.com,LS1,Standard,322.2,11.89,True
MTR0000414,Olu Chen,olu.chen414@example.com,E1,Fixed12,247.1,2.37,False
MTR0000415,Wei Smith,wei.smith415@example.com,E1,Green,220.6,5.03,True
MTR0000416,Aisha Silva,aisha.silva416@example.com,LS1,Standard,86.5,5.55,False
MTR0000417,Mary Silva,mary.silva417@example.com,BS4,Fixed12,10.0,2.01,False
MTR0000418,Priya Ahmed,priya.ahmed418@example.com,B3,Standard,320.9,5.49,False
MTR0000419,Ivan Nguyen,ivan.nguyen419@example.com,BS4,Economy7,158.8,4.55,False
MTR0000420,Fatima Tanaka,fatima.tanaka420@example.com,LS1,Fixed12,439.5,2.67,False
MTR0000421,Noah Kowalski,noah.kowalski421@example.com,E1,Green,441.4,1.37,False
MTR0000422,Mohammed Okafor,mohammed.okafor422@example.com,G5,Fixed12,234.1,7.21,False
MTR0000423,James Patel,james.patel423@example.com,E1,Standard,285.9,3.03,False
MTR0000424,Olu Ahmed,olu.ahmed424@example.com,M2,Fixed12,89.9,6.88,False
MTR0000425,Mohammed Chen,mohammed.chen425@example.com,E1,Green,303.6,11.17,False
MTR0000426,Olu Tanaka,olu.tanaka426@example.com,BS4,Fixed12,414.3,3.79,False
MTR0000427,Priya Patel,priya.patel427@example.com,B3,Economy7,327.8,5.25,False
MTR0000428,Ivan Chen,ivan.chen428@example.com,G5,Economy7,415.1,8.16,False
MTR0000429,Sofia Rossi,sofia.rossi429@example.com,LS1,Economy7,358.2,2.97,False
MTR0000430,Sofia Tanaka,sofia.tanaka430@example.com,M2,Fixed12,86.3,5.17,False
MTR0000431,Aisha Okafor,aisha.okafor431@example.com,G5,Economy7,214.7,3.51,False
MTR0000432,Wei Smith,wei.smith432@example.com,B3,Economy7,217.0,1.36,False
MTR0000433,Ivan Ahmed,ivan.ahmed433@example.com,LS1,Fixed12,191.0,8.06,False
MTR0000434,Priya Nguyen,priya.nguyen434@example.com,M2,Green,358.5,3.02,False
MTR0000435,James Ahmed,james.ahmed435@example.com,BS4,Fixed12,127.6,10.12,False
MTR0000436,Yuki Silva,yuki.silva436@example.com,E1,Green,261.7,7.75,False
MTR0000437,Mei Okafor,mei.okafor437@example.com,E1,Standard,151.0,7.52,False
MTR0000438,Carlos Ali,carlos.ali438@example.com,G5,Standard,121.8,8.5,False
MTR0000439,Mei Smith,mei.smith439@example.com,BS4,Fixed12,352.1,1.08,False
MTR0000440,Fatima Khan,fatima.khan440@example.com,BS4,Fixed12,331.5,6.34,False
MTR0000441,James Patel,james.patel441@example.com,E1,Fixed12,405.8,3.99,True
MTR0000442,Yuki Nguyen,yuki.nguyen442@example.com,M2,Economy7,232.0,11.69,False
MTR0000443,Aisha Garcia,aisha.garcia443@example.com,E1,Fixed12,455.9,1.89,False
MTR0000444,Priya Okafor,priya.okafor444@example.com,M2,Fixed12,377.8,11.44,False
MTR0000445,James Chen,james.chen445@example.com,E1,Fixed12,115.9,10.69,False
MTR0000446,James Kowalski,james.kowalski446@example.com,G5,Economy7,141.1,8.56,False
MTR0000447,Wei Rossi,wei.rossi447@example.com,B3,Green,215.3,6.24,False
MTR0000448,Ivan Smith,ivan.smith448@example.com,B3,Fixed12,202.7,10.19,False
MTR0000449,Aisha Tanaka,aisha.tanaka449@example.com,B3,Standard,418.2,7.03,False
MTR0000450,Noah Patel,noah.patel450@example.com,M2,Economy7,367.6,4.52,False
MTR0000451,Fatima Rossi,fatima.rossi451@example.com,G5,Standard,160.8,1.79,False
MTR0000452,Aisha Ali,aisha.ali452@example.com,BS4,Green,202.1,7.65,False
MTR0000453,Ivan Khan,ivan.khan453@example.com,LS1,Standard,317.3,2.39,False
MTR0000454,Mary Smith,mary.smith454@example.com,LS1,Green,428.4,2.63,False
MTR0000455,Aisha Patel,aisha.patel455@example.com,LS1,Standard,438.4,10.59,False
MTR0000456,Wei Silva,wei.silva456@example.com,G5,Standard,449.4,1.15,True
MTR0000457,Liam Okafor,liam.okafor457@example.com,B3,Standard,174.4,9.35,True
MTR0000458,Priya Tanaka,priya.tanaka458@example.com,M2,Fixed12,249.1,4.62,False
MTR0000459,Mei Kowalski,mei.kowalski459@example.com,B3,Economy7,358.2,9.11,False
MTR0000460,Olu Brown,olu.brown460@example.com,M2,Green,213.6,10.74,False
MTR0000461,Priya Patel,priya.patel461@example.com,LS1,Standard,336.4,6.36,False
MTR0000462,Fatima Kowalski,fatima.kowalski462@example.com,B3,Green,607.3,8.65,True
MTR0000463,Olu Chen,olu.chen463@example.com,BS4,Green,271.1,7.39,False
MTR0000464,Fatima Kowalski,fatima.kowalski464@example.com,E1,Economy7,602.7,5.32,False
MTR0000465,Priya Silva,priya.silva465@example.com,B3,Economy7,359.5,10.0,False
MTR0000466,Ivan Kowalski,ivan.kowalski466@example.com,BS4,Green,357.9,1.52,False
MTR0000467,Hannah Nguyen,hannah.nguyen467@example.com,M2,Fixed12,111.9,9.77,False
MTR0000468,Fatima Smith,fatima.smith468@example.com,B3,Fixed12,319.4,1.98,False
MTR0000469,James Chen,james.chen469@example.com,M2,Fixed12,398.7,1.15,False
MTR0000470,Carlos Tanaka,carlos.tanaka470@example.com,G5,Economy7,412.3,3.78,False
MTR0000471,Aisha Silva,aisha.silva471@example.com,B3,Fixed12,270.4,8.19,False
MTR0000472,Mohammed Rossi,mohammed.rossi472@example.com,LS1,Standard,151.4,3.72,False
MTR0000473,Mary Okafor,mary.okafor473@example.com,BS4,Fixed12,377.7,1.43,False
MTR0000474,James Andersson,james.andersson474@example.com,LS1,Economy7,410.8,10.81,False
MTR0000475,Yuki Chen,yuki.chen475@example.com,BS4,Fixed12,286.1,3.78,False
MTR0000476,Yuki Ali,yuki.ali476@example.com,LS1,Green,428.5,7.7,False
MTR0000477,Mei Ali,mei.ali477@example.com,BS4,Fixed12,354.5,10.95,True
MTR0000478,Olu Okafor,olu.okafor478@example.com,E1,Green,221.3,2.32,False
MTR0000479,Wei Ali,wei.ali479@example.com,LS1,Fixed12,194.1,8.3,False
MTR0000480,Wei Andersson,wei.andersson480@example.com,E1,Economy7,257.3,2.94,False
MTR0000481,Carlos Okafor,carlos.okafor481@example.com,LS1,Fixed12,167.8,2.87,False
MTR0000482,Sofia Andersson,sofia.andersson482@example.com,G5,Standard,238.7,6.74,True
MTR0000483,Aisha Okafor,aisha.okafor483@example.com,G5,Economy7,134.1,7.66,False
MTR0000484,Liam Chen,liam.chen484@example.com,LS1,Economy7,337.6,9.81,False
MTR0000485,Wei Ali,wei.ali485@example.com,B3,Green,587.4,10.64,False
MTR0000486,Mohammed Rossi,mohammed.rossi486@example.com,G5,Green,279.0,2.46,False
MTR0000487,Liam Silva,liam.silva487@example.com,BS4,Standard,318.7,5.97,False
MTR0000488,Olu Tanaka,olu.tanaka488@example.com,B3,Standard,163.7,11.47,False
MTR0000489,Yuki Kowalski,yuki.kowalski489@example.com,B3,Fixed12,111.2,9.82,True
MTR0000490,Sofia Ahmed,sofia.ahmed490@example.com,LS1,Economy7,348.0,10.61,False
MTR0000491,Fatima Rossi,fatima.rossi491@example.com,BS4,Standard,196.5,8.04,False
MTR0000492,Fatima Patel,fatima.patel492@example.com,E1,Fixed12,230.9,1.77,False
MTR0000493,Mohammed Khan,mohammed.khan493@example.com,BS4,Green,468.9,3.27,False
MTR0000494,Aisha Rossi,aisha.rossi494@example.com,BS4,Fixed12,377.4,5.29,False
MTR0000495,Mary Patel,mary.patel495@example.com,G5,Green,217.2,5.62,False
MTR0000496,Mei Ahmed,mei.ahmed496@example.com,G5,Standard,156.2,4.02,False
MTR0000497,Olu Ali,olu.ali497@example.com,E1,Green,197.8,10.43,False
MTR0000498,Sofia Ali,sofia.ali498@example.com,E1,Fixed12,321.9,5.65,True
MTR0000499,Carlos Rossi,carlos.rossi499@example.com,M2,Green,291.2,6.63,False
MTR0000500,Olu Rossi,olu.rossi500@example.com,E1,Green,250.9,7.32,False
MTR0000501,Carlos Andersson,carlos.andersson501@example.com,M2,Standard,209.0,7.55,False
MTR0000502,Aisha Khan,aisha.khan502@example.com,E1,Economy7,72.6,11.67,False
MTR0000503,Priya Khan,priya.khan503@example.com,LS1,Economy7,423.7,5.2,False
MTR0000504,Aisha Smith,aisha.smith504@example.com,BS4,Standard,280.2,7.18,False
MTR0000505,Sofia Andersson,sofia.andersson505@example.com,BS4,Economy7,332.3,4.72,False
MTR0000506,Mei Garcia,mei.garcia506@example.com,LS1,Standard,255.4,4.77,False
MTR0000507,Yuki Ahmed,yuki.ahmed507@example.com,BS4,Standard,352.6,1.24,False
MTR0000508,Yuki Nguyen,yuki.nguyen508@example.com,G5,Standard,216.6,6.79,False
MTR0000509,Noah Ahmed,noah.ahmed509@example.com,G5,Fixed12,96.9,6.21,True
MTR0000510,Wei Chen,wei.chen510@example.com,G5,Economy7,298.2,3.61,True
MTR0000511,Hannah Kowalski,hannah.kowalski511@example.com,E1,Fixed12,88.5,7.27,False
MTR0000512,Noah Smith,noah.smith512@example.com,E1,Fixed12,365.6,1.69,False
MTR0000513,Fatima Andersson,fatima.andersson513@example.com,G5,Standard,148.1,1.78,False
MTR0000514,Mary Okafor,mary.okafor514@example.com,BS4,Green,492.9,10.73,False
MTR0000515,Ivan Tanaka,ivan.tanaka515@example.com,E1,Economy7,322.6,4.86,False
MTR0000516,Sofia Khan,sofia.khan516@example.com,BS4,Economy7,153.7,2.26,True
MTR0000517,Sofia Andersson,sofia.andersson517@example.com,M2,Fixed12,514.4,5.65,False
MTR0000518,Sofia Smith,sofia.smith518@example.com,BS4,Fixed12,270.2,8.71,False
MTR0000519,Aisha Khan,aisha.khan519@example.com,E1,Fixed12,426.8,10.2,False
MTR0000520,James Kowalski,james.kowalski520@example.com,G5,Fixed12,312.0,3.07,False
MTR0000521,Mary Silva,mary.silva521@example.com,M2,Economy7,148.3,7.75,False
MTR0000522,Mary Garcia,mary.garcia522@example.com,B3,Fixed12,239.6,10.13,False
MTR0000523,Carlos Okafor,carlos.okafor523@example.com,B3,Economy7,507.1,7.91,True
MTR0000524,Fatima Nguyen,fatima.nguyen524@example.com,BS4,Standard,421.2,11.61,False
MTR0000525,Olu Smith,olu.smith525@example.com,LS1,Fixed12,332.9,6.11,True
MTR0000526,Mary Khan,mary.khan526@example.com,LS1,Standard,318.8,7.12,False
MTR0000527,Priya Tanaka,priya.tanaka527@example.com,G5,Green,418.4,8.97,False
MTR0000528,Liam Ahmed,liam.ahmed528@example.com,G5,Green,273.6,4.3,False
MTR0000529,Noah Ali,noah.ali529@example.com,E1,Economy7,358.1,6.68,False
MTR0000530,Yuki Smith,yuki.smith530@example.com,B3,Fixed12,540.3,6.32,False
MTR0000531,Mary Andersson,mary.andersson531@example.com,E1,Economy7,319.4,5.87,False
MTR0000532,Olu Andersson,olu.andersson532@example.com,M2,Standard,305.7,2.31,False
MTR0000533,Mohammed Tanaka,mohammed.tanaka533@example.com,LS1,Green,222.8,7.84,False
MTR0000534,Liam Khan,liam.khan534@example.com,G5,Green,203.2,9.02,False
MTR0000535,Ivan Garcia,ivan.garcia535@example.com,E1,Fixed12,321.4,8.2,False
MTR0000536,Carlos Ahmed,carlos.ahmed536@example.com,M2,Economy7,461.5,7.83,False
MTR0000537,Noah Rossi,noah.rossi537@example.com,M2,Standard,204.8,8.97,False
MTR0000538,Mei Ali,mei.ali538@example.com,BS4,Green,405.6,4.28,False
MTR0000539,Ivan Okafor,ivan.okafor539@example.com,LS1,Standard,287.2,2.35,False
MTR0000540,Sofia Kowalski,sofia.kowalski540@example.com,E1,Green,295.2,11.32,False
MTR0000541,Priya Garcia,priya.garcia541@example.com,E1,Green,351.0,8.13,True
MTR0000542,Fatima Ali,fatima.ali542@example.com,B3,Economy7,253.0,1.24,False
MTR0000543,Fatima Brown,fatima.brown543@example.com,M2,Fixed12,123.9,8.69,False
MTR0000544,Mei Okafor,mei.okafor544@example.com,B3,Green,319.1,10.39,False
MTR0000545,Wei Kowalski,wei.kowalski545@example.com,M2,Green,275.6,9.82,False
MTR0000546,Carlos Ali,carlos.ali546@example.com,LS1,Economy7,70.1,7.33,False
MTR0000547,Olu Ali,olu.ali547@example.com,B3,Standard,407.0,7.3,True
MTR0000548,Sofia Okafor,sofia.okafor548@example.com,E1,Fixed12,87.7,1.76,False
MTR0000549,Noah Patel,noah.patel549@example.com,BS4,Green,324.0,4.5,False
MTR0000550,Mei Garcia,mei.garcia550@example.com,M2,Economy7,101.2,4.5,False
MTR0000551,Carlos Ali,carlos.ali551@example.com,M2,Standard,92.7,7.2,False
MTR0000552,Mary Andersson,mary.andersson552@example.com,B3,Economy7,154.4,3.9,False
MTR0000553,Olu Okafor,olu.okafor553@example.com,B3,Standard,120.9,6.01,True
MTR0000554,Noah Brown,noah.brown554@example.com,BS4,Green,302.1,4.66,True
MTR0000555,Carlos Chen,carlos.chen555@example.com,B3,Standard,313.3,1.07,True
MTR0000556,Priya Andersson,priya.andersson556@example.com,E1,Fixed12,153.0,10.3,False
MTR0000557,James Smith,james.smith557@example.com,E1,Green,239.2,1.29,False
MTR0000558,Mary Chen,mary.chen558@example.com,BS4,Green,436.4,1.78,False
MTR0000559,Sofia Kowalski,sofia.kowalski559@example.com,B3,Green,285.2,5.82,True
MTR0000560,Noah Patel,noah.patel560@example.com,G5,Standard,196.3,2.63,True
MTR0000561,Ivan Khan,ivan.khan561@example.com,LS1,Fixed12,265.4,3.76,False
MTR0000562,Wei Okafor,wei.okafor562@example.com,M2,Fixed12,538.0,3.3,False
MTR0000563,Mary Rossi,mary.rossi563@example.com,LS1,Economy7,478.6,8.08,False
MTR0000564,Olu Andersson,olu.andersson564@example.com,G5,Green,387.0,5.47,False
MTR0000565,Mei Nguyen,mei.nguyen565@example.com,LS1,Green,105.6,11.14,False
MTR0000566,James Rossi,james.rossi566@example.com,B3,Fixed12,422.8,4.13,False
MTR0000567,James Ahmed,james.ahmed567@example.com,BS4,Standard,355.3,1.34,False
MTR0000568,Olu Kowalski,olu.kowalski568@example.com,B3,Green,277.6,10.01,False
MTR0000569,Mohammed Khan,mohammed.khan569@example.com,E1,Fixed12,441.9,3.85,False
MTR0000570,Mohammed Tanaka,mohammed.tanaka570@example.com,E1,Green,569.8,3.98,False
MTR0000571,Hannah Rossi,hannah.rossi571@example.com,G5,Standard,279.0,7.38,False
MTR0000572,Ivan Ahmed,ivan.ahmed572@example.com,LS1,Economy7,254.0,1.98,False
MTR0000573,Hannah Tanaka,hannah.tanaka573@example.com,E1,Fixed12,367.6,10.61,False
MTR0000574,Sofia Brown,sofia.brown574@example.com,B3,Standard,411.2,10.31,False
MTR0000575,Mei Ahmed,mei.ahmed575@example.com,M2,Fixed12,285.3,9.21,False
MTR0000576,Olu Silva,olu.silva576@example.com,E1,Standard,420.0,9.34,False
MTR0000577,Mohammed Smith,mohammed.smith577@example.com,BS4,Green,146.6,3.81,True
MTR0000578,Priya Silva,priya.silva578@example.com,E1,Green,415.1,3.04,False
MTR0000579,Priya Andersson,priya.andersson579@example.com,BS4,Fixed12,423.0,4.05,True
MTR0000580,Priya Khan,priya.khan580@example.com,B3,Economy7,251.4,7.29,False
MTR0000581,Wei Brown,wei.brown581@example.com,B3,Green,144.5,3.3,False
MTR0000582,Mei Chen,mei.chen582@example.com,E1,Green,368.0,11.3,False
MTR0000583,Priya Ahmed,priya.ahmed583@example.com,B3,Green,71.2,10.05,False
MTR0000584,Liam Silva,liam.silva584@example.com,M2,Standard,165.5,7.05,False
MTR0000585,Mei Patel,mei.patel585@example.com,LS1,Fixed12,117.4,1.57,False
MTR0000586,Priya Okafor,priya.okafor586@example.com,BS4,Standard,360.7,9.88,False
MTR0000587,Mei Andersson,mei.andersson587@example.com,G5,Green,277.9,11.13,False
MTR0000588,Mohammed Garcia,mohammed.garcia588@example.com,BS4,Economy7,301.2,8.61,False
MTR0000589,Mei Silva,mei.silva589@example.com,LS1,Standard,404.9,6.64,False
MTR0000590,Noah Okafor,noah.okafor590@example.com,E1,Fixed12,297.9,7.44,False
MTR0000591,Mary Andersson,mary.andersson591@example.com,LS1,Economy7,282.8,11.38,False
MTR0000592,Fatima Brown,fatima.brown592@example.com,B3,Economy7,345.3,11.53,False
MTR0000593,Yuki Ahmed,yuki.ahmed593@example.com,E1,Fixed12,222.9,8.79,False
MTR0000594,Mei Nguyen,mei.nguyen594@example.com,LS1,Fixed12,414.4,3.47,False
MTR0000595,Hannah Okafor,hannah.okafor595@example.com,G5,Fixed12,232.9,8.43,False
MTR0000596,Noah Patel,noah.patel596@example.com,B3,Fixed12,352.2,8.15,False
MTR0000597,Priya Nguyen,priya.nguyen597@example.com,LS1,Economy7,334.6,6.59,False
MTR0000598,Priya Brown,priya.brown598@example.com,G5,Economy7,373.1,1.95,False
MTR0000599,Sofia Ali,sofia.ali599@example.com,E1,Economy7,225.3,1.01,False
MTR0000600,Sofia Ali,sofia.ali600@example.com,E1,Green,315.6,6.5,False
MTR0000601,Olu Rossi,olu.rossi601@example.com,G5,Economy7,183.4,4.96,False
MTR0000602,Liam Andersson,liam.andersson602@example.com,LS1,Fixed12,384.6,7.33,False
MTR0000603,Aisha Silva,aisha.silva603@example.com,LS1,Economy7,298.7,11.72,False
MTR0000604,Hannah Andersson,hannah.andersson604@example.com,M2,Standard,175.9,9.1,False
MTR0000605,James Ahmed,james.ahmed605@example.com,B3,Green,277.4,4.65,False
MTR0000606,Yuki Smith,yuki.smith606@example.com,G5,Fixed12,289.4,8.41,False
MTR0000607,Olu Rossi,olu.rossi607@example.com,LS1,Economy7,111.2,5.52,True
MTR0000608,Noah Okafor,noah.okafor608@example.com,M2,Economy7,166.4,1.55,True
MTR0000609,Carlos Andersson,carlos.andersson609@example.com,BS4,Economy7,236.7,9.17,True
MTR0000610,Liam Ali,liam.ali610@example.com,LS1,Green,221.6,7.5,False
MTR0000611,Carlos Khan,carlos.khan611@example.com,G5,Economy7,533.5,5.56,False
MTR0000612,James Chen,james.chen612@example.com,BS4,Green,316.8,8.57,False
MTR0000613,Hannah Patel,hannah.patel613@example.com,M2,Economy7,397.8,10.63,False
MTR0000614,Priya Garcia,priya.garcia614@example.com,G5,Standard,482.7,1.01,False
MTR0000615,Mary Tanaka,mary.tanaka615@example.com,B3,Fixed12,423.0,10.21,False
MTR0000616,James Chen,james.chen616@example.com,LS1,Fixed12,198.6,11.09,False
MTR0000617,Mary Okafor,mary.okafor617@example.com,B3,Fixed12,513.1,1.31,False
MTR0000618,Mary Okafor,mary.okafor618@example.com,E1,Fixed12,203.1,8.27,True
MTR0000619,Sofia Ali,sofia.ali619@example.com,B3,Green,367.8,9.41,False
MTR0000620,Yuki Patel,yuki.patel620@example.com,E1,Green,279.2,4.03,False
MTR0000621,Mei Tanaka,mei.tanaka621@example.com,BS4,Economy7,492.0,4.84,False
MTR0000622,Priya Ali,priya.ali622@example.com,E1,Standard,376.8,3.04,False
MTR0000623,Mohammed Smith,mohammed.smith623@example.com,BS4,Standard,225.3,11.64,False
MTR0000624,Carlos Okafor,carlos.okafor624@example.com,M2,Economy7,94.8,5.61,False
MTR0000625,Liam Nguyen,liam.nguyen625@example.com,M2,Green,244.5,8.61,False
MTR0000626,Ivan Nguyen,ivan.nguyen626@example.com,B3,Green,201.2,11.06,False
MTR0000627,Sofia Garcia,sofia.garcia627@example.com,BS4,Standard,235.1,2.88,False
MTR0000628,Yuki Andersson,yuki.andersson628@example.com,LS1,Standard,338.2,8.06,False
MTR0000629,Mei Ali,mei.ali629@example.com,G5,Economy7,339.9,3.62,False
MTR0000630,Noah Garcia,noah.garcia630@example.com,LS1,Green,330.1,7.34,False
MTR0000631,Wei Tanaka,wei.tanaka631@example.com,B3,Standard,53.0,10.39,False
MTR0000632,Carlos Garcia,carlos.garcia632@example.com,E1,Economy7,452.0,4.25,False
MTR0000633,Priya Ali,priya.ali633@example.com,B3,Standard,247.0,9.09,False
MTR0000634,Aisha Chen,aisha.chen634@example.com,G5,Fixed12,678.2,2.11,False
MTR0000635,Aisha Tanaka,aisha.tanaka635@example.com,E1,Standard,351.0,10.28,True
MTR0000636,Yuki Kowalski,yuki.kowalski636@example.com,BS4,Green,361.5,5.86,False
MTR0000637,James Ali,james.ali637@example.com,M2,Fixed12,119.7,2.42,True
MTR0000638,Olu Ahmed,olu.ahmed638@example.com,E1,Economy7,126.3,9.62,False
MTR0000639,Olu Tanaka,olu.tanaka639@example.com,LS1,Standard,435.1,6.5,False
MTR0000640,Liam Silva,liam.silva640@example.com,BS4,Economy7,188.5,8.26,False
MTR0000641,Yuki Okafor,yuki.okafor641@example.com,E1,Green,171.0,2.42,False
MTR0000642,Olu Tanaka,olu.tanaka642@example.com,BS4,Green,464.3,3.31,False
MTR0000643,James Ahmed,james.ahmed643@example.com,E1,Standard,449.1,11.66,False
MTR0000644,Aisha Rossi,aisha.rossi644@example.com,BS4,Green,102.0,6.94,False
MTR0000645,Priya Rossi,priya.rossi645@example.com,M2,Economy7,606.7,7.04,False
MTR0000646,James Garcia,james.garcia646@example.com,LS1,Green,409.2,8.84,False
MTR0000647,Olu Patel,olu.patel647@example.com,G5,Standard,373.0,8.32,True
MTR0000648,Mohammed Khan,mohammed.khan648@example.com,M2,Green,287.4,8.04,False
MTR0000649,Aisha Andersson,aisha.andersson649@example.com,B3,Fixed12,404.2,4.82,False
MTR0000650,Carlos Garcia,carlos.garcia650@example.com,G5,Fixed12,438.0,10.06,True
MTR0000651,Yuki Garcia,yuki.garcia651@example.com,E1,Fixed12,82.8,11.75,True
MTR0000652,Mary Brown,mary.brown652@example.com,M2,Standard,305.3,10.23,False
MTR0000653,Carlos Chen,carlos.chen653@example.com,M2,Standard,218.2,2.77,False
MTR0000654,Mohammed Silva,mohammed.silva654@example.com,G5,Economy7,256.3,7.32,False
MTR0000655,Olu Khan,olu.khan655@example.com,BS4,Fixed12,247.8,5.53,False
MTR0000656,Mary Khan,mary.khan656@example.com,M2,Standard,438.7,6.04,False
MTR0000657,Priya Garcia,priya.garcia657@example.com,E1,Fixed12,100.8,2.55,False
MTR0000658,Carlos Silva,carlos.silva658@example.com,LS1,Green,147.0,1.18,False
MTR0000659,Mei Kowalski,mei.kowalski659@example.com,BS4,Standard,454.8,7.38,False
MTR0000660,Olu Andersson,olu.andersson660@example.com,E1,Standard,157.6,11.14,True
MTR0000661,Hannah Okafor,hannah.okafor661@example.com,G5,Economy7,302.1,6.03,False
MTR0000662,Aisha Rossi,aisha.rossi662@example.com,G5,Green,479.6,1.32,False
MTR0000663,Mohammed Khan,mohammed.khan663@example.com,M2,Fixed12,266.1,5.66,False
MTR0000664,Noah Ahmed,noah.ahmed664@example.com,M2,Economy7,115.9,1.59,False
MTR0000665,Hannah Brown,hannah.brown665@example.com,B3,Economy7,170.1,1.51,True
MTR0000666,Aisha Kowalski,aisha.kowalski666@example.com,B3,Green,356.6,10.36,False
MTR0000667,Carlos Chen,carlos.chen667@example.com,M2,Economy7,356.9,5.11,False
MTR0000668,Fatima Patel,fatima.patel668@example.com,M2,Green,30.5,11.83,True
MTR0000669,Fatima Patel,fatima.patel669@example.com,E1,Economy7,139.0,10.46,False
MTR0000670,Mary Brown,mary.brown670@example.com,M2,Fixed12,341.0,1.79,False
MTR0000671,Carlos Silva,carlos.silva671@example.com,E1,Fixed12,248.8,1.09,False
MTR0000672,Noah Ali,noah.ali672@example.com,M2,Green,375.7,8.83,False
MTR0000673,Mary Garcia,mary.garcia673@example.com,B3,Green,328.4,1.05,False
MTR0000674,Aisha Silva,aisha.silva674@example.com,E1,Green,331.2,5.1,False
MTR0000675,Noah Andersson,noah.andersson675@example.com,E1,Fixed12,413.1,3.63,False
MTR0000676,Aisha Rossi,aisha.rossi676@example.com,LS1,Green,238.4,8.6,False
MTR0000677,James Rossi,james.rossi677@example.com,LS1,Economy7,334.8,3.26,False
MTR0000678,Ivan Ali,ivan.ali678@example.com,LS1,Standard,394.0,7.73,False
MTR0000679,Mohammed Garcia,mohammed.garcia679@example.com,G5,Economy7,292.3,4.86,False
MTR0000680,Liam Nguyen,liam.nguyen680@example.com,LS1,Fixed12,174.6,2.48,True
MTR0000681,Ivan Patel,ivan.patel681@example.com,B3,Fixed12,373.9,1.73,True
MTR0000682,Ivan Kowalski,ivan.kowalski682@example.com,M2,Green,207.3,6.18,False
MTR0000683,Olu Chen,olu.chen683@example.com,G5,Fixed12,143.7,8.01,False
MTR0000684,Hannah Garcia,hannah.garcia684@example.com,BS4,Economy7,221.6,4.53,False
MTR0000685,Priya Smith,priya.smith685@example.com,B3,Fixed12,167.8,8.85,False
MTR0000686,Mary Ali,mary.ali686@example.com,BS4,Standard,582.3,2.38,False
MTR0000687,Mohammed Chen,mohammed.chen687@example.com,E1,Green,388.8,3.28,False
MTR0000688,Olu Andersson,olu.andersson688@example.com,G5,Fixed12,247.4,7.9,False
MTR0000689,Wei Okafor,wei.okafor689@example.com,G5,Standard,437.9,6.5,False
MTR0000690,Hannah Khan,hannah.khan690@example.com,B3,Fixed12,335.0,2.19,False
MTR0000691,Olu Andersson,olu.andersson691@example.com,E1,Economy7,139.8,7.0,True
MTR0000692,Wei Rossi,wei.rossi692@example.com,B3,Fixed12,197.6,5.13,False
MTR0000693,Carlos Ahmed,carlos.ahmed693@example.com,B3,Fixed12,538.2,6.51,False
MTR0000694,Olu Khan,olu.khan694@example.com,BS4,Economy7,290.3,7.68,False
MTR0000695,Mary Chen,mary.chen695@example.com,LS1,Green,280.4,3.74,True
MTR0000696,Sofia Silva,sofia.silva696@example.com,G5,Fixed12,473.2,10.02,False
MTR0000697,Olu Silva,olu.silva697@example.com,B3,Standard,261.7,10.01,False
MTR0000698,Mei Kowalski,mei.kowalski698@example.com,LS1,Economy7,338.6,2.53,False
MTR0000699,Yuki Ali,yuki.ali699@example.com,G5,Green,192.6,2.51,False
MTR0000700,Mei Silva,mei.silva700@example.com,E1,Green,304.8,8.07,False
MTR0000701,Wei Nguyen,wei.nguyen701@example.com,E1,Green,427.7,6.1,False
MTR0000702,Noah Smith,noah.smith702@example.com,LS1,Economy7,367.9,1.08,True
MTR0000703,Aisha Silva,aisha.silva703@example.com,M2,Fixed12,171.6,7.89,False
MTR0000704,Fatima Garcia,fatima.garcia704@example.com,B3,Standard,250.0,4.25,False
MTR0000705,Mohammed Chen,mohammed.chen705@example.com,M2,Green,19.8,4.14,False
MTR0000706,Yuki Patel,yuki.patel706@example.com,E1,Standard,196.3,10.84,False
MTR0000707,Noah Patel,noah.patel707@example.com,BS4,Green,345.6,7.25,False
MTR0000708,Aisha Khan,aisha.khan708@example.com,E1,Economy7,402.4,8.23,True
MTR0000709,Mei Patel,mei.patel709@example.com,LS1,Fixed12,397.0,3.45,False
MTR0000710,Priya Brown,priya.brown710@example.com,G5,Green,218.4,5.41,False
MTR0000711,Priya Nguyen,priya.nguyen711@example.com,LS1,Green,138.5,2.14,True
MTR0000712,Aisha Smith,aisha.smith712@example.com,E1,Green,199.2,7.01,False
MTR0000713,Wei Smith,wei.smith713@example.com,BS4,Economy7,512.8,11.66,False
MTR0000714,Carlos Khan,carlos.khan714@example.com,LS1,Economy7,275.1,6.36,False
MTR0000715,Hannah Rossi,hannah.rossi715@example.com,BS4,Fixed12,461.6,10.28,True
MTR0000716,Mohammed Ahmed,mohammed.ahmed716@example.com,E1,Green,332.3,6.65,True
MTR0000717,Wei Brown,wei.brown717@example.com,E1,Green,333.0,9.96,False
MTR0000718,James Okafor,james.okafor718@example.com,LS1,Green,371.4,11.48,False
MTR0000719,Mei Garcia,mei.garcia719@example.com,E1,Green,377.6,2.24,False
MTR0000720,Yuki Chen,yuki.chen720@example.com,G5,Standard,377.0,1.72,False
MTR0000721,Noah Okafor,noah.okafor721@example.com,BS4,Green,153.8,5.72,False
MTR0000722,Hannah Andersson,hannah.andersson722@example.com,B3,Economy7,261.1,6.82,False
MTR0000723,Priya Patel,priya.patel723@example.com,M2,Economy7,664.5,6.94,False
MTR0000724,Mary Ali,mary.ali724@example.com,BS4,Economy7,326.8,7.93,True
MTR0000725,Mary Patel,mary.patel725@example.com,B3,Standard,328.2,4.8,False
MTR0000726,Olu Rossi,olu.rossi726@example.com,G5,Standard,440.5,3.39,False
MTR0000727,Noah Garcia,noah.garcia727@example.com,M2,Standard,382.9,8.86,False
MTR0000728,Wei Garcia,wei.garcia728@example.com,B3,Economy7,441.7,11.03,True
MTR0000729,Ivan Patel,ivan.patel729@example.com,LS1,Economy7,215.5,10.55,False
MTR0000730,Priya Andersson,priya.andersson730@example.com,BS4,Green,394.1,9.81,True
MTR0000731,James Smith,james.smith731@example.com,LS1,Fixed12,292.3,7.39,False
MTR0000732,Mary Patel,mary.patel732@example.com,M2,Standard,394.9,5.59,False
MTR0000733,Priya Khan,priya.khan733@example.com,BS4,Fixed12,335.5,4.44,False
MTR0000734,Mei Smith,mei.smith734@example.com,BS4,Fixed12,83.2,8.13,False
MTR0000735,Ivan Ali,ivan.ali735@example.com,G5,Standard,208.7,5.46,False
MTR0000736,Yuki Ahmed,yuki.ahmed736@example.com,E1,Fixed12,210.8,3.74,False
MTR0000737,Liam Brown,liam.brown737@example.com,M2,Green,376.5,10.59,False
MTR0000738,Mary Andersson,mary.andersson738@example.com,E1,Green,200.2,2.28,True
MTR0000739,Mary Patel,mary.patel739@example.com,B3,Green,283.4,3.88,False
MTR0000740,Wei Tanaka,wei.tanaka740@example.com,BS4,Green,272.1,10.38,False
MTR0000741,Ivan Ahmed,ivan.ahmed741@example.com,LS1,Green,134.3,3.15,False
MTR0000742,Aisha Patel,aisha.patel742@example.com,BS4,Fixed12,360.7,7.55,True
MTR0000743,Yuki Smith,yuki.smith743@example.com,E1,Fixed12,359.9,3.86,True
MTR0000744,Mei Silva,mei.silva744@example.com,M2,Economy7,370.7,7.14,False
MTR0000745,Fatima Brown,fatima.brown745@example.com,M2,Fixed12,338.0,8.92,False
MTR0000746,Carlos Kowalski,carlos.kowalski746@example.com,BS4,Standard,276.2,7.0,True
MTR0000747,James Ahmed,james.ahmed747@example.com,BS4,Economy7,98.7,9.07,False
MTR0000748,Mei Kowalski,mei.kowalski748@example.com,E1,Fixed12,266.3,10.56,True
MTR0000749,Mary Brown,mary.brown749@example.com,E1,Economy7,436.4,5.86,False
MTR0000750,Yuki Tanaka,yuki.tanaka750@example.com,G5,Economy7,92.8,3.4,False
MTR0000751,Fatima Brown,fatima.brown751@example.com,E1,Fixed12,434.7,9.59,False
MTR0000752,Carlos Smith,carlos.smith752@example.com,B3,Economy7,144.5,9.67,True
MTR0000753,Yuki Tanaka,yuki.tanaka753@example.com,B3,Fixed12,417.2,5.68,False
MTR0000754,Priya Rossi,priya.rossi754@example.com,M2,Fixed12,358.3,1.39,False
MTR0000755,Priya Tanaka,priya.tanaka755@example.com,BS4,Economy7,456.5,1.28,True
MTR0000756,Sofia Ali,sofia.ali756@example.com,BS4,Fixed12,461.2,10.26,False
MTR0000757,Hannah Kowalski,hannah.kowalski757@example.com,BS4,Economy7,391.1,7.35,True
MTR0000758,Liam Brown,liam.brown758@example.com,LS1,Standard,136.5,1.52,False
MTR0000759,Mohammed Patel,mohammed.patel759@example.com,BS4,Fixed12,431.1,2.7,False
MTR0000760,Yuki Kowalski,yuki.kowalski760@example.com,LS1,Fixed12,442.4,4.34,False
MTR0000761,Priya Rossi,priya.rossi761@example.com,BS4,Fixed12,160.8,11.62,True
MTR0000762,Mary Ali,mary.ali762@example.com,E1,Economy7,162.3,11.54,False
MTR0000763,Ivan Garcia,ivan.garcia763@example.com,B3,Economy7,303.4,10.4,False
MTR0000764,Mohammed Rossi,mohammed.rossi764@example.com,LS1,Standard,65.7,1.94,False
MTR0000765,Fatima Okafor,fatima.okafor765@example.com,M2,Economy7,449.1,8.9,False
MTR0000766,Aisha Nguyen,aisha.nguyen766@example.com,LS1,Fixed12,499.4,9.09,False
MTR0000767,Noah Okafor,noah.okafor767@example.com,G5,Green,520.4,10.65,False
MTR0000768,Hannah Ali,hannah.ali768@example.com,M2,Standard,346.1,11.58,False
MTR0000769,Mei Garcia,mei.garcia769@example.com,LS1,Fixed12,147.4,10.75,False
MTR0000770,Liam Tanaka,liam.tanaka770@example.com,E1,Standard,451.9,1.89,False
MTR0000771,Mohammed Patel,mohammed.patel771@example.com,LS1,Economy7,240.4,2.54,False
MTR0000772,Noah Khan,noah.khan772@example.com,B3,Standard,223.4,5.96,True
MTR0000773,Priya Tanaka,priya.tanaka773@example.com,BS4,Green,360.9,2.81,False
MTR0000774,Wei Kowalski,wei.kowalski774@example.com,BS4,Fixed12,301.9,10.36,False
MTR0000775,Sofia Okafor,sofia.okafor775@example.com,M2,Economy7,307.3,6.72,False
MTR0000776,Liam Brown,liam.brown776@example.com,G5,Standard,257.6,3.71,False
MTR0000777,Mary Rossi,mary.rossi777@example.com,B3,Economy7,319.0,6.72,False
MTR0000778,Carlos Smith,carlos.smith778@example.com,LS1,Fixed12,350.4,3.24,True
MTR0000779,Ivan Patel,ivan.patel779@example.com,B3,Fixed12,271.0,6.56,False
MTR0000780,Aisha Khan,aisha.khan780@example.com,M2,Green,422.4,3.84,True
MTR0000781,Liam Garcia,liam.garcia781@example.com,M2,Economy7,310.2,8.44,False
MTR0000782,Aisha Kowalski,aisha.kowalski782@example.com,LS1,Fixed12,275.3,9.15,True
MTR0000783,Carlos Silva,carlos.silva783@example.com,LS1,Standard,228.9,10.08,False
MTR0000784,Carlos Nguyen,carlos.nguyen784@example.com,G5,Economy7,206.6,4.99,False
MTR0000785,Wei Andersson,wei.andersson785@example.com,E1,Fixed12,433.4,2.49,True
MTR0000786,Aisha Rossi,aisha.rossi786@example.com,G5,Standard,621.3,4.05,False
MTR0000787,Fatima Nguyen,fatima.nguyen787@example.com,E1,Fixed12,471.9,1.13,True
MTR0000788,Sofia Ali,sofia.ali788@example.com,LS1,Standard,351.0,7.44,False
MTR0000789,Sofia Patel,sofia.patel789@example.com,E1,Fixed12,365.8,4.36,False
MTR0000790,Hannah Patel,hannah.patel790@example.com,BS4,Economy7,430.8,7.45,False
MTR0000791,Noah Silva,noah.silva791@example.com,E1,Economy7,298.6,9.07,False
MTR0000792,Sofia Chen,sofia.chen792@example.com,E1,Fixed12,397.2,1.93,False
MTR0000793,Liam Ahmed,liam.ahmed793@example.com,B3,Standard,318.8,7.48,False
MTR0000794,Mohammed Tanaka,mohammed.tanaka794@example.com,B3,Fixed12,200.6,9.27,False
MTR0000795,Priya Kowalski,priya.kowalski795@example.com,BS4,Standard,374.8,2.67,False
MTR0000796,Sofia Smith,sofia.smith796@example.com,BS4,Green,277.8,5.09,False
MTR0000797,Priya Patel,priya.patel797@example.com,B3,Fixed12,341.4,4.99,False
MTR0000798,Priya Silva,priya.silva798@example.com,B3,Green,441.1,7.3,True
MTR0000799,Yuki Andersson,yuki.andersson799@example.com,BS4,Standard,461.7,1.71,True
MTR0000800,Aisha Kowalski,aisha.kowalski800@example.com,LS1,Green,402.1,8.56,False
MTR0000801,Ivan Brown,ivan.brown801@example.com,M2,Economy7,77.2,5.14,False
MTR0000802,Mohammed Nguyen,mohammed.nguyen802@example.com,BS4,Economy7,333.8,8.52,False
MTR0000803,Fatima Kowalski,fatima.kowalski803@example.com,LS1,Fixed12,226.5,2.42,False
MTR0000804,Ivan Rossi,ivan.rossi804@example.com,G5,Green,246.0,4.78,False
MTR0000805,James Silva,james.silva805@example.com,M2,Green,411.5,2.17,False
MTR0000806,Aisha Okafor,aisha.okafor806@example.com,E1,Economy7,566.9,11.98,False
MTR0000807,Ivan Silva,ivan.silva807@example.com,B3,Standard,183.6,8.05,True
MTR0000808,Mei Chen,mei.chen808@example.com,LS1,Fixed12,354.4,2.63,True
MTR0000809,Hannah Patel,hannah.patel809@example.com,LS1,Green,67.4,8.17,False
MTR0000810,Noah Garcia,noah.garcia810@example.com,BS4,Standard,237.0,1.38,False
MTR0000811,Fatima Andersson,fatima.andersson811@example.com,LS1,Green,177.2,3.92,False
MTR0000812,James Khan,james.khan812@example.com,LS1,Standard,280.4,11.71,True
MTR0000813,Liam Kowalski,liam.kowalski813@example.com,LS1,Green,100.7,6.45,False
MTR0000814,Mohammed Smith,mohammed.smith814@example.com,BS4,Fixed12,240.4,8.98,False
MTR0000815,Carlos Rossi,carlos.rossi815@example.com,E1,Economy7,277.8,9.94,False
MTR0000816,Yuki Nguyen,yuki.nguyen816@example.com,M2,Economy7,387.5,9.34,True
MTR0000817,James Ali,james.ali817@example.com,B3,Economy7,360.5,9.25,True
MTR0000818,Liam Ali,liam.ali818@example.com,B3,Fixed12,344.4,4.57,False
MTR0000819,Mohammed Okafor,mohammed.okafor819@example.com,M2,Fixed12,255.4,8.31,False
MTR0000820,Wei Chen,wei.chen820@example.com,BS4,Fixed12,337.1,7.86,False
MTR0000821,Olu Garcia,olu.garcia821@example.com,BS4,Economy7,22.7,6.98,True
MTR0000822,Ivan Smith,ivan.smith822@example.com,LS1,Green,272.9,8.45,False
MTR0000823,Yuki Brown,yuki.brown823@example.com,LS1,Standard,212.0,5.78,False
MTR0000824,Priya Garcia,priya.garcia824@example.com,LS1,Economy7,292.0,8.15,False
MTR0000825,Fatima Khan,fatima.khan825@example.com,G5,Green,332.8,4.93,False
MTR0000826,Noah Okafor,noah.okafor826@example.com,B3,Green,339.4,6.17,False
MTR0000827,Noah Smith,noah.smith827@example.com,M2,Standard,333.9,7.91,False
MTR0000828,Mei Ahmed,mei.ahmed828@example.com,M2,Economy7,318.3,5.99,False
MTR0000829,Noah Patel,noah.patel829@example.com,BS4,Economy7,303.0,1.14,False
MTR0000830,Carlos Garcia,carlos.garcia830@example.com,B3,Green,288.5,2.87,False
MTR0000831,Noah Rossi,noah.rossi831@example.com,BS4,Economy7,282.8,5.17,False
MTR0000832,Sofia Patel,sofia.patel832@example.com,G5,Standard,322.4,11.85,True
MTR0000833,Liam Tanaka,liam.tanaka833@example.com,BS4,Green,286.0,7.95,True
MTR0000834,Noah Chen,noah.chen834@example.com,B3,Fixed12,231.8,1.39,False
MTR0000835,Liam Nguyen,liam.nguyen835@example.com,B3,Green,217.2,4.38,False
MTR0000836,Yuki Nguyen,yuki.nguyen836@example.com,B3,Economy7,453.3,7.05,False
MTR0000837,Carlos Kowalski,carlos.kowalski837@example.com,B3,Green,250.3,11.28,False
MTR0000838,Olu Okafor,olu.okafor838@example.com,E1,Economy7,291.6,4.66,False
MTR0000839,Aisha Smith,aisha.smith839@example.com,BS4,Green,404.3,3.5,False
MTR0000840,James Tanaka,james.tanaka840@example.com,M2,Economy7,262.9,8.56,False
MTR0000841,Mei Ali,mei.ali841@example.com,E1,Economy7,207.1,9.82,False
MTR0000842,Olu Nguyen,olu.nguyen842@example.com,BS4,Fixed12,531.3,1.82,False
MTR0000843,Liam Chen,liam.chen843@example.com,M2,Fixed12,222.0,3.37,True
MTR0000844,Hannah Chen,hannah.chen844@example.com,B3,Green,321.9,3.6,False
MTR0000845,Noah Okafor,noah.okafor845@example.com,B3,Green,427.8,5.07,True
MTR0000846,Priya Rossi,priya.rossi846@example.com,G5,Economy7,239.5,9.38,True
MTR0000847,Mei Andersson,mei.andersson847@example.com,LS1,Fixed12,387.2,3.98,False
MTR0000848,Yuki Ali,yuki.ali848@example.com,B3,Economy7,193.6,7.88,False
MTR0000849,Mei Chen,mei.chen849@example.com,BS4,Economy7,410.1,6.19,False
MTR0000850,Olu Nguyen,olu.nguyen850@example.com,B3,Green,257.6,2.41,False
MTR0000851,Sofia Garcia,sofia.garcia851@example.com,E1,Economy7,126.6,6.27,False
MTR0000852,Wei Andersson,wei.andersson852@example.com,B3,Standard,105.0,3.62,True
MTR0000853,Carlos Nguyen,carlos.nguyen853@example.com,M2,Standard,439.2,4.85,False
MTR0000854,Liam Garcia,liam.garcia854@example.com,BS4,Fixed12,234.6,10.56,True
MTR0000855,Wei Nguyen,wei.nguyen855@example.com,LS1,Economy7,404.4,3.28,False
MTR0000856,Priya Garcia,priya.garcia856@example.com,LS1,Standard,267.3,9.16,False
MTR0000857,Noah Kowalski,noah.kowalski857@example.com,G5,Green,476.1,2.73,False
MTR0000858,Mei Andersson,mei.andersson858@example.com,B3,Economy7,407.3,6.92,False
MTR0000859,Yuki Smith,yuki.smith859@example.com,BS4,Economy7,319.3,1.5,False
MTR0000860,Hannah Silva,hannah.silva860@example.com,B3,Fixed12,222.7,10.89,False
MTR0000861,Liam Okafor,liam.okafor861@example.com,LS1,Fixed12,74.0,4.74,False
MTR0000862,Sofia Tanaka,sofia.tanaka862@example.com,M2,Fixed12,460.0,3.38,True
MTR0000863,Mei Okafor,mei.okafor863@example.com,G5,Green,294.3,6.85,False
MTR0000864,Carlos Nguyen,carlos.nguyen864@example.com,E1,Economy7,10.0,6.6,False
MTR0000865,Hannah Tanaka,hannah.tanaka865@example.com,M2,Standard,108.9,2.96,False
MTR0000866,Sofia Ali,sofia.ali866@example.com,LS1,Green,304.2,4.1,False
MTR0000867,Mohammed Garcia,mohammed.garcia867@example.com,M2,Economy7,223.3,3.74,False
MTR0000868,Aisha Khan,aisha.khan868@example.com,M2,Standard,409.5,4.88,False
MTR0000869,Carlos Khan,carlos.khan869@example.com,BS4,Fixed12,166.4,1.14,False
MTR0000870,Mei Smith,mei.smith870@example.com,LS1,Green,203.3,10.63,False
MTR0000871,Carlos Kowalski,carlos.kowalski871@example.com,LS1,Economy7,325.2,6.94,False
MTR0000872,James Ali,james.ali872@example.com,BS4,Economy7,182.9,3.03,False
MTR0000873,Yuki Patel,yuki.patel873@example.com,M2,Green,362.0,8.59,False
MTR0000874,Liam Brown,liam.brown874@example.com,B3,Standard,329.8,1.49,False
MTR0000875,Olu Ahmed,olu.ahmed875@example.com,G5,Fixed12,341.4,3.91,True
MTR0000876,Wei Silva,wei.silva876@example.com,BS4,Green,176.3,8.38,False
MTR0000877,Hannah Garcia,hannah.garcia877@example.com,E1,Standard,402.9,11.85,True
MTR0000878,Fatima Smith,fatima.smith878@example.com,G5,Economy7,142.5,7.69,False
MTR0000879,Mary Nguyen,mary.nguyen879@example.com,LS1,Economy7,116.7,2.2,False
MTR0000880,Fatima Silva,fatima.silva880@example.com,M2,Standard,292.7,6.04,True
MTR0000881,Ivan Rossi,ivan.rossi881@example.com,BS4,Economy7,430.2,3.11,True
MTR0000882,James Andersson,james.andersson882@example.com,M2,Fixed12,467.1,9.24,False
MTR0000883,Mary Khan,mary.khan883@example.com,B3,Standard,388.4,4.07,False
MTR0000884,Olu Kowalski,olu.kowalski884@example.com,E1,Fixed12,370.1,8.58,False
MTR0000885,Priya Garcia,priya.garcia885@example.com,B3,Green,142.8,11.97,False
MTR0000886,Ivan Garcia,ivan.garcia886@example.com,E1,Fixed12,454.1,1.97,False
MTR0000887,Carlos Nguyen,carlos.nguyen887@example.com,M2,Green,348.4,8.52,False
MTR0000888,Fatima Ali,fatima.ali888@example.com,LS1,Fixed12,178.0,7.65,False
MTR0000889,Mei Khan,mei.khan889@example.com,G5,Economy7,275.9,7.01,False
MTR0000890,Fatima Rossi,fatima.rossi890@example.com,BS4,Fixed12,237.7,9.91,False
MTR0000891,James Chen,james.chen891@example.com,E1,Standard,10.0,6.11,False
MTR0000892,Sofia Silva,sofia.silva892@example.com,B3,Economy7,261.8,11.39,False
MTR0000893,Fatima Andersson,fatima.andersson893@example.com,B3,Standard,123.5,9.96,False
MTR0000894,Mohammed Khan,mohammed.khan894@example.com,G5,Fixed12,322.5,4.91,False
MTR0000895,Liam Silva,liam.silva895@example.com,M2,Green,504.2,6.91,False
MTR0000896,Wei Ahmed,wei.ahmed896@example.com,G5,Standard,372.7,10.94,False
MTR0000897,Mary Kowalski,mary.kowalski897@example.com,LS1,Economy7,230.0,7.86,True
MTR0000898,Aisha Rossi,aisha.rossi898@example.com,E1,Economy7,185.8,7.23,False
MTR0000899,James Patel,james.patel899@example.com,M2,Economy7,273.3,1.5,False
MTR0000900,Wei Silva,wei.silva900@example.com,M2,Green,53.7,11.48,False
MTR0000901,Ivan Garcia,ivan.garcia901@example.com,M2,Fixed12,370.3,6.89,False
MTR0000902,Fatima Ahmed,fatima.ahmed902@example.com,E1,Economy7,367.0,10.45,False
MTR0000903,Liam Rossi,liam.rossi903@example.com,G5,Standard,284.1,5.51,False
MTR0000904,Sofia Ali,sofia.ali904@example.com,E1,Economy7,243.4,10.07,False
MTR0000905,Aisha Andersson,aisha.andersson905@example.com,M2,Green,312.8,5.85,False
MTR0000906,Olu Rossi,olu.rossi906@example.com,M2,Fixed12,462.1,8.19,False
MTR0000907,Noah Patel,noah.patel907@example.com,LS1,Green,211.7,5.53,False
MTR0000908,Wei Smith,wei.smith908@example.com,B3,Economy7,234.9,11.92,False
MTR0000909,Mei Patel,mei.patel909@example.com,B3,Fixed12,157.7,11.25,False
MTR0000910,Noah Smith,noah.smith910@example.com,LS1,Standard,307.7,7.52,False
MTR0000911,Sofia Garcia,sofia.garcia911@example.com,BS4,Fixed12,217.0,10.43,False
MTR0000912,Fatima Patel,fatima.patel912@example.com,E1,Green,369.6,7.16,False
MTR0000913,Aisha Okafor,aisha.okafor913@example.com,M2,Green,421.9,2.24,False
MTR0000914,Aisha Tanaka,aisha.tanaka914@example.com,B3,Standard,307.4,7.49,False
MTR0000915,Sofia Brown,sofia.brown915@example.com,LS1,Fixed12,252.4,10.67,False
MTR0000916,Liam Garcia,liam.garcia916@example.com,G5,Standard,348.7,10.18,False
MTR0000917,Ivan Okafor,ivan.okafor917@example.com,LS1,Green,203.9,1.89,False
MTR0000918,Carlos Nguyen,carlos.nguyen918@example.com,G5,Standard,374.7,4.23,False
MTR0000919,Noah Rossi,noah.rossi919@example.com,E1,Green,260.8,10.48,False
MTR0000920,Mary Chen,mary.chen920@example.com,LS1,Standard,464.2,3.8,False
MTR0000921,Aisha Khan,aisha.khan921@example.com,M2,Green,318.8,1.28,False
MTR0000922,Olu Ali,olu.ali922@example.com,BS4,Green,310.6,4.28,False
MTR0000923,James Brown,james.brown923@example.com,B3,Economy7,324.8,7.95,False
MTR0000924,Yuki Khan,yuki.khan924@example.com,E1,Fixed12,319.1,7.11,False
MTR0000925,Wei Smith,wei.smith925@example.com,G5,Green,347.8,10.62,False
MTR0000926,Ivan Patel,ivan.patel926@example.com,E1,Fixed12,345.2,11.41,False
MTR0000927,Carlos Ahmed,carlos.ahmed927@example.com,E1,Economy7,379.7,9.58,True
MTR0000928,Noah Nguyen,noah.nguyen928@example.com,B3,Fixed12,451.7,2.01,False
MTR0000929,Noah Ali,noah.ali929@example.com,M2,Fixed12,20.9,11.12,False
MTR0000930,Noah Nguyen,noah.nguyen930@example.com,G5,Green,145.3,4.51,True
MTR0000931,Liam Rossi,liam.rossi931@example.com,BS4,Standard,305.1,4.78,False
MTR0000932,Aisha Andersson,aisha.andersson932@example.com,E1,Fixed12,415.0,7.83,False
MTR0000933,Fatima Tanaka,fatima.tanaka933@example.com,G5,Standard,242.1,7.67,False
MTR0000934,Priya Brown,priya.brown934@example.com,B3,Green,325.1,8.87,False
MTR0000935,Noah Patel,noah.patel935@example.com,LS1,Standard,475.0,10.63,False
MTR0000936,Liam Smith,liam.smith936@example.com,E1,Green,132.4,2.7,False
MTR0000937,Sofia Ahmed,sofia.ahmed937@example.com,BS4,Economy7,230.4,6.72,False
MTR0000938,Mohammed Kowalski,mohammed.kowalski938@example.com,BS4,Standard,512.5,1.78,False
MTR0000939,Mohammed Nguyen,mohammed.nguyen939@example.com,LS1,Economy7,575.3,4.78,False
MTR0000940,Yuki Brown,yuki.brown940@example.com,BS4,Green,170.1,8.07,False
MTR0000941,Sofia Ali,sofia.ali941@example.com,E1,Economy7,358.5,1.39,True
MTR0000942,Carlos Brown,carlos.brown942@example.com,LS1,Economy7,112.7,1.14,False
MTR0000943,Sofia Okafor,sofia.okafor943@example.com,LS1,Fixed12,265.3,2.09,False
MTR0000944,Yuki Garcia,yuki.garcia944@example.com,B3,Economy7,553.5,9.48,False
MTR0000945,James Tanaka,james.tanaka945@example.com,G5,Standard,286.2,2.13,False
MTR0000946,Aisha Silva,aisha.silva946@example.com,B3,Economy7,452.5,5.82,False
MTR0000947,Liam Ahmed,liam.ahmed947@example.com,M2,Fixed12,441.2,5.78,False
MTR0000948,Aisha Kowalski,aisha.kowalski948@example.com,B3,Fixed12,288.9,2.95,False
MTR0000949,Priya Nguyen,priya.nguyen949@example.com,G5,Economy7,612.1,10.6,False
MTR0000950,Priya Rossi,priya.rossi950@example.com,BS4,Fixed12,202.0,2.4,False
MTR0000951,Sofia Ali,sofia.ali951@example.com,M2,Green,245.9,8.01,False
MTR0000952,Noah Andersson,noah.andersson952@example.com,LS1,Economy7,439.2,7.13,True
MTR0000953,Carlos Tanaka,carlos.tanaka953@example.com,G5,Economy7,402.0,3.51,False
MTR0000954,Mei Kowalski,mei.kowalski954@example.com,G5,Fixed12,330.2,1.16,False
MTR0000955,Mohammed Smith,mohammed.smith955@example.com,BS4,Green,270.5,2.36,False
MTR0000956,Yuki Ahmed,yuki.ahmed956@example.com,M2,Economy7,348.2,10.67,True
MTR0000957,Wei Nguyen,wei.nguyen957@example.com,BS4,Economy7,251.0,4.2,False
MTR0000958,Ivan Brown,ivan.brown958@example.com,BS4,Green,237.9,10.63,False
MTR0000959,Wei Chen,wei.chen959@example.com,B3,Economy7,203.3,8.73,False
MTR0000960,Fatima Nguyen,fatima.nguyen960@example.com,E1,Standard,492.8,4.36,False
MTR0000961,Wei Patel,wei.patel961@example.com,G5,Standard,295.4,8.24,False
MTR0000962,Sofia Okafor,sofia.okafor962@example.com,BS4,Economy7,407.1,8.23,False
MTR0000963,Mohammed Patel,mohammed.patel963@example.com,B3,Standard,225.3,6.57,True
MTR0000964,Ivan Smith,ivan.smith964@example.com,B3,Green,322.9,5.64,False
MTR0000965,Carlos Kowalski,carlos.kowalski965@example.com,G5,Fixed12,260.0,9.04,False
MTR0000966,Fatima Ali,fatima.ali966@example.com,BS4,Green,10.0,1.18,False
MTR0000967,Aisha Tanaka,aisha.tanaka967@example.com,BS4,Standard,407.0,9.32,True
MTR0000968,Yuki Andersson,yuki.andersson968@example.com,B3,Green,418.4,4.84,False
MTR0000969,Carlos Andersson,carlos.andersson969@example.com,LS1,Standard,58.8,2.73,False
MTR0000970,Hannah Patel,hannah.patel970@example.com,G5,Economy7,212.8,4.16,False
MTR0000971,Fatima Rossi,fatima.rossi971@example.com,BS4,Economy7,236.6,11.66,False
MTR0000972,Priya Garcia,priya.garcia972@example.com,M2,Economy7,208.2,10.76,False
MTR0000973,Yuki Ahmed,yuki.ahmed973@example.com,LS1,Fixed12,112.5,8.99,False
MTR0000974,Ivan Silva,ivan.silva974@example.com,BS4,Fixed12,461.9,7.42,False
MTR0000975,Aisha Smith,aisha.smith975@example.com,G5,Fixed12,408.7,10.23,False
MTR0000976,Hannah Andersson,hannah.andersson976@example.com,G5,Green,454.1,1.33,True
MTR0000977,Priya Patel,priya.patel977@example.com,LS1,Green,277.3,1.89,False
MTR0000978,Fatima Brown,fatima.brown978@example.com,B3,Green,347.6,2.73,True
MTR0000979,Yuki Okafor,yuki.okafor979@example.com,B3,Fixed12,443.8,11.47,False
MTR0000980,Noah Brown,noah.brown980@example.com,BS4,Economy7,282.2,2.2,False
MTR0000981,Fatima Brown,fatima.brown981@example.com,E1,Economy7,490.9,6.8,False
MTR0000982,Fatima Patel,fatima.patel982@example.com,M2,Fixed12,141.9,9.6,False
MTR0000983,James Garcia,james.garcia983@example.com,LS1,Economy7,109.1,1.83,False
MTR0000984,Noah Garcia,noah.garcia984@example.com,M2,Standard,468.9,5.75,False
MTR0000985,Hannah Patel,hannah.patel985@example.com,G5,Green,225.4,11.33,False
MTR0000986,Wei Silva,wei.silva986@example.com,B3,Economy7,324.1,5.6,False
MTR0000987,Carlos Tanaka,carlos.tanaka987@example.com,E1,Fixed12,394.2,10.07,False
MTR0000988,Mary Kowalski,mary.kowalski988@example.com,M2,Green,400.7,8.23,True
MTR0000989,Hannah Rossi,hannah.rossi989@example.com,M2,Economy7,372.5,1.79,False
MTR0000990,Priya Andersson,priya.andersson990@example.com,G5,Standard,391.0,7.63,False
MTR0000991,Mohammed Silva,mohammed.silva991@example.com,M2,Standard,140.4,6.78,False
MTR0000992,Yuki Chen,yuki.chen992@example.com,G5,Standard,369.3,4.64,False
MTR0000993,Mei Smith,mei.smith993@example.com,M2,Economy7,230.9,1.34,False
MTR0000994,Ivan Brown,ivan.brown994@example.com,BS4,Economy7,310.6,11.96,False
MTR0000995,Priya Tanaka,priya.tanaka995@example.com,B3,Economy7,319.5,6.19,False
MTR0000996,Sofia Khan,sofia.khan996@example.com,LS1,Green,10.0,7.85,False
MTR0000997,Aisha Silva,aisha.silva997@example.com,G5,Standard,286.3,1.71,False
MTR0000998,Aisha Silva,aisha.silva998@example.com,B3,Economy7,380.2,8.01,True
MTR0000999,Ivan Khan,ivan.khan999@example.com,M2,Fixed12,351.2,3.58,False
MTR0001000,Sofia Nguyen,sofia.nguyen1000@example.com,BS4,Economy7,511.9,11.47,False
MTR0001001,Noah Ahmed,noah.ahmed1001@example.com,BS4,Standard,249.6,3.11,False
MTR0001002,Aisha Chen,aisha.chen1002@example.com,M2,Standard,84.6,9.46,False
MTR0001003,Olu Kowalski,olu.kowalski1003@example.com,M2,Fixed12,512.6,1.07,False
MTR0001004,Mary Khan,mary.khan1004@example.com,LS1,Standard,234.9,5.17,False
MTR0001005,Ivan Patel,ivan.patel1005@example.com,G5,Fixed12,242.9,4.55,False
MTR0001006,Mei Ahmed,mei.ahmed1006@example.com,G5,Economy7,271.8,4.17,False
MTR0001007,Mary Chen,mary.chen1007@example.com,E1,Green,436.1,3.72,False
MTR0001008,Ivan Okafor,ivan.okafor1008@example.com,LS1,Fixed12,236.8,4.04,False
MTR0001009,Mei Rossi,mei.rossi1009@example.com,M2,Standard,295.7,4.75,True
MTR0001010,Yuki Patel,yuki.patel1010@example.com,LS1,Economy7,300.8,3.36,False
MTR0001011,Ivan Silva,ivan.silva1011@example.com,G5,Standard,469.7,4.97,False
MTR0001012,Hannah Okafor,hannah.okafor1012@example.com,BS4,Standard,453.8,2.89,False
MTR0001013,Ivan Brown,ivan.brown1013@example.com,LS1,Fixed12,328.5,5.05,False
MTR0001014,James Rossi,james.rossi1014@example.com,BS4,Economy7,203.8,11.94,False
MTR0001015,Hannah Rossi,hannah.rossi1015@example.com,LS1,Fixed12,433.6,1.83,False
MTR0001016,Liam Tanaka,liam.tanaka1016@example.com,M2,Economy7,473.0,10.45,False
MTR0001017,Fatima Tanaka,fatima.tanaka1017@example.com,B3,Green,387.0,10.45,True
MTR0001018,Aisha Andersson,aisha.andersson1018@example.com,LS1,Fixed12,116.6,6.63,False
MTR0001019,Fatima Rossi,fatima.rossi1019@example.com,LS1,Standard,388.3,3.36,False
MTR0001020,James Kowalski,james.kowalski1020@example.com,BS4,Economy7,474.6,10.78,False
MTR0001021,Sofia Brown,sofia.brown1021@example.com,G5,Fixed12,532.7,11.11,False
MTR0001022,Fatima Nguyen,fatima.nguyen1022@example.com,M2,Green,273.4,4.35,True
MTR0001023,Carlos Brown,carlos.brown1023@example.com,G5,Fixed12,328.5,8.47,False
MTR0001024,Mary Okafor,mary.okafor1024@example.com,LS1,Green,452.2,4.3,False
MTR0001025,Noah Garcia,noah.garcia1025@example.com,M2,Fixed12,157.4,11.66,False
MTR0001026,Hannah Chen,hannah.chen1026@example.com,E1,Standard,162.1,6.29,False
MTR0001027,Yuki Rossi,yuki.rossi1027@example.com,B3,Economy7,390.6,4.03,False
MTR0001028,Mary Khan,mary.khan1028@example.com,G5,Standard,527.2,11.93,False
MTR0001029,Mei Andersson,mei.andersson1029@example.com,B3,Standard,355.4,11.13,True
MTR0001030,Liam Nguyen,liam.nguyen1030@example.com,G5,Green,380.5,3.95,False
MTR0001031,Carlos Khan,carlos.khan1031@example.com,M2,Economy7,237.2,9.21,False
MTR0001032,Olu Brown,olu.brown1032@example.com,LS1,Fixed12,341.4,6.08,False
MTR0001033,Aisha Tanaka,aisha.tanaka1033@example.com,BS4,Economy7,324.8,10.57,False
MTR0001034,Fatima Rossi,fatima.rossi1034@example.com,E1,Economy7,222.8,7.91,False
MTR0001035,Noah Smith,noah.smith1035@example.com,M2,Standard,366.4,6.76,False
MTR0001036,Carlos Nguyen,carlos.nguyen1036@example.com,E1,Economy7,113.9,4.16,False
MTR0001037,Liam Silva,liam.silva1037@example.com,LS1,Standard,285.1,9.99,False
MTR0001038,Fatima Nguyen,fatima.nguyen1038@example.com,B3,Green,481.7,1.96,False
MTR0001039,Mary Patel,mary.patel1039@example.com,G5,Green,299.1,6.05,False
MTR0001040,Mary Patel,mary.patel1040@example.com,LS1,Economy7,442.7,9.89,False
MTR0001041,Mei Khan,mei.khan1041@example.com,G5,Standard,134.7,3.85,False
MTR0001042,Fatima Khan,fatima.khan1042@example.com,LS1,Standard,502.0,5.55,False
MTR0001043,Hannah Ali,hannah.ali1043@example.com,BS4,Economy7,135.4,9.68,True
MTR0001044,James Garcia,james.garcia1044@example.com,LS1,Standard,327.7,7.71,True
MTR0001045,Wei Ahmed,wei.ahmed1045@example.com,M2,Economy7,371.1,2.77,False
MTR0001046,Ivan Rossi,ivan.rossi1046@example.com,G5,Standard,309.1,1.16,False
MTR0001047,Fatima Nguyen,fatima.nguyen1047@example.com,BS4,Economy7,192.3,9.32,False
MTR0001048,Noah Okafor,noah.okafor1048@example.com,B3,Standard,394.5,2.27,False
MTR0001049,Hannah Ali,hannah.ali1049@example.com,LS1,Standard,253.4,9.64,True
MTR0001050,Yuki Smith,yuki.smith1050@example.com,BS4,Fixed12,369.0,10.35,False
MTR0001051,Liam Garcia,liam.garcia1051@example.com,M2,Economy7,162.6,4.3,False
MTR0001052,James Ahmed,james.ahmed1052@example.com,B3,Economy7,452.8,11.39,False
MTR0001053,Olu Kowalski,olu.kowalski1053@example.com,G5,Standard,451.9,2.57,False
MTR0001054,Wei Chen,wei.chen1054@example.com,M2,Standard,321.2,5.28,False
MTR0001055,Sofia Smith,sofia.smith1055@example.com,G5,Green,351.0,9.87,False
MTR0001056,Mohammed Rossi,mohammed.rossi1056@example.com,B3,Economy7,291.1,6.8,False
MTR0001057,James Rossi,james.rossi1057@example.com,B3,Standard,235.7,3.85,False
MTR0001058,Mohammed Okafor,mohammed.okafor1058@example.com,BS4,Economy7,380.4,7.86,False
MTR0001059,Olu Silva,olu.silva1059@example.com,B3,Standard,267.9,1.79,False
MTR0001060,Yuki Silva,yuki.silva1060@example.com,BS4,Economy7,293.9,1.67,False
MTR0001061,Ivan Ali,ivan.ali1061@example.com,M2,Economy7,93.8,1.44,False
MTR0001062,Liam Andersson,liam.andersson1062@example.com,E1,Green,305.1,5.49,False
MTR0001063,Fatima Patel,fatima.patel1063@example.com,LS1,Green,242.1,1.08,False
MTR0001064,Ivan Patel,ivan.patel1064@example.com,BS4,Green,334.3,1.82,False
MTR0001065,Fatima Khan,fatima.khan1065@example.com,G5,Economy7,344.1,6.75,False
MTR0001066,Aisha Khan,aisha.khan1066@example.com,E1,Standard,396.7,2.25,False
MTR0001067,Mei Brown,mei.brown1067@example.com,E1,Fixed12,245.2,5.74,False
MTR0001068,Carlos Okafor,carlos.okafor1068@example.com,B3,Green,293.9,8.6,False
MTR0001069,Liam Brown,liam.brown1069@example.com,M2,Green,206.4,6.34,False
MTR0001070,Noah Chen,noah.chen1070@example.com,LS1,Economy7,244.6,3.16,False
MTR0001071,Yuki Silva,yuki.silva1071@example.com,LS1,Fixed12,331.2,3.59,False
MTR0001072,Ivan Kowalski,ivan.kowalski1072@example.com,G5,Fixed12,112.5,1.51,False
MTR0001073,James Ahmed,james.ahmed1073@example.com,E1,Standard,200.3,4.27,False
MTR0001074,Ivan Kowalski,ivan.kowalski1074@example.com,M2,Economy7,93.8,5.66,False
MTR0001075,Sofia Patel,sofia.patel1075@example.com,LS1,Fixed12,385.4,3.68,False
MTR0001076,Yuki Smith,yuki.smith1076@example.com,BS4,Green,266.6,2.7,False
MTR0001077,Carlos Silva,carlos.silva1077@example.com,B3,Fixed12,239.0,4.13,False
MTR0001078,Mei Silva,mei.silva1078@example.com,BS4,Standard,343.2,11.22,False
MTR0001079,Mary Rossi,mary.rossi1079@example.com,G5,Economy7,93.1,11.66,False
MTR0001080,Wei Patel,wei.patel1080@example.com,B3,Green,286.7,6.98,True
MTR0001081,Sofia Garcia,sofia.garcia1081@example.com,G5,Economy7,386.2,7.77,False
MTR0001082,Priya Brown,priya.brown1082@example.com,BS4,Standard,301.5,4.78,False
MTR0001083,Aisha Patel,aisha.patel1083@example.com,LS1,Fixed12,246.4,7.34,False
MTR0001084,Yuki Rossi,yuki.rossi1084@example.com,LS1,Standard,398.0,9.4,False
MTR0001085,Priya Tanaka,priya.tanaka1085@example.com,BS4,Economy7,303.9,4.02,False
MTR0001086,Carlos Ahmed,carlos.ahmed1086@example.com,M2,Economy7,71.5,2.89,False
MTR0001087,Mary Rossi,mary.rossi1087@example.com,BS4,Green,209.1,1.63,False
MTR0001088,Noah Andersson,noah.andersson1088@example.com,G5,Economy7,506.5,4.81,False
MTR0001089,Noah Tanaka,noah.tanaka1089@example.com,M2,Standard,170.9,8.74,False
MTR0001090,Hannah Rossi,hannah.rossi1090@example.com,BS4,Standard,397.8,9.69,False
MTR0001091,Olu Tanaka,olu.tanaka1091@example.com,LS1,Fixed12,286.0,9.18,False
MTR0001092,Olu Ali,olu.ali1092@example.com,B3,Economy7,243.6,9.18,False
MTR0001093,Priya Tanaka,priya.tanaka1093@example.com,G5,Standard,329.4,11.12,False
MTR0001094,Sofia Khan,sofia.khan1094@example.com,M2,Green,344.2,8.22,False
MTR0001095,Priya Patel,priya.patel1095@example.com,LS1,Green,368.6,8.86,False
MTR0001096,Wei Rossi,wei.rossi1096@example.com,BS4,Fixed12,101.6,2.98,False
MTR0001097,Yuki Andersson,yuki.andersson1097@example.com,LS1,Economy7,390.8,5.79,False
MTR0001098,Mohammed Silva,mohammed.silva1098@example.com,M2,Fixed12,472.1,8.52,True
MTR0001099,Hannah Rossi,hannah.rossi1099@example.com,BS4,Economy7,203.7,3.56,False
MTR0001100,Mohammed Khan,mohammed.khan1100@example.com,BS4,Fixed12,654.2,7.1,False
MTR0001101,Aisha Chen,aisha.chen1101@example.com,LS1,Economy7,386.6,2.44,False
MTR0001102,Hannah Patel,hannah.patel1102@example.com,G5,Economy7,407.5,5.43,False
MTR0001103,Yuki Brown,yuki.brown1103@example.com,B3,Standard,178.1,11.87,False
MTR0001104,Liam Rossi,liam.rossi1104@example.com,BS4,Green,117.0,11.18,False
MTR0001105,Hannah Garcia,hannah.garcia1105@example.com,E1,Standard,219.3,2.96,False
MTR0001106,Aisha Patel,aisha.patel1106@example.com,M2,Green,244.0,6.77,True
MTR0001107,Wei Garcia,wei.garcia1107@example.com,BS4,Fixed12,411.8,5.33,False
MTR0001108,Aisha Andersson,aisha.andersson1108@example.com,M2,Economy7,332.4,2.92,False
MTR0001109,Mary Chen,mary.chen1109@example.com,LS1,Fixed12,386.9,5.04,False
MTR0001110,Priya Ahmed,priya.ahmed1110@example.com,BS4,Standard,199.5,6.69,True
MTR0001111,Mary Ali,mary.ali1111@example.com,B3,Fixed12,372.7,5.65,False
MTR0001112,Liam Brown,liam.brown1112@example.com,E1,Economy7,379.5,2.11,True
MTR0001113,Carlos Brown,carlos.brown1113@example.com,G5,Green,389.8,8.58,False
MTR0001114,Hannah Garcia,hannah.garcia1114@example.com,E1,Fixed12,233.5,9.48,False
MTR0001115,Priya Garcia,priya.garcia1115@example.com,B3,Green,590.6,2.72,False
MTR0001116,Priya Khan,priya.khan1116@example.com,M2,Economy7,203.3,8.63,False
MTR0001117,Aisha Brown,aisha.brown1117@example.com,B3,Economy7,187.7,7.85,False
MTR0001118,Ivan Okafor,ivan.okafor1118@example.com,BS4,Green,353.9,8.79,False
MTR0001119,Mei Chen,mei.chen1119@example.com,E1,Standard,494.4,11.34,False
MTR0001120,Wei Patel,wei.patel1120@example.com,LS1,Fixed12,355.4,10.69,True
MTR0001121,Olu Chen,olu.chen1121@example.com,B3,Economy7,396.8,2.25,False
MTR0001122,Mei Brown,mei.brown1122@example.com,LS1,Green,384.8,7.77,False
MTR0001123,Hannah Patel,hannah.patel1123@example.com,M2,Standard,264.6,2.17,False
MTR0001124,Mei Kowalski,mei.kowalski1124@example.com,G5,Standard,197.7,4.85,False
MTR0001125,Aisha Patel,aisha.patel1125@example.com,B3,Green,433.9,4.73,False
MTR0001126,Yuki Andersson,yuki.andersson1126@example.com,BS4,Green,536.0,5.15,True
MTR0001127,Carlos Patel,carlos.patel1127@example.com,LS1,Standard,253.7,4.65,False
MTR0001128,Mohammed Patel,mohammed.patel1128@example.com,G5,Economy7,94.6,5.9,False
MTR0001129,Ivan Okafor,ivan.okafor1129@example.com,BS4,Economy7,218.2,9.09,False
MTR0001130,Sofia Tanaka,sofia.tanaka1130@example.com,M2,Economy7,366.2,11.35,False
MTR0001131,Mei Rossi,mei.rossi1131@example.com,E1,Economy7,430.5,4.43,False
MTR0001132,Fatima Chen,fatima.chen1132@example.com,BS4,Green,357.7,5.07,False
MTR0001133,Yuki Khan,yuki.khan1133@example.com,BS4,Economy7,309.4,4.59,False
MTR0001134,Priya Patel,priya.patel1134@example.com,LS1,Fixed12,302.6,3.5,True
MTR0001135,Carlos Chen,carlos.chen1135@example.com,LS1,Economy7,186.5,7.14,False
MTR0001136,Fatima Tanaka,fatima.tanaka1136@example.com,E1,Standard,369.0,8.98,False
MTR0001137,Priya Chen,priya.chen1137@example.com,BS4,Standard,144.3,2.96,False
MTR0001138,Carlos Ali,carlos.ali1138@example.com,BS4,Fixed12,376.3,8.88,False
MTR0001139,James Silva,james.silva1139@example.com,BS4,Green,300.7,8.07,False
MTR0001140,Olu Brown,olu.brown1140@example.com,E1,Fixed12,366.0,7.9,False
MTR0001141,Aisha Garcia,aisha.garcia1141@example.com,E1,Fixed12,339.5,9.68,False
MTR0001142,Mohammed Okafor,mohammed.okafor1142@example.com,E1,Fixed12,308.0,8.86,False
MTR0001143,Yuki Ali,yuki.ali1143@example.com,M2,Standard,89.0,11.65,False
MTR0001144,Liam Khan,liam.khan1144@example.com,M2,Standard,77.6,7.29,True
MTR0001145,Sofia Khan,sofia.khan1145@example.com,BS4,Economy7,256.8,5.69,False
MTR0001146,Sofia Ali,sofia.ali1146@example.com,BS4,Fixed12,265.3,1.4,True
MTR0001147,Liam Patel,liam.patel1147@example.com,E1,Green,500.0,7.58,False
MTR0001148,Olu Tanaka,olu.tanaka1148@example.com,LS1,Fixed12,217.1,5.12,False
MTR0001149,Aisha Andersson,aisha.andersson1149@example.com,B3,Economy7,489.7,7.9,False
MTR0001150,Sofia Smith,sofia.smith1150@example.com,M2,Economy7,416.9,11.91,False
MTR0001151,Liam Kowalski,liam.kowalski1151@example.com,M2,Standard,448.9,4.61,False
MTR0001152,Ivan Garcia,ivan.garcia1152@example.com,E1,Economy7,243.1,6.35,True
MTR0001153,Yuki Smith,yuki.smith1153@example.com,BS4,Standard,562.0,4.07,True
MTR0001154,Hannah Nguyen,hannah.nguyen1154@example.com,G5,Fixed12,91.6,2.92,False
MTR0001155,Mei Khan,mei.khan1155@example.com,G5,Economy7,558.0,8.59,False
MTR0001156,Mohammed Smith,mohammed.smith1156@example.com,E1,Fixed12,434.3,1.1,False
MTR0001157,James Chen,james.chen1157@example.com,B3,Standard,250.1,1.82,False
MTR0001158,Priya Ahmed,priya.ahmed1158@example.com,B3,Fixed12,97.6,5.27,False
MTR0001159,Hannah Ahmed,hannah.ahmed1159@example.com,G5,Fixed12,317.6,10.71,False
MTR0001160,Fatima Smith,fatima.smith1160@example.com,LS1,Fixed12,209.2,1.4,False
MTR0001161,Liam Brown,liam.brown1161@example.com,M2,Fixed12,209.3,11.08,False
MTR0001162,Olu Okafor,olu.okafor1162@example.com,LS1,Standard,156.4,2.49,False
MTR0001163,Priya Khan,priya.khan1163@example.com,E1,Economy7,395.3,11.67,False
MTR0001164,Mohammed Silva,mohammed.silva1164@example.com,BS4,Economy7,336.3,11.43,False
MTR0001165,Mei Nguyen,mei.nguyen1165@example.com,B3,Standard,540.8,1.47,False
MTR0001166,Priya Ali,priya.ali1166@example.com,G5,Fixed12,105.3,9.57,False
MTR0001167,Priya Okafor,priya.okafor1167@example.com,E1,Green,354.8,6.46,False
MTR0001168,Liam Smith,liam.smith1168@example.com,BS4,Fixed12,517.3,5.7,True
MTR0001169,Liam Brown,liam.brown1169@example.com,B3,Standard,243.2,1.46,False
MTR0001170,Hannah Ahmed,hannah.ahmed1170@example.com,E1,Economy7,563.6,11.93,False
MTR0001171,Wei Garcia,wei.garcia1171@example.com,B3,Green,108.0,1.36,False
MTR0001172,Mary Tanaka,mary.tanaka1172@example.com,BS4,Fixed12,189.1,4.08,False
MTR0001173,Olu Ali,olu.ali1173@example.com,BS4,Fixed12,260.0,6.2,False
MTR0001174,Liam Ali,liam.ali1174@example.com,G5,Economy7,394.5,2.33,False
MTR0001175,Mei Andersson,mei.andersson1175@example.com,B3,Standard,385.3,5.4,False
MTR0001176,Mary Smith,mary.smith1176@example.com,E1,Standard,359.3,9.37,False
MTR0001177,Carlos Tanaka,carlos.tanaka1177@example.com,G5,Fixed12,296.3,1.64,True
MTR0001178,Mei Khan,mei.khan1178@example.com,B3,Standard,405.6,9.16,False
MTR0001179,Ivan Okafor,ivan.okafor1179@example.com,LS1,Standard,429.0,8.54,False
MTR0001180,Mohammed Khan,mohammed.khan1180@example.com,G5,Standard,417.1,2.09,False
MTR0001181,Hannah Khan,hannah.khan1181@example.com,G5,Green,254.2,11.12,False
MTR0001182,Priya Andersson,priya.andersson1182@example.com,G5,Standard,474.7,1.22,False
MTR0001183,Mohammed Patel,mohammed.patel1183@example.com,B3,Economy7,294.4,7.75,False
MTR0001184,Fatima Rossi,fatima.rossi1184@example.com,E1,Standard,462.0,3.1,False
MTR0001185,Aisha Silva,aisha.silva1185@example.com,BS4,Fixed12,371.5,6.57,False
MTR0001186,Aisha Ahmed,aisha.ahmed1186@example.com,LS1,Economy7,307.9,8.64,True
MTR0001187,Mohammed Ahmed,mohammed.ahmed1187@example.com,G5,Standard,212.8,11.8,False
MTR0001188,Aisha Silva,aisha.silva1188@example.com,E1,Green,320.0,1.61,False
MTR0001189,Ivan Smith,ivan.smith1189@example.com,LS1,Standard,284.0,9.6,False
MTR0001190,Ivan Khan,ivan.khan1190@example.com,G5,Standard,466.2,9.85,False
MTR0001191,Mary Silva,mary.silva1191@example.com,G5,Standard,139.6,7.47,False
MTR0001192,Olu Tanaka,olu.tanaka1192@example.com,M2,Economy7,291.1,5.31,False
MTR0001193,Noah Rossi,noah.rossi1193@example.com,M2,Fixed12,287.1,3.62,False
MTR0001194,Yuki Patel,yuki.patel1194@example.com,G5,Fixed12,629.7,2.24,False
MTR0001195,Fatima Ahmed,fatima.ahmed1195@example.com,BS4,Standard,381.2,1.56,False
MTR0001196,Mohammed Smith,mohammed.smith1196@example.com,B3,Fixed12,353.1,7.39,True
MTR0001197,Hannah Khan,hannah.khan1197@example.com,E1,Standard,307.7,7.03,True
MTR0001198,Ivan Patel,ivan.patel1198@example.com,G5,Fixed12,274.9,1.58,False
MTR0001199,Mohammed Nguyen,mohammed.nguyen1199@example.com,BS4,Green,266.4,9.12,False
MTR0001200,Wei Rossi,wei.rossi1200@example.com,E1,Standard,329.7,2.33,False
MTR0001201,Noah Khan,noah.khan1201@example.com,B3,Standard,443.2,9.86,False
MTR0001202,Liam Garcia,liam.garcia1202@example.com,LS1,Green,453.5,1.05,False
MTR0001203,Mary Garcia,mary.garcia1203@example.com,LS1,Fixed12,278.8,11.97,False
MTR0001204,Mary Silva,mary.silva1204@example.com,B3,Economy7,220.3,11.39,False
MTR0001205,James Smith,james.smith1205@example.com,G5,Standard,351.0,5.54,False
MTR0001206,Wei Chen,wei.chen1206@example.com,M2,Fixed12,225.9,9.07,False
MTR0001207,Mary Nguyen,mary.nguyen1207@example.com,G5,Standard,90.1,2.41,False
MTR0001208,Ivan Andersson,ivan.andersson1208@example.com,E1,Fixed12,264.3,9.27,False
MTR0001209,Liam Silva,liam.silva1209@example.com,E1,Fixed12,231.5,10.74,False
MTR0001210,Carlos Smith,carlos.smith1210@example.com,BS4,Standard,281.2,7.17,False
MTR0001211,Ivan Tanaka,ivan.tanaka1211@example.com,LS1,Economy7,292.0,10.26,False
MTR0001212,Sofia Silva,sofia.silva1212@example.com,E1,Economy7,501.0,6.02,False
MTR0001213,Aisha Kowalski,aisha.kowalski1213@example.com,G5,Economy7,262.3,3.52,False
MTR0001214,Hannah Ali,hannah.ali1214@example.com,M2,Green,189.5,1.1,False
MTR0001215,Noah Andersson,noah.andersson1215@example.com,BS4,Fixed12,325.0,3.53,False
MTR0001216,Wei Nguyen,wei.nguyen1216@example.com,E1,Economy7,10.0,10.21,False
MTR0001217,Sofia Okafor,sofia.okafor1217@example.com,B3,Economy7,115.2,5.4,False
MTR0001218,Wei Andersson,wei.andersson1218@example.com,BS4,Economy7,294.9,1.39,False
MTR0001219,Noah Ahmed,noah.ahmed1219@example.com,M2,Fixed12,236.0,9.49,False
MTR0001220,Yuki Smith,yuki.smith1220@example.com,G5,Green,397.5,4.28,True
MTR0001221,Olu Khan,olu.khan1221@example.com,BS4,Green,297.5,6.02,False
MTR0001222,Mary Tanaka,mary.tanaka1222@example.com,E1,Fixed12,561.2,3.53,False
MTR0001223,Ivan Ali,ivan.ali1223@example.com,G5,Green,339.4,3.32,False
MTR0001224,Wei Khan,wei.khan1224@example.com,G5,Economy7,272.5,5.51,False
MTR0001225,Ivan Chen,ivan.chen1225@example.com,G5,Economy7,304.2,10.61,True
MTR0001226,Olu Chen,olu.chen1226@example.com,BS4,Fixed12,123.4,4.23,False
MTR0001227,Mohammed Rossi,mohammed.rossi1227@example.com,E1,Standard,263.6,11.94,False
MTR0001228,Wei Rossi,wei.rossi1228@example.com,LS1,Green,562.6,2.29,False
MTR0001229,Sofia Rossi,sofia.rossi1229@example.com,LS1,Fixed12,298.2,1.71,False
MTR0001230,Yuki Andersson,yuki.andersson1230@example.com,G5,Standard,249.0,6.35,False
MTR0001231,Priya Nguyen,priya.nguyen1231@example.com,E1,Fixed12,344.4,9.57,False
MTR0001232,Mei Ali,mei.ali1232@example.com,G5,Green,403.6,6.27,False
MTR0001233,Carlos Silva,carlos.silva1233@example.com,M2,Economy7,395.1,1.6,False
MTR0001234,Mohammed Silva,mohammed.silva1234@example.com,E1,Economy7,383.5,10.97,False
MTR0001235,Priya Silva,priya.silva1235@example.com,G5,Standard,299.6,8.49,True
MTR0001236,Carlos Silva,carlos.silva1236@example.com,E1,Green,429.9,9.39,False
MTR0001237,Wei Khan,wei.khan1237@example.com,M2,Standard,278.3,8.05,False
MTR0001238,Noah Brown,noah.brown1238@example.com,M2,Green,447.7,3.95,True
MTR0001239,Hannah Smith,hannah.smith1239@example.com,LS1,Economy7,52.3,6.9,False
MTR0001240,Hannah Kowalski,hannah.kowalski1240@example.com,M2,Standard,161.9,5.12,False
MTR0001241,Priya Okafor,priya.okafor1241@example.com,BS4,Fixed12,424.4,6.9,False
MTR0001242,Mary Smith,mary.smith1242@example.com,BS4,Fixed12,209.6,5.57,True
MTR0001243,Liam Garcia,liam.garcia1243@example.com,G5,Standard,225.6,1.65,False
MTR0001244,Aisha Rossi,aisha.rossi1244@example.com,B3,Standard,204.7,8.33,False
MTR0001245,Mei Garcia,mei.garcia1245@example.com,E1,Economy7,109.6,5.52,False
MTR0001246,Olu Rossi,olu.rossi1246@example.com,G5,Fixed12,223.7,3.07,False
MTR0001247,Fatima Nguyen,fatima.nguyen1247@example.com,M2,Green,445.6,5.7,False
MTR0001248,Yuki Okafor,yuki.okafor1248@example.com,B3,Fixed12,437.0,7.46,True
MTR0001249,Hannah Garcia,hannah.garcia1249@example.com,M2,Economy7,313.9,1.58,False
MTR0001250,Fatima Silva,fatima.silva1250@example.com,G5,Economy7,253.4,5.0,False
MTR0001251,Mei Ahmed,mei.ahmed1251@example.com,B3,Green,459.2,5.74,False
MTR0001252,Sofia Okafor,sofia.okafor1252@example.com,LS1,Fixed12,279.7,8.6,False
MTR0001253,Mary Khan,mary.khan1253@example.com,M2,Standard,348.8,9.25,False
MTR0001254,Mohammed Garcia,mohammed.garcia1254@example.com,G5,Economy7,236.9,11.41,False
MTR0001255,Liam Okafor,liam.okafor1255@example.com,G5,Standard,200.0,8.35,False
MTR0001256,Liam Smith,liam.smith1256@example.com,M2,Fixed12,30.5,2.29,False
MTR0001257,Olu Smith,olu.smith1257@example.com,LS1,Green,349.9,8.65,True
MTR0001258,Yuki Ali,yuki.ali1258@example.com,B3,Standard,43.8,6.27,False
MTR0001259,Wei Brown,wei.brown1259@example.com,LS1,Fixed12,253.1,8.73,False
MTR0001260,Wei Smith,wei.smith1260@example.com,B3,Fixed12,299.2,9.61,True
MTR0001261,Priya Garcia,priya.garcia1261@example.com,E1,Standard,269.0,7.11,False
MTR0001262,Mary Tanaka,mary.tanaka1262@example.com,BS4,Standard,383.2,6.39,False
MTR0001263,Mei Garcia,mei.garcia1263@example.com,M2,Fixed12,337.5,5.38,False
MTR0001264,Olu Kowalski,olu.kowalski1264@example.com,LS1,Economy7,337.5,8.59,True
MTR0001265,Ivan Andersson,ivan.andersson1265@example.com,G5,Green,377.5,8.53,False
MTR0001266,Wei Kowalski,wei.kowalski1266@example.com,B3,Economy7,287.4,7.5,False
MTR0001267,Sofia Smith,sofia.smith1267@example.com,LS1,Fixed12,217.7,11.82,True
MTR0001268,Priya Rossi,priya.rossi1268@example.com,E1,Economy7,463.3,4.53,False
MTR0001269,Noah Patel,noah.patel1269@example.com,G5,Economy7,400.9,5.11,False
MTR0001270,James Patel,james.patel1270@example.com,BS4,Fixed12,242.0,11.53,True
MTR0001271,Noah Brown,noah.brown1271@example.com,M2,Economy7,434.5,10.02,False
MTR0001272,Yuki Brown,yuki.brown1272@example.com,E1,Fixed12,360.5,4.85,True
MTR0001273,Priya Andersson,priya.andersson1273@example.com,M2,Economy7,255.7,7.62,False
MTR0001274,Noah Silva,noah.silva1274@example.com,BS4,Green,301.9,7.39,False
MTR0001275,Mary Chen,mary.chen1275@example.com,M2,Fixed12,285.4,2.51,False
MTR0001276,Olu Andersson,olu.andersson1276@example.com,B3,Standard,234.6,9.57,False
MTR0001277,Carlos Andersson,carlos.andersson1277@example.com,LS1,Economy7,220.9,6.71,False
MTR0001278,Wei Garcia,wei.garcia1278@example.com,M2,Standard,347.4,10.0,False
MTR0001279,Yuki Okafor,yuki.okafor1279@example.com,B3,Fixed12,567.9,4.59,False
MTR0001280,Fatima Garcia,fatima.garcia1280@example.com,M2,Standard,212.2,8.25,False
MTR0001281,Mei Brown,mei.brown1281@example.com,G5,Economy7,278.0,2.36,False
MTR0001282,Sofia Ali,sofia.ali1282@example.com,E1,Fixed12,404.5,3.55,False
MTR0001283,James Ali,james.ali1283@example.com,M2,Fixed12,87.1,2.38,False
MTR0001284,Mary Garcia,mary.garcia1284@example.com,E1,Economy7,265.1,4.92,False
MTR0001285,Mohammed Nguyen,mohammed.nguyen1285@example.com,M2,Green,235.4,2.3,False
MTR0001286,Priya Ahmed,priya.ahmed1286@example.com,BS4,Fixed12,369.6,2.39,False
MTR0001287,Fatima Okafor,fatima.okafor1287@example.com,M2,Economy7,304.5,9.84,False
MTR0001288,Liam Ali,liam.ali1288@example.com,M2,Fixed12,243.5,4.34,False
MTR0001289,Olu Tanaka,olu.tanaka1289@example.com,LS1,Standard,336.8,5.32,False
MTR0001290,Sofia Ali,sofia.ali1290@example.com,B3,Economy7,474.0,5.39,True
MTR0001291,Liam Ali,liam.ali1291@example.com,M2,Standard,353.5,6.37,True
MTR0001292,Yuki Tanaka,yuki.tanaka1292@example.com,E1,Green,300.2,5.69,False
MTR0001293,Ivan Ali,ivan.ali1293@example.com,BS4,Green,391.6,5.83,False
MTR0001294,Carlos Rossi,carlos.rossi1294@example.com,G5,Standard,253.8,7.92,False
MTR0001295,James Ahmed,james.ahmed1295@example.com,LS1,Fixed12,286.8,3.34,False
MTR0001296,Mohammed Garcia,mohammed.garcia1296@example.com,B3,Fixed12,414.0,1.65,False
MTR0001297,Ivan Nguyen,ivan.nguyen1297@example.com,M2,Standard,292.7,7.35,False
MTR0001298,Mohammed Chen,mohammed.chen1298@example.com,G5,Fixed12,305.5,6.09,False
MTR0001299,Mei Kowalski,mei.kowalski1299@example.com,E1,Economy7,230.1,6.87,False
MTR0001300,James Smith,james.smith1300@example.com,LS1,Standard,316.3,9.2,False
MTR0001301,Olu Chen,olu.chen1301@example.com,G5,Economy7,382.3,2.82,False
MTR0001302,Fatima Patel,fatima.patel1302@example.com,BS4,Economy7,294.5,10.05,False
MTR0001303,Priya Nguyen,priya.nguyen1303@example.com,LS1,Standard,412.4,7.77,False
MTR0001304,Noah Ahmed,noah.ahmed1304@example.com,G5,Fixed12,133.9,11.41,False
MTR0001305,Carlos Ali,carlos.ali1305@example.com,G5,Fixed12,115.4,6.89,True
MTR0001306,Noah Andersson,noah.andersson1306@example.com,LS1,Green,125.9,10.39,False
MTR0001307,Hannah Brown,hannah.brown1307@example.com,M2,Green,231.1,8.57,False
MTR0001308,Sofia Nguyen,sofia.nguyen1308@example.com,E1,Fixed12,368.1,11.95,True
MTR0001309,Noah Okafor,noah.okafor1309@example.com,B3,Economy7,279.2,10.84,False
MTR0001310,Fatima Brown,fatima.brown1310@example.com,G5,Economy7,210.5,5.54,False
MTR0001311,Fatima Nguyen,fatima.nguyen1311@example.com,B3,Green,348.2,10.29,False
MTR0001312,Aisha Okafor,aisha.okafor1312@example.com,E1,Fixed12,345.7,1.72,False
MTR0001313,Mohammed Rossi,mohammed.rossi1313@example.com,BS4,Green,363.0,11.12,False
MTR0001314,Mary Andersson,mary.andersson1314@example.com,M2,Economy7,271.8,10.53,False
MTR0001315,Noah Chen,noah.chen1315@example.com,BS4,Green,302.4,9.58,False
MTR0001316,Mei Ali,mei.ali1316@example.com,E1,Economy7,474.9,1.67,False
MTR0001317,Wei Silva,wei.silva1317@example.com,M2,Fixed12,288.4,1.41,False
MTR0001318,Aisha Kowalski,aisha.kowalski1318@example.com,E1,Standard,232.4,8.23,False
MTR0001319,Ivan Ali,ivan.ali1319@example.com,E1,Fixed12,433.2,8.68,False
MTR0001320,James Patel,james.patel1320@example.com,G5,Fixed12,354.7,11.32,False
MTR0001321,Mohammed Ahmed,mohammed.ahmed1321@example.com,BS4,Fixed12,187.8,5.98,False
MTR0001322,Mary Patel,mary.patel1322@example.com,LS1,Economy7,324.7,3.89,False
MTR0001323,Mei Silva,mei.silva1323@example.com,LS1,Economy7,234.3,6.04,False
MTR0001324,Noah Silva,noah.silva1324@example.com,B3,Fixed12,219.6,10.4,False
MTR0001325,Sofia Ahmed,sofia.ahmed1325@example.com,B3,Standard,556.7,10.25,False
MTR0001326,Olu Ahmed,olu.ahmed1326@example.com,LS1,Economy7,262.5,11.2,False
MTR0001327,Olu Kowalski,olu.kowalski1327@example.com,BS4,Fixed12,134.1,6.41,False
MTR0001328,Aisha Tanaka,aisha.tanaka1328@example.com,LS1,Fixed12,231.5,6.42,True
MTR0001329,Yuki Silva,yuki.silva1329@example.com,BS4,Economy7,124.6,6.76,False
MTR0001330,Mary Garcia,mary.garcia1330@example.com,BS4,Fixed12,170.4,8.56,False
MTR0001331,Yuki Nguyen,yuki.nguyen1331@example.com,LS1,Economy7,209.1,3.18,True
MTR0001332,Noah Okafor,noah.okafor1332@example.com,E1,Green,315.3,9.43,False
MTR0001333,Noah Tanaka,noah.tanaka1333@example.com,G5,Standard,358.7,4.26,False
MTR0001334,Noah Smith,noah.smith1334@example.com,M2,Standard,540.1,1.52,False
MTR0001335,Noah Ali,noah.ali1335@example.com,B3,Economy7,407.9,5.46,False
MTR0001336,Ivan Ahmed,ivan.ahmed1336@example.com,BS4,Economy7,399.5,9.4,False
MTR0001337,Mohammed Garcia,mohammed.garcia1337@example.com,BS4,Fixed12,340.2,1.36,False
MTR0001338,Mohammed Nguyen,mohammed.nguyen1338@example.com,B3,Standard,407.8,9.35,False
MTR0001339,Mohammed Andersson,mohammed.andersson1339@example.com,E1,Economy7,312.3,3.4,False
MTR0001340,Olu Nguyen,olu.nguyen1340@example.com,E1,Green,432.5,7.87,False
MTR0001341,Liam Ahmed,liam.ahmed1341@example.com,LS1,Standard,291.7,7.49,False
MTR0001342,Liam Ali,liam.ali1342@example.com,B3,Economy7,225.9,8.81,False
MTR0001343,Aisha Smith,aisha.smith1343@example.com,BS4,Green,221.6,1.26,True
MTR0001344,Noah Khan,noah.khan1344@example.com,M2,Standard,354.5,6.94,True
MTR0001345,Noah Ali,noah.ali1345@example.com,E1,Fixed12,356.6,8.71,True
MTR0001346,Liam Khan,liam.khan1346@example.com,G5,Standard,231.8,6.52,False
MTR0001347,Ivan Rossi,ivan.rossi1347@example.com,G5,Green,484.8,7.08,False
MTR0001348,Ivan Smith,ivan.smith1348@example.com,B3,Standard,321.2,9.9,True
MTR0001349,Mei Smith,mei.smith1349@example.com,BS4,Standard,352.8,6.76,True
MTR0001350,Yuki Brown,yuki.brown1350@example.com,M2,Green,452.7,3.19,False
MTR0001351,Aisha Patel,aisha.patel1351@example.com,BS4,Standard,479.1,7.03,False
MTR0001352,Noah Rossi,noah.rossi1352@example.com,B3,Economy7,307.7,10.3,False
MTR0001353,Fatima Kowalski,fatima.kowalski1353@example.com,E1,Green,332.6,9.88,False
MTR0001354,Liam Tanaka,liam.tanaka1354@example.com,G5,Green,124.9,9.27,False
MTR0001355,Wei Garcia,wei.garcia1355@example.com,E1,Green,294.0,2.18,False
MTR0001356,Wei Andersson,wei.andersson1356@example.com,M2,Standard,207.9,5.5,True
MTR0001357,Liam Kowalski,liam.kowalski1357@example.com,G5,Fixed12,485.6,11.94,False
MTR0001358,Mary Khan,mary.khan1358@example.com,LS1,Standard,467.3,7.2,False
MTR0001359,James Patel,james.patel1359@example.com,E1,Standard,88.1,8.63,False
MTR0001360,Hannah Rossi,hannah.rossi1360@example.com,G5,Economy7,289.8,11.11,False
MTR0001361,Aisha Tanaka,aisha.tanaka1361@example.com,G5,Economy7,554.2,9.38,False
MTR0001362,Liam Silva,liam.silva1362@example.com,B3,Fixed12,283.8,2.16,True
MTR0001363,Hannah Rossi,hannah.rossi1363@example.com,BS4,Standard,181.2,7.61,False
MTR0001364,Sofia Silva,sofia.silva1364@example.com,G5,Economy7,279.6,3.42,True
MTR0001365,Mei Smith,mei.smith1365@example.com,G5,Green,519.1,1.8,True
MTR0001366,Hannah Andersson,hannah.andersson1366@example.com,M2,Standard,286.7,1.71,False
MTR0001367,Liam Patel,liam.patel1367@example.com,LS1,Green,348.5,10.85,True
MTR0001368,James Chen,james.chen1368@example.com,G5,Standard,267.4,10.75,False
MTR0001369,Liam Tanaka,liam.tanaka1369@example.com,G5,Standard,490.6,5.18,True
MTR0001370,Priya Chen,priya.chen1370@example.com,B3,Economy7,307.6,11.6,False
MTR0001371,Aisha Ali,aisha.ali1371@example.com,E1,Green,462.5,4.18,True
MTR0001372,Olu Brown,olu.brown1372@example.com,BS4,Standard,507.3,8.28,False
MTR0001373,Mei Rossi,mei.rossi1373@example.com,E1,Fixed12,253.8,10.38,False
MTR0001374,Aisha Silva,aisha.silva1374@example.com,E1,Fixed12,295.0,9.36,False
MTR0001375,Carlos Patel,carlos.patel1375@example.com,G5,Economy7,344.6,2.82,False
MTR0001376,Carlos Nguyen,carlos.nguyen1376@example.com,B3,Fixed12,347.0,5.48,False
MTR0001377,Noah Okafor,noah.okafor1377@example.com,M2,Economy7,216.9,10.8,False
MTR0001378,Priya Garcia,priya.garcia1378@example.com,B3,Fixed12,154.7,9.44,False
MTR0001379,Olu Garcia,olu.garcia1379@example.com,B3,Economy7,229.9,10.87,False
MTR0001380,Priya Garcia,priya.garcia1380@example.com,LS1,Green,229.5,11.5,False
MTR0001381,Hannah Smith,hannah.smith1381@example.com,E1,Green,293.0,5.77,False
MTR0001382,Olu Khan,olu.khan1382@example.com,B3,Economy7,301.0,3.63,False
MTR0001383,Hannah Tanaka,hannah.tanaka1383@example.com,M2,Fixed12,469.2,3.95,False
MTR0001384,Olu Silva,olu.silva1384@example.com,E1,Economy7,410.3,10.03,False
MTR0001385,Noah Smith,noah.smith1385@example.com,M2,Green,275.2,8.86,False
MTR0001386,Olu Khan,olu.khan1386@example.com,M2,Green,319.0,11.72,True
MTR0001387,Olu Kowalski,olu.kowalski1387@example.com,B3,Economy7,229.5,6.52,False
MTR0001388,Yuki Okafor,yuki.okafor1388@example.com,B3,Standard,646.7,8.11,False
MTR0001389,Mary Rossi,mary.rossi1389@example.com,E1,Green,261.7,6.8,False
MTR0001390,Fatima Tanaka,fatima.tanaka1390@example.com,M2,Fixed12,349.1,8.72,False
MTR0001391,Wei Okafor,wei.okafor1391@example.com,LS1,Standard,355.8,6.25,False
MTR0001392,Yuki Smith,yuki.smith1392@example.com,LS1,Green,333.3,6.48,False
MTR0001393,James Okafor,james.okafor1393@example.com,B3,Economy7,304.4,3.27,False
MTR0001394,Sofia Silva,sofia.silva1394@example.com,BS4,Green,475.4,8.78,False
MTR0001395,Olu Rossi,olu.rossi1395@example.com,B3,Green,324.6,8.03,False
MTR0001396,Mei Tanaka,mei.tanaka1396@example.com,E1,Green,244.4,8.89,False
MTR0001397,Mei Andersson,mei.andersson1397@example.com,B3,Fixed12,266.3,8.22,False
MTR0001398,Hannah Kowalski,hannah.kowalski1398@example.com,G5,Standard,360.5,11.66,False
MTR0001399,Mei Silva,mei.silva1399@example.com,E1,Economy7,234.9,1.28,False
MTR0001400,Yuki Silva,yuki.silva1400@example.com,G5,Standard,143.7,7.24,False
MTR0001401,Yuki Okafor,yuki.okafor1401@example.com,G5,Green,428.5,2.14,False
MTR0001402,Noah Nguyen,noah.nguyen1402@example.com,LS1,Fixed12,349.9,9.29,False
MTR0001403,Mary Tanaka,mary.tanaka1403@example.com,LS1,Standard,472.0,8.57,False
MTR0001404,Mei Chen,mei.chen1404@example.com,E1,Economy7,188.2,8.39,True
MTR0001405,Priya Ahmed,priya.ahmed1405@example.com,E1,Green,296.3,11.52,False
MTR0001406,Yuki Tanaka,yuki.tanaka1406@example.com,B3,Standard,248.9,2.77,False
MTR0001407,Mei Brown,mei.brown1407@example.com,LS1,Economy7,83.5,11.58,True
MTR0001408,Fatima Patel,fatima.patel1408@example.com,M2,Economy7,131.7,11.28,False
MTR0001409,Ivan Rossi,ivan.rossi1409@example.com,B3,Fixed12,155.2,10.79,False
MTR0001410,Priya Andersson,priya.andersson1410@example.com,B3,Standard,315.9,10.2,False
MTR0001411,Mary Ahmed,mary.ahmed1411@example.com,G5,Standard,416.6,9.53,False
MTR0001412,Mei Silva,mei.silva1412@example.com,B3,Green,493.1,4.9,False
MTR0001413,Fatima Khan,fatima.khan1413@example.com,E1,Standard,220.0,5.9,False
MTR0001414,Liam Ali,liam.ali1414@example.com,B3,Fixed12,273.5,1.18,False
MTR0001415,Liam Andersson,liam.andersson1415@example.com,LS1,Standard,364.6,5.45,False
MTR0001416,Olu Brown,olu.brown1416@example.com,E1,Fixed12,197.0,1.56,False
MTR0001417,Hannah Rossi,hannah.rossi1417@example.com,M2,Green,385.9,6.8,False
MTR0001418,Mei Ali,mei.ali1418@example.com,LS1,Standard,241.5,7.31,False
MTR0001419,James Tanaka,james.tanaka1419@example.com,G5,Standard,70.1,7.69,False
MTR0001420,James Garcia,james.garcia1420@example.com,LS1,Fixed12,276.5,2.29,False
MTR0001421,Aisha Andersson,aisha.andersson1421@example.com,LS1,Economy7,351.8,5.78,True
MTR0001422,Liam Andersson,liam.andersson1422@example.com,BS4,Fixed12,150.9,8.82,False
MTR0001423,Liam Garcia,liam.garcia1423@example.com,BS4,Fixed12,204.9,5.93,False
MTR0001424,Yuki Chen,yuki.chen1424@example.com,M2,Standard,316.3,1.29,False
MTR0001425,James Nguyen,james.nguyen1425@example.com,E1,Green,322.2,9.4,False
MTR0001426,Aisha Ali,aisha.ali1426@example.com,G5,Standard,210.0,10.24,False
MTR0001427,James Garcia,james.garcia1427@example.com,B3,Standard,239.6,7.55,False
MTR0001428,James Okafor,james.okafor1428@example.com,BS4,Economy7,318.1,3.65,False
MTR0001429,Carlos Kowalski,carlos.kowalski1429@example.com,LS1,Economy7,284.1,7.3,False
MTR0001430,Ivan Chen,ivan.chen1430@example.com,B3,Green,445.3,2.41,False
MTR0001431,Aisha Ali,aisha.ali1431@example.com,M2,Standard,398.3,3.34,False
MTR0001432,Wei Tanaka,wei.tanaka1432@example.com,E1,Economy7,13.6,5.04,False
MTR0001433,Yuki Patel,yuki.patel1433@example.com,LS1,Green,209.0,8.29,False
MTR0001434,Wei Brown,wei.brown1434@example.com,G5,Standard,282.5,2.28,False
MTR0001435,Carlos Tanaka,carlos.tanaka1435@example.com,E1,Green,210.0,11.98,False
MTR0001436,Hannah Brown,hannah.brown1436@example.com,E1,Standard,290.2,1.47,False
MTR0001437,Olu Patel,olu.patel1437@example.com,G5,Fixed12,312.9,3.41,False
MTR0001438,Priya Chen,priya.chen1438@example.com,LS1,Standard,219.9,6.19,False
MTR0001439,Mary Patel,mary.patel1439@example.com,M2,Green,371.4,7.93,True
MTR0001440,Aisha Rossi,aisha.rossi1440@example.com,LS1,Economy7,141.2,10.77,False
MTR0001441,Mei Patel,mei.patel1441@example.com,B3,Green,502.6,8.63,False
MTR0001442,Mary Silva,mary.silva1442@example.com,BS4,Green,387.1,11.48,False
MTR0001443,Mei Kowalski,mei.kowalski1443@example.com,E1,Economy7,308.2,11.38,False
MTR0001444,Yuki Andersson,yuki.andersson1444@example.com,G5,Fixed12,314.7,8.23,True
MTR0001445,Fatima Kowalski,fatima.kowalski1445@example.com,B3,Economy7,308.1,8.01,False
MTR0001446,Mohammed Ali,mohammed.ali1446@example.com,LS1,Standard,260.3,8.14,False
MTR0001447,James Okafor,james.okafor1447@example.com,G5,Green,364.7,8.3,False
MTR0001448,Liam Smith,liam.smith1448@example.com,M2,Standard,307.8,9.25,True
MTR0001449,Mohammed Ali,mohammed.ali1449@example.com,B3,Fixed12,402.1,8.96,False
MTR0001450,Liam Smith,liam.smith1450@example.com,BS4,Economy7,365.0,11.17,False
MTR0001451,James Chen,james.chen1451@example.com,E1,Fixed12,237.0,2.24,False
MTR0001452,Liam Garcia,liam.garcia1452@example.com,M2,Fixed12,260.2,6.86,False
MTR0001453,Aisha Khan,aisha.khan1453@example.com,E1,Economy7,281.5,9.75,False
MTR0001454,Liam Okafor,liam.okafor1454@example.com,E1,Standard,188.4,5.84,False
MTR0001455,Sofia Khan,sofia.khan1455@example.com,E1,Economy7,435.6,7.91,False
MTR0001456,Mei Nguyen,mei.nguyen1456@example.com,G5,Standard,194.2,2.84,True
MTR0001457,Wei Chen,wei.chen1457@example.com,B3,Economy7,174.3,10.84,False
MTR0001458,Yuki Nguyen,yuki.nguyen1458@example.com,B3,Standard,405.0,9.67,False
MTR0001459,Fatima Ahmed,fatima.ahmed1459@example.com,BS4,Green,322.9,4.39,False
MTR0001460,Hannah Tanaka,hannah.tanaka1460@example.com,BS4,Economy7,232.3,3.37,True
MTR0001461,James Garcia,james.garcia1461@example.com,E1,Economy7,489.6,2.15,False
MTR0001462,Yuki Tanaka,yuki.tanaka1462@example.com,M2,Green,304.0,6.11,False
MTR0001463,Wei Rossi,wei.rossi1463@example.com,BS4,Standard,499.7,7.17,False
MTR0001464,Mei Chen,mei.chen1464@example.com,M2,Fixed12,471.5,1.71,False
MTR0001465,Sofia Brown,sofia.brown1465@example.com,E1,Green,426.1,9.86,True
MTR0001466,Hannah Patel,hannah.patel1466@example.com,E1,Fixed12,184.4,7.2,False
MTR0001467,Fatima Brown,fatima.brown1467@example.com,B3,Standard,363.2,10.35,False
MTR0001468,Hannah Ali,hannah.ali1468@example.com,BS4,Green,293.2,6.73,False
MTR0001469,Carlos Andersson,carlos.andersson1469@example.com,M2,Green,306.9,11.05,False
MTR0001470,Mary Chen,mary.chen1470@example.com,M2,Green,306.1,3.08,False
MTR0001471,Ivan Smith,ivan.smith1471@example.com,B3,Fixed12,301.0,10.73,False
MTR0001472,Mohammed Tanaka,mohammed.tanaka1472@example.com,B3,Economy7,260.8,1.37,False
MTR0001473,James Patel,james.patel1473@example.com,LS1,Economy7,140.1,8.03,False
MTR0001474,Noah Okafor,noah.okafor1474@example.com,M2,Standard,314.7,7.99,False
MTR0001475,Fatima Patel,fatima.patel1475@example.com,BS4,Green,370.9,8.34,False
MTR0001476,Mohammed Kowalski,mohammed.kowalski1476@example.com,E1,Economy7,331.2,9.66,True
MTR0001477,Fatima Kowalski,fatima.kowalski1477@example.com,LS1,Economy7,80.3,4.41,False
MTR0001478,Aisha Silva,aisha.silva1478@example.com,M2,Fixed12,329.5,5.37,False
MTR0001479,Carlos Rossi,carlos.rossi1479@example.com,BS4,Green,273.1,3.62,False
MTR0001480,Mary Okafor,mary.okafor1480@example.com,B3,Standard,375.7,8.86,True
MTR0001481,Hannah Ahmed,hannah.ahmed1481@example.com,M2,Fixed12,279.0,11.0,True
MTR0001482,Mary Nguyen,mary.nguyen1482@example.com,B3,Green,44.1,2.13,True
MTR0001483,Aisha Brown,aisha.brown1483@example.com,E1,Standard,139.6,2.08,True
MTR0001484,Priya Patel,priya.patel1484@example.com,G5,Green,287.0,3.66,False
MTR0001485,Fatima Tanaka,fatima.tanaka1485@example.com,M2,Standard,309.9,2.31,True
MTR0001486,Carlos Nguyen,carlos.nguyen1486@example.com,G5,Economy7,241.4,5.34,False
MTR0001487,Hannah Garcia,hannah.garcia1487@example.com,B3,Fixed12,399.7,1.26,False
MTR0001488,Olu Smith,olu.smith1488@example.com,B3,Economy7,590.1,11.96,False
MTR0001489,Yuki Patel,yuki.patel1489@example.com,E1,Green,462.1,8.15,False
MTR0001490,Noah Khan,noah.khan1490@example.com,M2,Green,334.9,6.83,False
MTR0001491,Liam Andersson,liam.andersson1491@example.com,B3,Standard,418.1,5.04,True
MTR0001492,Fatima Garcia,fatima.garcia1492@example.com,LS1,Economy7,237.1,11.6,False
MTR0001493,Noah Tanaka,noah.tanaka1493@example.com,LS1,Fixed12,212.3,5.71,True
MTR0001494,Wei Ali,wei.ali1494@example.com,B3,Green,428.4,4.68,False
MTR0001495,Olu Brown,olu.brown1495@example.com,M2,Green,298.5,7.67,False
MTR0001496,Priya Ali,priya.ali1496@example.com,BS4,Economy7,10.0,8.32,False
MTR0001497,Mohammed Tanaka,mohammed.tanaka1497@example.com,G5,Standard,159.1,11.92,False
MTR0001498,Noah Okafor,noah.okafor1498@example.com,G5,Green,202.2,1.61,False
MTR0001499,Noah Garcia,noah.garcia1499@example.com,M2,Economy7,339.8,8.27,False
MTR0001500,Ivan Brown,ivan.brown1500@example.com,M2,Standard,267.0,10.2,False
MTR0001501,Yuki Smith,yuki.smith1501@example.com,M2,Fixed12,260.5,7.58,False
MTR0001502,Sofia Nguyen,sofia.nguyen1502@example.com,LS1,Fixed12,251.8,8.77,True
MTR0001503,Ivan Silva,ivan.silva1503@example.com,M2,Fixed12,204.9,3.79,True
MTR0001504,Aisha Nguyen,aisha.nguyen1504@example.com,G5,Economy7,245.9,4.46,False
MTR0001505,Mary Ahmed,mary.ahmed1505@example.com,E1,Fixed12,294.3,1.28,False
MTR0001506,Liam Nguyen,liam.nguyen1506@example.com,E1,Fixed12,387.5,4.92,False
MTR0001507,Hannah Rossi,hannah.rossi1507@example.com,E1,Green,444.1,9.6,False
MTR0001508,Priya Tanaka,priya.tanaka1508@example.com,B3,Green,355.8,2.22,False
MTR0001509,Olu Tanaka,olu.tanaka1509@example.com,E1,Standard,418.6,1.89,False
MTR0001510,Sofia Kowalski,sofia.kowalski1510@example.com,LS1,Economy7,296.8,5.98,False
MTR0001511,Mei Rossi,mei.rossi1511@example.com,BS4,Fixed12,313.2,1.56,True
MTR0001512,Sofia Kowalski,sofia.kowalski1512@example.com,E1,Standard,426.9,3.85,False
MTR0001513,Wei Brown,wei.brown1513@example.com,E1,Fixed12,226.2,4.77,False
MTR0001514,Mohammed Andersson,mohammed.andersson1514@example.com,B3,Standard,385.2,8.38,False
MTR0001515,Mary Khan,mary.khan1515@example.com,E1,Green,286.3,10.1,False
MTR0001516,Aisha Okafor,aisha.okafor1516@example.com,LS1,Economy7,335.0,4.77,False
MTR0001517,Carlos Garcia,carlos.garcia1517@example.com,B3,Standard,41.2,3.13,False
MTR0001518,Wei Okafor,wei.okafor1518@example.com,LS1,Standard,335.6,7.51,False
MTR0001519,Ivan Khan,ivan.khan1519@example.com,LS1,Fixed12,79.3,1.24,False
MTR0001520,James Silva,james.silva1520@example.com,B3,Green,320.3,4.87,False
MTR0001521,Mary Brown,mary.brown1521@example.com,E1,Green,293.4,11.19,False
MTR0001522,Carlos Rossi,carlos.rossi1522@example.com,BS4,Economy7,555.9,6.61,False
MTR0001523,Liam Ahmed,liam.ahmed1523@example.com,BS4,Economy7,243.9,3.11,False
MTR0001524,Mohammed Patel,mohammed.patel1524@example.com,B3,Standard,282.7,6.29,False
MTR0001525,Sofia Okafor,sofia.okafor1525@example.com,B3,Fixed12,513.4,1.76,False
MTR0001526,Carlos Ali,carlos.ali1526@example.com,B3,Standard,207.0,4.13,False
MTR0001527,Hannah Ahmed,hannah.ahmed1527@example.com,BS4,Green,261.2,11.19,False
MTR0001528,Mei Khan,mei.khan1528@example.com,BS4,Economy7,201.4,9.32,True
MTR0001529,Yuki Kowalski,yuki.kowalski1529@example.com,LS1,Standard,323.9,8.72,False
MTR0001530,Mohammed Smith,mohammed.smith1530@example.com,BS4,Economy7,383.1,3.56,True
MTR0001531,Sofia Okafor,sofia.okafor1531@example.com,B3,Green,445.3,10.32,False
MTR0001532,James Okafor,james.okafor1532@example.com,G5,Standard,65.9,3.15,False
MTR0001533,Sofia Chen,sofia.chen1533@example.com,M2,Standard,303.2,5.15,False
MTR0001534,Mei Garcia,mei.garcia1534@example.com,BS4,Standard,315.9,6.08,False
MTR0001535,Mary Rossi,mary.rossi1535@example.com,G5,Fixed12,229.3,3.09,False
MTR0001536,Aisha Brown,aisha.brown1536@example.com,G5,Standard,384.3,9.39,False
MTR0001537,Mohammed Tanaka,mohammed.tanaka1537@example.com,LS1,Green,268.0,3.3,False
MTR0001538,Sofia Patel,sofia.patel1538@example.com,LS1,Fixed12,311.1,2.53,False
MTR0001539,Yuki Andersson,yuki.andersson1539@example.com,BS4,Fixed12,141.8,2.18,False
MTR0001540,Ivan Kowalski,ivan.kowalski1540@example.com,LS1,Economy7,110.7,1.81,False
MTR0001541,Carlos Nguyen,carlos.nguyen1541@example.com,B3,Standard,260.4,2.68,False
MTR0001542,Mary Brown,mary.brown1542@example.com,B3,Economy7,476.9,8.64,False
MTR0001543,Fatima Smith,fatima.smith1543@example.com,E1,Standard,280.1,8.03,False
MTR0001544,Hannah Silva,hannah.silva1544@example.com,BS4,Standard,126.4,11.48,False
MTR0001545,Fatima Andersson,fatima.andersson1545@example.com,LS1,Fixed12,228.8,7.26,False
MTR0001546,Yuki Garcia,yuki.garcia1546@example.com,G5,Economy7,383.9,1.29,False
MTR0001547,Carlos Okafor,carlos.okafor1547@example.com,LS1,Economy7,410.7,9.61,False
MTR0001548,Ivan Rossi,ivan.rossi1548@example.com,LS1,Economy7,330.9,9.23,False
MTR0001549,Yuki Nguyen,yuki.nguyen1549@example.com,M2,Economy7,285.4,6.06,False
MTR0001550,Liam Okafor,liam.okafor1550@example.com,LS1,Fixed12,396.5,10.31,False
MTR0001551,Mohammed Silva,mohammed.silva1551@example.com,M2,Standard,198.9,10.55,False
MTR0001552,Priya Ahmed,priya.ahmed1552@example.com,B3,Green,346.0,10.73,False
MTR0001553,Priya Ali,priya.ali1553@example.com,BS4,Green,360.5,3.74,False
MTR0001554,Wei Smith,wei.smith1554@example.com,B3,Standard,366.6,3.66,False
MTR0001555,Carlos Ali,carlos.ali1555@example.com,G5,Fixed12,188.7,11.28,False
MTR0001556,Noah Ahmed,noah.ahmed1556@example.com,E1,Standard,519.3,1.97,True
MTR0001557,Mary Ali,mary.ali1557@example.com,E1,Green,210.2,10.97,False
MTR0001558,Carlos Brown,carlos.brown1558@example.com,G5,Economy7,417.0,3.7,False
MTR0001559,Mary Brown,mary.brown1559@example.com,BS4,Economy7,318.0,4.66,False
MTR0001560,Hannah Garcia,hannah.garcia1560@example.com,BS4,Standard,491.0,3.2,False
MTR0001561,Mei Khan,mei.khan1561@example.com,LS1,Fixed12,373.0,9.13,False
MTR0001562,Mohammed Brown,mohammed.brown1562@example.com,BS4,Economy7,533.3,11.15,False
MTR0001563,Aisha Rossi,aisha.rossi1563@example.com,M2,Green,114.4,4.48,False
MTR0001564,Ivan Nguyen,ivan.nguyen1564@example.com,M2,Green,320.6,7.48,False
MTR0001565,Fatima Garcia,fatima.garcia1565@example.com,G5,Green,232.6,10.37,False
MTR0001566,Aisha Kowalski,aisha.kowalski1566@example.com,E1,Standard,97.9,10.72,False
MTR0001567,Carlos Chen,carlos.chen1567@example.com,B3,Green,203.0,9.7,False
MTR0001568,Noah Ali,noah.ali1568@example.com,BS4,Green,324.5,5.04,False
MTR0001569,Priya Nguyen,priya.nguyen1569@example.com,M2,Economy7,586.2,2.91,False
MTR0001570,James Brown,james.brown1570@example.com,BS4,Economy7,517.2,3.91,False
MTR0001571,Liam Okafor,liam.okafor1571@example.com,B3,Standard,450.9,6.81,False
MTR0001572,Mary Smith,mary.smith1572@example.com,BS4,Green,552.6,9.31,False
MTR0001573,Aisha Smith,aisha.smith1573@example.com,B3,Standard,343.4,5.18,False
MTR0001574,Hannah Andersson,hannah.andersson1574@example.com,G5,Economy7,396.1,7.24,False
MTR0001575,Ivan Okafor,ivan.okafor1575@example.com,B3,Fixed12,267.8,1.61,False
MTR0001576,James Kowalski,james.kowalski1576@example.com,E1,Green,245.9,11.18,False
MTR0001577,Wei Ali,wei.ali1577@example.com,M2,Fixed12,300.8,10.62,False
MTR0001578,Hannah Rossi,hannah.rossi1578@example.com,G5,Green,205.1,8.76,False
MTR0001579,Carlos Ali,carlos.ali1579@example.com,LS1,Fixed12,413.8,11.44,False
MTR0001580,Aisha Andersson,aisha.andersson1580@example.com,G5,Standard,261.3,4.21,False
MTR0001581,Wei Kowalski,wei.kowalski1581@example.com,G5,Fixed12,126.8,2.71,False
MTR0001582,Carlos Silva,carlos.silva1582@example.com,LS1,Economy7,335.0,11.71,True
MTR0001583,Olu Tanaka,olu.tanaka1583@example.com,G5,Standard,184.4,4.23,False
MTR0001584,Ivan Okafor,ivan.okafor1584@example.com,LS1,Green,516.0,6.74,False
MTR0001585,Noah Patel,noah.patel1585@example.com,B3,Green,299.7,2.33,False
MTR0001586,Mei Andersson,mei.andersson1586@example.com,G5,Economy7,227.7,4.57,False
MTR0001587,Mary Andersson,mary.andersson1587@example.com,LS1,Green,115.6,11.86,False
MTR0001588,Yuki Smith,yuki.smith1588@example.com,LS1,Green,361.3,2.1,False
MTR0001589,Sofia Andersson,sofia.andersson1589@example.com,E1,Standard,414.2,2.75,False
MTR0001590,Ivan Brown,ivan.brown1590@example.com,E1,Fixed12,487.4,11.88,False
MTR0001591,Hannah Silva,hannah.silva1591@example.com,E1,Standard,496.4,10.04,False
MTR0001592,Yuki Rossi,yuki.rossi1592@example.com,E1,Standard,277.2,10.55,False
MTR0001593,James Chen,james.chen1593@example.com,LS1,Standard,250.1,1.33,False
MTR0001594,Yuki Andersson,yuki.andersson1594@example.com,E1,Fixed12,335.1,8.14,False
MTR0001595,James Okafor,james.okafor1595@example.com,M2,Green,365.3,10.68,True
MTR0001596,Sofia Nguyen,sofia.nguyen1596@example.com,E1,Green,303.6,9.83,False
MTR0001597,Olu Ahmed,olu.ahmed1597@example.com,LS1,Standard,187.4,8.98,False
MTR0001598,Liam Ahmed,liam.ahmed1598@example.com,LS1,Economy7,403.1,7.66,False
MTR0001599,Mei Smith,mei.smith1599@example.com,M2,Economy7,275.4,9.87,False
MTR0001600,Carlos Brown,carlos.brown1600@example.com,E1,Standard,358.4,9.76,False
MTR0001601,Wei Brown,wei.brown1601@example.com,M2,Standard,176.5,6.77,False
MTR0001602,Olu Patel,olu.patel1602@example.com,B3,Economy7,369.8,11.44,False
MTR0001603,James Okafor,james.okafor1603@example.com,BS4,Economy7,244.8,3.09,False
MTR0001604,Ivan Smith,ivan.smith1604@example.com,M2,Standard,182.3,7.94,False
MTR0001605,Carlos Tanaka,carlos.tanaka1605@example.com,M2,Economy7,531.4,7.91,False
MTR0001606,Aisha Tanaka,aisha.tanaka1606@example.com,BS4,Fixed12,579.2,10.46,False
MTR0001607,Ivan Silva,ivan.silva1607@example.com,G5,Standard,120.9,11.69,False
MTR0001608,Mary Ahmed,mary.ahmed1608@example.com,B3,Economy7,243.6,6.9,False
MTR0001609,Wei Okafor,wei.okafor1609@example.com,LS1,Economy7,182.9,2.86,False
MTR0001610,Hannah Ahmed,hannah.ahmed1610@example.com,E1,Fixed12,177.7,11.88,False
MTR0001611,Wei Kowalski,wei.kowalski1611@example.com,M2,Green,285.0,9.87,False
MTR0001612,Yuki Ali,yuki.ali1612@example.com,B3,Economy7,161.1,7.02,False
MTR0001613,Olu Rossi,olu.rossi1613@example.com,LS1,Economy7,491.0,6.19,False
MTR0001614,Mei Andersson,mei.andersson1614@example.com,LS1,Green,349.4,3.28,False
MTR0001615,Ivan Nguyen,ivan.nguyen1615@example.com,G5,Economy7,217.9,5.88,True
MTR0001616,Priya Garcia,priya.garcia1616@example.com,E1,Fixed12,486.7,11.66,False
MTR0001617,Aisha Garcia,aisha.garcia1617@example.com,G5,Fixed12,292.1,5.38,False
MTR0001618,Sofia Silva,sofia.silva1618@example.com,M2,Standard,254.5,6.84,False
MTR0001619,Wei Brown,wei.brown1619@example.com,G5,Standard,297.8,5.12,False
MTR0001620,Hannah Rossi,hannah.rossi1620@example.com,B3,Economy7,225.0,9.2,False
MTR0001621,Noah Nguyen,noah.nguyen1621@example.com,B3,Green,236.6,10.36,False
MTR0001622,James Chen,james.chen1622@example.com,M2,Fixed12,381.7,6.39,False
MTR0001623,Hannah Ali,hannah.ali1623@example.com,E1,Fixed12,168.3,4.4,False
MTR0001624,Sofia Chen,sofia.chen1624@example.com,E1,Green,181.0,9.75,False
MTR0001625,Ivan Okafor,ivan.okafor1625@example.com,G5,Standard,281.0,1.1,False
MTR0001626,Liam Smith,liam.smith1626@example.com,E1,Fixed12,391.8,2.94,False
MTR0001627,Mary Ali,mary.ali1627@example.com,G5,Economy7,302.8,1.32,False
MTR0001628,Aisha Silva,aisha.silva1628@example.com,G5,Green,412.8,5.39,False
MTR0001629,Ivan Ahmed,ivan.ahmed1629@example.com,E1,Fixed12,229.1,8.3,False
MTR0001630,Priya Okafor,priya.okafor1630@example.com,G5,Standard,725.3,1.78,False
MTR0001631,Priya Silva,priya.silva1631@example.com,M2,Standard,472.5,3.17,False
MTR0001632,Fatima Smith,fatima.smith1632@example.com,G5,Standard,519.7,4.7,False
MTR0001633,Fatima Tanaka,fatima.tanaka1633@example.com,B3,Fixed12,333.5,7.74,True
MTR0001634,Mary Okafor,mary.okafor1634@example.com,B3,Green,403.0,6.07,False
MTR0001635,Mei Andersson,mei.andersson1635@example.com,E1,Green,412.4,8.44,False
MTR0001636,Aisha Brown,aisha.brown1636@example.com,E1,Economy7,375.4,5.33,False
MTR0001637,Aisha Ali,aisha.ali1637@example.com,BS4,Economy7,215.0,2.14,False
MTR0001638,James Brown,james.brown1638@example.com,E1,Green,528.1,4.69,False
MTR0001639,Mei Andersson,mei.andersson1639@example.com,G5,Fixed12,431.4,4.7,False
MTR0001640,Priya Patel,priya.patel1640@example.com,B3,Economy7,276.5,11.38,False
MTR0001641,Priya Nguyen,priya.nguyen1641@example.com,B3,Fixed12,284.8,7.48,False
MTR0001642,Priya Silva,priya.silva1642@example.com,E1,Standard,479.0,4.31,False
MTR0001643,Yuki Khan,yuki.khan1643@example.com,M2,Fixed12,428.4,2.37,False
MTR0001644,Priya Garcia,priya.garcia1644@example.com,E1,Standard,527.5,6.52,True
MTR0001645,Fatima Brown,fatima.brown1645@example.com,LS1,Fixed12,275.2,9.68,False
MTR0001646,Aisha Smith,aisha.smith1646@example.com,G5,Economy7,286.7,8.13,False
MTR0001647,Mohammed Rossi,mohammed.rossi1647@example.com,G5,Green,362.2,7.91,False
MTR0001648,Olu Smith,olu.smith1648@example.com,M2,Economy7,183.8,11.52,True
MTR0001649,Wei Garcia,wei.garcia1649@example.com,M2,Standard,381.2,4.61,True
MTR0001650,Noah Ahmed,noah.ahmed1650@example.com,B3,Green,181.2,10.46,False
MTR0001651,Wei Brown,wei.brown1651@example.com,B3,Fixed12,398.6,8.94,True
MTR0001652,Wei Rossi,wei.rossi1652@example.com,B3,Fixed12,116.8,10.38,False
MTR0001653,Mohammed Khan,mohammed.khan1653@example.com,E1,Fixed12,407.8,11.52,False
MTR0001654,Sofia Nguyen,sofia.nguyen1654@example.com,BS4,Fixed12,353.0,4.17,True
MTR0001655,Mary Tanaka,mary.tanaka1655@example.com,B3,Standard,387.4,5.89,False
MTR0001656,Liam Brown,liam.brown1656@example.com,B3,Green,273.5,4.06,False
MTR0001657,Mary Nguyen,mary.nguyen1657@example.com,G5,Green,302.4,11.86,False
MTR0001658,Aisha Patel,aisha.patel1658@example.com,B3,Fixed12,202.0,4.07,False
MTR0001659,Hannah Tanaka,hannah.tanaka1659@example.com,B3,Economy7,123.7,3.26,True
MTR0001660,Sofia Chen,sofia.chen1660@example.com,G5,Green,258.2,5.89,False
MTR0001661,Noah Smith,noah.smith1661@example.com,M2,Economy7,364.1,3.35,False
MTR0001662,Mohammed Tanaka,mohammed.tanaka1662@example.com,E1,Standard,339.8,3.95,True
MTR0001663,Sofia Okafor,sofia.okafor1663@example.com,G5,Green,323.1,6.86,False
MTR0001664,Olu Ahmed,olu.ahmed1664@example.com,BS4,Green,102.7,2.37,False
MTR0001665,Carlos Ali,carlos.ali1665@example.com,B3,Economy7,431.0,11.86,True
MTR0001666,Sofia Patel,sofia.patel1666@example.com,G5,Economy7,105.5,3.38,False
MTR0001667,Ivan Tanaka,ivan.tanaka1667@example.com,E1,Standard,234.1,1.18,False
MTR0001668,Olu Okafor,olu.okafor1668@example.com,G5,Economy7,428.6,5.39,True
MTR0001669,Liam Nguyen,liam.nguyen1669@example.com,M2,Fixed12,244.7,2.03,True
MTR0001670,Yuki Rossi,yuki.rossi1670@example.com,LS1,Fixed12,212.3,5.79,False
MTR0001671,Mohammed Kowalski,mohammed.kowalski1671@example.com,B3,Standard,423.2,4.08,True
MTR0001672,Fatima Ali,fatima.ali1672@example.com,M2,Green,254.9,7.72,False
MTR0001673,Mary Garcia,mary.garcia1673@example.com,E1,Economy7,280.9,1.18,False
MTR0001674,Ivan Chen,ivan.chen1674@example.com,M2,Economy7,275.0,7.79,True
MTR0001675,Carlos Ahmed,carlos.ahmed1675@example.com,BS4,Fixed12,11.6,11.12,True
MTR0001676,Sofia Chen,sofia.chen1676@example.com,B3,Green,246.3,6.92,False
MTR0001677,Carlos Rossi,carlos.rossi1677@example.com,B3,Green,296.3,11.88,False
MTR0001678,Mohammed Andersson,mohammed.andersson1678@example.com,G5,Green,302.9,8.63,False
MTR0001679,Wei Ahmed,wei.ahmed1679@example.com,M2,Fixed12,43.7,2.27,False
MTR0001680,Mei Chen,mei.chen1680@example.com,G5,Economy7,123.4,1.89,True
MTR0001681,Yuki Kowalski,yuki.kowalski1681@example.com,LS1,Fixed12,29.8,7.47,False
MTR0001682,Mary Rossi,mary.rossi1682@example.com,B3,Green,259.0,11.65,False
MTR0001683,Mary Tanaka,mary.tanaka1683@example.com,M2,Green,336.9,7.63,False
MTR0001684,Aisha Silva,aisha.silva1684@example.com,M2,Standard,342.6,11.26,False
MTR0001685,Hannah Tanaka,hannah.tanaka1685@example.com,BS4,Fixed12,356.1,1.52,False
MTR0001686,Sofia Kowalski,sofia.kowalski1686@example.com,BS4,Economy7,369.3,3.11,False
MTR0001687,James Silva,james.silva1687@example.com,LS1,Economy7,353.8,4.6,False
MTR0001688,James Chen,james.chen1688@example.com,BS4,Green,235.0,3.54,False
MTR0001689,Mohammed Khan,mohammed.khan1689@example.com,G5,Economy7,153.0,9.84,False
MTR0001690,Priya Smith,priya.smith1690@example.com,B3,Economy7,228.8,10.68,False
MTR0001691,Sofia Chen,sofia.chen1691@example.com,LS1,Green,685.2,7.49,False
MTR0001692,Carlos Chen,carlos.chen1692@example.com,G5,Economy7,309.1,11.0,False
MTR0001693,Carlos Rossi,carlos.rossi1693@example.com,LS1,Green,490.7,9.03,False
MTR0001694,Yuki Nguyen,yuki.nguyen1694@example.com,E1,Standard,264.7,4.44,False
MTR0001695,James Kowalski,james.kowalski1695@example.com,M2,Green,70.8,4.92,False
MTR0001696,Sofia Patel,sofia.patel1696@example.com,M2,Economy7,449.7,10.07,False
MTR0001697,Carlos Khan,carlos.khan1697@example.com,LS1,Standard,32.9,11.29,False
MTR0001698,Noah Ali,noah.ali1698@example.com,BS4,Green,339.6,7.81,False
MTR0001699,Carlos Kowalski,carlos.kowalski1699@example.com,E1,Standard,60.3,3.64,False
MTR0001700,Mei Patel,mei.patel1700@example.com,G5,Standard,48.9,1.9,False
MTR0001701,Liam Tanaka,liam.tanaka1701@example.com,BS4,Fixed12,287.5,3.95,False
MTR0001702,Mohammed Silva,mohammed.silva1702@example.com,E1,Fixed12,340.0,6.62,False
MTR0001703,Sofia Kowalski,sofia.kowalski1703@example.com,M2,Fixed12,394.4,10.55,False
MTR0001704,James Chen,james.chen1704@example.com,E1,Fixed12,333.7,6.47,False
MTR0001705,Hannah Brown,hannah.brown1705@example.com,B3,Fixed12,276.9,4.57,False
MTR0001706,Aisha Brown,aisha.brown1706@example.com,B3,Green,151.2,5.28,False
MTR0001707,Noah Smith,noah.smith1707@example.com,E1,Green,171.1,6.1,True
MTR0001708,Wei Andersson,wei.andersson1708@example.com,M2,Fixed12,267.6,8.07,False
MTR0001709,James Patel,james.patel1709@example.com,BS4,Fixed12,320.9,3.01,False
MTR0001710,Wei Chen,wei.chen1710@example.com,BS4,Standard,98.0,8.7,False
MTR0001711,Priya Kowalski,priya.kowalski1711@example.com,E1,Fixed12,466.3,11.07,False
MTR0001712,Ivan Tanaka,ivan.tanaka1712@example.com,E1,Green,280.0,11.75,False
MTR0001713,Mei Ahmed,mei.ahmed1713@example.com,LS1,Economy7,221.4,3.79,False
MTR0001714,Wei Ahmed,wei.ahmed1714@example.com,B3,Green,253.0,8.01,False
MTR0001715,Liam Rossi,liam.rossi1715@example.com,G5,Fixed12,349.2,10.68,False
MTR0001716,Carlos Chen,carlos.chen1716@example.com,G5,Fixed12,259.5,1.76,False
MTR0001717,Mary Tanaka,mary.tanaka1717@example.com,B3,Green,116.7,3.67,False
MTR0001718,Sofia Rossi,sofia.rossi1718@example.com,M2,Economy7,197.1,10.51,False
MTR0001719,Noah Smith,noah.smith1719@example.com,B3,Fixed12,286.2,7.99,False
MTR0001720,Aisha Ali,aisha.ali1720@example.com,LS1,Economy7,335.6,4.69,False
MTR0001721,Liam Nguyen,liam.nguyen1721@example.com,LS1,Standard,268.6,1.24,False
MTR0001722,Mei Rossi,mei.rossi1722@example.com,G5,Standard,301.9,2.29,False
MTR0001723,Liam Rossi,liam.rossi1723@example.com,E1,Standard,328.5,8.95,True
MTR0001724,Olu Smith,olu.smith1724@example.com,M2,Fixed12,365.5,9.99,False
MTR0001725,Olu Chen,olu.chen1725@example.com,E1,Economy7,283.9,6.27,False
MTR0001726,Fatima Ali,fatima.ali1726@example.com,LS1,Fixed12,293.6,4.81,False
MTR0001727,Ivan Garcia,ivan.garcia1727@example.com,M2,Standard,195.3,2.2,False
MTR0001728,Priya Silva,priya.silva1728@example.com,BS4,Standard,284.8,7.37,False
MTR0001729,Carlos Kowalski,carlos.kowalski1729@example.com,BS4,Fixed12,357.3,4.31,True
MTR0001730,Liam Ahmed,liam.ahmed1730@example.com,B3,Economy7,173.7,3.19,False
MTR0001731,Priya Smith,priya.smith1731@example.com,B3,Fixed12,208.1,7.18,False
MTR0001732,Ivan Tanaka,ivan.tanaka1732@example.com,BS4,Fixed12,529.9,7.11,False
MTR0001733,Mei Brown,mei.brown1733@example.com,M2,Fixed12,210.8,11.85,True
MTR0001734,Mohammed Okafor,mohammed.okafor1734@example.com,E1,Standard,223.5,2.44,False
MTR0001735,Hannah Tanaka,hannah.tanaka1735@example.com,LS1,Economy7,403.6,9.38,False
MTR0001736,Olu Brown,olu.brown1736@example.com,LS1,Economy7,276.3,6.15,False
MTR0001737,Yuki Khan,yuki.khan1737@example.com,BS4,Fixed12,180.9,7.89,False
MTR0001738,Olu Garcia,olu.garcia1738@example.com,LS1,Green,348.8,5.75,False
MTR0001739,Liam Silva,liam.silva1739@example.com,B3,Green,247.2,1.05,False
MTR0001740,Mohammed Andersson,mohammed.andersson1740@example.com,BS4,Economy7,452.1,1.07,False
MTR0001741,Ivan Chen,ivan.chen1741@example.com,BS4,Economy7,461.9,8.46,False
MTR0001742,Fatima Andersson,fatima.andersson1742@example.com,M2,Green,453.3,4.98,False
MTR0001743,Mei Rossi,mei.rossi1743@example.com,G5,Fixed12,308.4,5.98,False
MTR0001744,Olu Khan,olu.khan1744@example.com,B3,Fixed12,215.7,1.8,False
MTR0001745,Mohammed Smith,mohammed.smith1745@example.com,BS4,Economy7,50.8,9.94,True
MTR0001746,Mary Tanaka,mary.tanaka1746@example.com,BS4,Green,153.1,3.74,False
MTR0001747,Mary Ahmed,mary.ahmed1747@example.com,B3,Economy7,551.7,2.68,True
MTR0001748,Mohammed Garcia,mohammed.garcia1748@example.com,B3,Economy7,154.7,4.25,False
MTR0001749,Noah Andersson,noah.andersson1749@example.com,E1,Economy7,217.5,4.92,False
MTR0001750,Carlos Rossi,carlos.rossi1750@example.com,BS4,Standard,305.8,8.18,True
MTR0001751,Hannah Chen,hannah.chen1751@example.com,B3,Green,10.0,4.22,False
MTR0001752,Carlos Nguyen,carlos.nguyen1752@example.com,LS1,Standard,339.1,9.19,False
MTR0001753,Aisha Silva,aisha.silva1753@example.com,M2,Fixed12,299.9,6.93,True
MTR0001754,Olu Tanaka,olu.tanaka1754@example.com,LS1,Green,304.4,3.04,True
MTR0001755,Mary Silva,mary.silva1755@example.com,G5,Standard,351.7,5.29,False
MTR0001756,Ivan Patel,ivan.patel1756@example.com,LS1,Green,385.0,11.49,False
MTR0001757,James Nguyen,james.nguyen1757@example.com,M2,Standard,439.0,5.46,False
MTR0001758,Noah Ali,noah.ali1758@example.com,BS4,Fixed12,168.8,6.21,True
MTR0001759,Noah Rossi,noah.rossi1759@example.com,E1,Standard,337.1,5.29,False
MTR0001760,Carlos Nguyen,carlos.nguyen1760@example.com,E1,Economy7,288.5,8.34,False
MTR0001761,Fatima Silva,fatima.silva1761@example.com,G5,Green,348.7,6.83,False
MTR0001762,Sofia Okafor,sofia.okafor1762@example.com,LS1,Fixed12,312.5,9.23,False
MTR0001763,Olu Smith,olu.smith1763@example.com,BS4,Fixed12,342.4,11.59,False
MTR0001764,Fatima Tanaka,fatima.tanaka1764@example.com,BS4,Standard,210.4,1.06,False
MTR0001765,Fatima Garcia,fatima.garcia1765@example.com,LS1,Economy7,396.1,5.35,False
MTR0001766,Priya Chen,priya.chen1766@example.com,BS4,Economy7,394.8,11.23,False
MTR0001767,Hannah Kowalski,hannah.kowalski1767@example.com,BS4,Standard,455.4,2.57,False
MTR0001768,Mei Ahmed,mei.ahmed1768@example.com,G5,Fixed12,416.0,7.12,False
MTR0001769,Fatima Ahmed,fatima.ahmed1769@example.com,E1,Standard,154.9,6.6,False
MTR0001770,Mei Nguyen,mei.nguyen1770@example.com,G5,Fixed12,451.7,3.91,False
MTR0001771,James Okafor,james.okafor1771@example.com,E1,Economy7,348.6,9.05,False
MTR0001772,Fatima Brown,fatima.brown1772@example.com,LS1,Economy7,337.1,11.78,False
MTR0001773,Ivan Brown,ivan.brown1773@example.com,B3,Economy7,635.8,7.36,False
MTR0001774,Hannah Brown,hannah.brown1774@example.com,LS1,Standard,551.3,5.37,False
MTR0001775,Carlos Ahmed,carlos.ahmed1775@example.com,BS4,Economy7,203.8,10.93,True
MTR0001776,Liam Nguyen,liam.nguyen1776@example.com,B3,Standard,414.5,3.93,False
MTR0001777,Mary Ali,mary.ali1777@example.com,M2,Green,462.9,6.44,False
MTR0001778,Yuki Ahmed,yuki.ahmed1778@example.com,G5,Fixed12,281.8,7.4,False
MTR0001779,Mary Nguyen,mary.nguyen1779@example.com,E1,Standard,277.6,11.39,False
MTR0001780,Wei Rossi,wei.rossi1780@example.com,M2,Economy7,245.4,9.24,False
MTR0001781,James Andersson,james.andersson1781@example.com,LS1,Green,360.6,3.36,False
MTR0001782,Fatima Smith,fatima.smith1782@example.com,LS1,Economy7,305.1,7.65,False
MTR0001783,Mary Nguyen,mary.nguyen1783@example.com,E1,Economy7,333.5,4.89,True
MTR0001784,Sofia Smith,sofia.smith1784@example.com,LS1,Green,425.7,2.32,True
MTR0001785,Noah Rossi,noah.rossi1785@example.com,G5,Fixed12,422.6,5.37,True
MTR0001786,Yuki Brown,yuki.brown1786@example.com,BS4,Economy7,236.1,10.03,False
MTR0001787,Ivan Andersson,ivan.andersson1787@example.com,E1,Fixed12,400.0,8.56,False
MTR0001788,Mei Brown,mei.brown1788@example.com,BS4,Fixed12,314.6,11.92,False
MTR0001789,Noah Nguyen,noah.nguyen1789@example.com,E1,Economy7,429.6,5.15,False
MTR0001790,Hannah Brown,hannah.brown1790@example.com,G5,Fixed12,301.8,10.84,False
MTR0001791,Noah Ahmed,noah.ahmed1791@example.com,E1,Economy7,286.0,6.85,False
MTR0001792,Fatima Nguyen,fatima.nguyen1792@example.com,M2,Fixed12,295.4,5.44,False
MTR0001793,Priya Ahmed,priya.ahmed1793@example.com,B3,Economy7,194.9,6.19,False
MTR0001794,Noah Silva,noah.silva1794@example.com,G5,Standard,428.5,4.5,False
MTR0001795,Liam Andersson,liam.andersson1795@example.com,M2,Fixed12,102.3,2.45,False
MTR0001796,Mohammed Smith,mohammed.smith1796@example.com,BS4,Fixed12,374.3,11.74,False
MTR0001797,Olu Garcia,olu.garcia1797@example.com,G5,Economy7,218.3,3.7,False
MTR0001798,Ivan Okafor,ivan.okafor1798@example.com,G5,Economy7,365.3,5.71,False
MTR0001799,Fatima Tanaka,fatima.tanaka1799@example.com,B3,Fixed12,257.9,10.39,True
MTR0001800,Mei Nguyen,mei.nguyen1800@example.com,LS1,Standard,151.7,8.66,False
MTR0001801,Wei Okafor,wei.okafor1801@example.com,B3,Fixed12,439.5,1.19,True
MTR0001802,Olu Ali,olu.ali1802@example.com,B3,Fixed12,156.7,10.01,False
MTR0001803,Wei Brown,wei.brown1803@example.com,LS1,Standard,146.7,8.86,False
MTR0001804,Fatima Ahmed,fatima.ahmed1804@example.com,E1,Fixed12,14.7,9.72,True
MTR0001805,Noah Patel,noah.patel1805@example.com,LS1,Standard,156.8,5.4,False
MTR0001806,Wei Silva,wei.silva1806@example.com,M2,Green,507.8,9.78,False
MTR0001807,Mary Smith,mary.smith1807@example.com,BS4,Fixed12,262.6,6.43,False
MTR0001808,Mohammed Rossi,mohammed.rossi1808@example.com,E1,Standard,278.6,3.39,False
MTR0001809,Noah Okafor,noah.okafor1809@example.com,E1,Standard,341.3,5.69,False
MTR0001810,Yuki Patel,yuki.patel1810@example.com,LS1,Economy7,360.5,1.67,False
MTR0001811,Yuki Rossi,yuki.rossi1811@example.com,M2,Economy7,474.0,1.7,True
MTR0001812,Mary Patel,mary.patel1812@example.com,BS4,Economy7,51.8,2.12,False
MTR0001813,Hannah Kowalski,hannah.kowalski1813@example.com,BS4,Economy7,116.8,8.36,False
MTR0001814,Wei Rossi,wei.rossi1814@example.com,G5,Fixed12,313.3,8.32,False
MTR0001815,Mary Ahmed,mary.ahmed1815@example.com,B3,Fixed12,552.1,8.54,False
MTR0001816,Carlos Ali,carlos.ali1816@example.com,BS4,Green,405.4,9.39,False
MTR0001817,Ivan Smith,ivan.smith1817@example.com,G5,Fixed12,301.4,11.81,False
MTR0001818,Olu Nguyen,olu.nguyen1818@example.com,G5,Green,242.9,4.13,False
MTR0001819,Mohammed Kowalski,mohammed.kowalski1819@example.com,M2,Standard,256.6,8.28,False
MTR0001820,Liam Smith,liam.smith1820@example.com,BS4,Economy7,282.8,10.49,False
MTR0001821,Fatima Tanaka,fatima.tanaka1821@example.com,M2,Fixed12,210.0,6.25,False
MTR0001822,Noah Andersson,noah.andersson1822@example.com,B3,Fixed12,402.7,3.7,True
MTR0001823,Mei Patel,mei.patel1823@example.com,BS4,Fixed12,170.0,1.72,False
MTR0001824,Olu Tanaka,olu.tanaka1824@example.com,B3,Economy7,331.6,3.69,False
MTR0001825,Aisha Okafor,aisha.okafor1825@example.com,B3,Green,421.3,2.07,False
MTR0001826,Yuki Ali,yuki.ali1826@example.com,E1,Fixed12,173.4,1.88,False
MTR0001827,Olu Tanaka,olu.tanaka1827@example.com,BS4,Fixed12,322.2,10.61,False
MTR0001828,Carlos Silva,carlos.silva1828@example.com,BS4,Standard,239.2,7.99,True
MTR0001829,Mei Kowalski,mei.kowalski1829@example.com,BS4,Green,311.4,8.79,False
MTR0001830,Aisha Smith,aisha.smith1830@example.com,B3,Green,109.6,4.26,False
MTR0001831,Hannah Khan,hannah.khan1831@example.com,M2,Green,242.6,8.38,False
MTR0001832,Mohammed Kowalski,mohammed.kowalski1832@example.com,LS1,Green,320.2,10.29,True
MTR0001833,Priya Nguyen,priya.nguyen1833@example.com,M2,Economy7,146.3,4.2,False
MTR0001834,Noah Brown,noah.brown1834@example.com,M2,Fixed12,433.7,8.16,False
MTR0001835,Carlos Khan,carlos.khan1835@example.com,E1,Standard,219.6,11.03,False
MTR0001836,Noah Khan,noah.khan1836@example.com,B3,Standard,249.2,3.63,False
MTR0001837,Wei Kowalski,wei.kowalski1837@example.com,G5,Green,162.2,10.58,False
MTR0001838,Yuki Khan,yuki.khan1838@example.com,LS1,Green,227.6,3.37,False
MTR0001839,Olu Nguyen,olu.nguyen1839@example.com,M2,Fixed12,365.7,8.23,False
MTR0001840,Fatima Khan,fatima.khan1840@example.com,LS1,Standard,356.9,10.28,False
MTR0001841,Sofia Ali,sofia.ali1841@example.com,E1,Standard,260.4,5.14,False
MTR0001842,Fatima Ali,fatima.ali1842@example.com,M2,Economy7,416.3,3.55,True
MTR0001843,Olu Tanaka,olu.tanaka1843@example.com,B3,Standard,160.9,3.84,False
MTR0001844,Liam Khan,liam.khan1844@example.com,LS1,Standard,242.6,2.81,False
MTR0001845,Liam Ahmed,liam.ahmed1845@example.com,M2,Green,345.1,3.99,False
MTR0001846,Carlos Ahmed,carlos.ahmed1846@example.com,M2,Economy7,448.1,11.81,False
MTR0001847,Ivan Ahmed,ivan.ahmed1847@example.com,G5,Fixed12,143.9,3.15,False
MTR0001848,Mary Nguyen,mary.nguyen1848@example.com,B3,Economy7,292.3,7.33,False
MTR0001849,Noah Patel,noah.patel1849@example.com,E1,Economy7,324.9,1.72,False
MTR0001850,Noah Tanaka,noah.tanaka1850@example.com,BS4,Economy7,251.2,7.23,False
MTR0001851,Yuki Khan,yuki.khan1851@example.com,B3,Economy7,372.1,4.66,False
MTR0001852,Mary Silva,mary.silva1852@example.com,LS1,Fixed12,415.0,6.25,False
MTR0001853,Wei Brown,wei.brown1853@example.com,G5,Fixed12,394.9,7.14,False
MTR0001854,Aisha Kowalski,aisha.kowalski1854@example.com,B3,Economy7,278.7,8.37,True
MTR0001855,Priya Ahmed,priya.ahmed1855@example.com,BS4,Green,152.0,4.95,False
MTR0001856,Fatima Silva,fatima.silva1856@example.com,BS4,Fixed12,446.7,9.34,False
MTR0001857,Ivan Ahmed,ivan.ahmed1857@example.com,LS1,Standard,439.4,9.48,False
MTR0001858,James Ali,james.ali1858@example.com,G5,Economy7,530.2,6.75,False
MTR0001859,Mei Rossi,mei.rossi1859@example.com,LS1,Green,47.8,3.94,False
MTR0001860,Mary Smith,mary.smith1860@example.com,M2,Standard,449.7,11.45,False
MTR0001861,Liam Khan,liam.khan1861@example.com,B3,Fixed12,291.4,4.5,True
MTR0001862,James Brown,james.brown1862@example.com,BS4,Green,393.3,8.17,True
MTR0001863,Carlos Kowalski,carlos.kowalski1863@example.com,LS1,Economy7,263.8,5.6,False
MTR0001864,Mei Garcia,mei.garcia1864@example.com,B3,Economy7,301.3,3.45,False
MTR0001865,Noah Garcia,noah.garcia1865@example.com,LS1,Green,299.4,8.58,False
MTR0001866,Mei Smith,mei.smith1866@example.com,LS1,Fixed12,280.5,3.21,False
MTR0001867,Carlos Tanaka,carlos.tanaka1867@example.com,G5,Green,397.3,7.75,False
MTR0001868,James Rossi,james.rossi1868@example.com,B3,Fixed12,283.8,6.76,False
MTR0001869,Mary Khan,mary.khan1869@example.com,M2,Fixed12,261.4,6.15,False
MTR0001870,Wei Okafor,wei.okafor1870@example.com,M2,Economy7,341.6,5.67,False
MTR0001871,Noah Rossi,noah.rossi1871@example.com,M2,Economy7,293.9,6.61,False
MTR0001872,Mary Smith,mary.smith1872@example.com,BS4,Green,208.1,8.96,False
MTR0001873,Hannah Okafor,hannah.okafor1873@example.com,LS1,Green,185.3,1.55,False
MTR0001874,Liam Patel,liam.patel1874@example.com,BS4,Economy7,245.2,4.4,False
MTR0001875,Aisha Tanaka,aisha.tanaka1875@example.com,M2,Economy7,334.3,5.37,False
MTR0001876,James Smith,james.smith1876@example.com,B3,Green,324.8,2.03,False
MTR0001877,Carlos Chen,carlos.chen1877@example.com,E1,Economy7,486.4,1.52,False
MTR0001878,Liam Okafor,liam.okafor1878@example.com,BS4,Green,470.2,10.62,False
MTR0001879,Aisha Chen,aisha.chen1879@example.com,G5,Economy7,311.5,10.92,False
MTR0001880,Sofia Patel,sofia.patel1880@example.com,E1,Economy7,354.3,10.28,False
MTR0001881,Fatima Ali,fatima.ali1881@example.com,BS4,Green,329.6,2.49,False
MTR0001882,Fatima Ahmed,fatima.ahmed1882@example.com,G5,Economy7,152.6,6.32,False
MTR0001883,Priya Brown,priya.brown1883@example.com,B3,Fixed12,549.7,2.96,False
MTR0001884,Sofia Okafor,sofia.okafor1884@example.com,G5,Economy7,51.2,8.59,False
MTR0001885,Olu Khan,olu.khan1885@example.com,E1,Green,260.7,4.88,False
MTR0001886,Fatima Tanaka,fatima.tanaka1886@example.com,BS4,Standard,302.7,2.35,False
MTR0001887,Noah Chen,noah.chen1887@example.com,LS1,Economy7,71.7,5.08,False
MTR0001888,Yuki Andersson,yuki.andersson1888@example.com,E1,Fixed12,291.7,3.93,True
MTR0001889,James Chen,james.chen1889@example.com,BS4,Standard,293.5,10.29,False
MTR0001890,Liam Silva,liam.silva1890@example.com,B3,Fixed12,472.2,3.13,False
MTR0001891,Noah Smith,noah.smith1891@example.com,LS1,Green,161.1,5.15,False
MTR0001892,Sofia Kowalski,sofia.kowalski1892@example.com,B3,Fixed12,378.4,7.4,True
MTR0001893,Priya Garcia,priya.garcia1893@example.com,G5,Green,271.0,10.41,False
MTR0001894,Wei Garcia,wei.garcia1894@example.com,BS4,Fixed12,351.5,1.75,False
MTR0001895,Ivan Khan,ivan.khan1895@example.com,M2,Economy7,281.0,2.06,True
MTR0001896,James Kowalski,james.kowalski1896@example.com,BS4,Economy7,543.0,7.5,False
MTR0001897,Sofia Ahmed,sofia.ahmed1897@example.com,LS1,Economy7,315.7,3.03,True
MTR0001898,Mohammed Chen,mohammed.chen1898@example.com,M2,Standard,376.3,4.58,False
MTR0001899,Yuki Silva,yuki.silva1899@example.com,B3,Fixed12,199.8,10.31,True
MTR0001900,Mohammed Nguyen,mohammed.nguyen1900@example.com,LS1,Economy7,340.3,3.96,False
MTR0001901,Liam Kowalski,liam.kowalski1901@example.com,M2,Green,176.6,5.12,False
MTR0001902,Priya Okafor,priya.okafor1902@example.com,BS4,Fixed12,103.5,7.76,False
MTR0001903,Mary Andersson,mary.andersson1903@example.com,M2,Green,267.1,4.97,False
MTR0001904,Ivan Silva,ivan.silva1904@example.com,E1,Fixed12,289.0,11.88,False
MTR0001905,Noah Silva,noah.silva1905@example.com,LS1,Standard,211.6,3.64,False
MTR0001906,Mei Brown,mei.brown1906@example.com,G5,Green,321.4,6.84,False
MTR0001907,Wei Khan,wei.khan1907@example.com,E1,Fixed12,498.5,11.83,False
MTR0001908,Hannah Kowalski,hannah.kowalski1908@example.com,B3,Standard,372.5,11.94,False
MTR0001909,Fatima Brown,fatima.brown1909@example.com,B3,Green,333.9,7.79,False
MTR0001910,Mohammed Brown,mohammed.brown1910@example.com,LS1,Standard,299.2,6.51,False
MTR0001911,Olu Silva,olu.silva1911@example.com,E1,Economy7,207.5,10.02,True
MTR0001912,Sofia Chen,sofia.chen1912@example.com,G5,Economy7,277.9,10.8,False
MTR0001913,Wei Khan,wei.khan1913@example.com,G5,Fixed12,263.7,3.41,False
MTR0001914,Olu Brown,olu.brown1914@example.com,E1,Fixed12,53.6,2.15,False
MTR0001915,Ivan Rossi,ivan.rossi1915@example.com,B3,Standard,342.3,2.73,False
MTR0001916,Sofia Ali,sofia.ali1916@example.com,M2,Economy7,166.7,8.75,False
MTR0001917,Noah Patel,noah.patel1917@example.com,LS1,Economy7,374.7,7.63,False
MTR0001918,Sofia Patel,sofia.patel1918@example.com,LS1,Fixed12,359.9,7.01,False
MTR0001919,Sofia Okafor,sofia.okafor1919@example.com,BS4,Green,445.8,8.53,True
MTR0001920,Mohammed Khan,mohammed.khan1920@example.com,BS4,Green,458.6,8.65,False
MTR0001921,Carlos Garcia,carlos.garcia1921@example.com,B3,Economy7,348.6,8.28,False
MTR0001922,Noah Khan,noah.khan1922@example.com,BS4,Standard,274.8,7.27,True
MTR0001923,Mary Rossi,mary.rossi1923@example.com,LS1,Economy7,43.1,10.28,False
MTR0001924,Fatima Okafor,fatima.okafor1924@example.com,BS4,Economy7,376.9,3.37,False
MTR0001925,Mohammed Nguyen,mohammed.nguyen1925@example.com,B3,Fixed12,341.8,8.97,False
MTR0001926,Sofia Nguyen,sofia.nguyen1926@example.com,BS4,Standard,254.4,1.5,False
MTR0001927,Mary Nguyen,mary.nguyen1927@example.com,BS4,Standard,578.7,8.65,False
MTR0001928,Aisha Ali,aisha.ali1928@example.com,M2,Fixed12,308.3,7.21,False
MTR0001929,Mary Nguyen,mary.nguyen1929@example.com,E1,Green,465.4,2.56,True
MTR0001930,Liam Tanaka,liam.tanaka1930@example.com,M2,Fixed12,198.7,1.86,False
MTR0001931,James Ali,james.ali1931@example.com,M2,Standard,313.6,11.7,True
MTR0001932,Olu Nguyen,olu.nguyen1932@example.com,G5,Green,356.3,9.45,False
MTR0001933,Fatima Rossi,fatima.rossi1933@example.com,B3,Economy7,327.9,3.48,False
MTR0001934,Mei Ahmed,mei.ahmed1934@example.com,BS4,Fixed12,369.1,9.85,False
MTR0001935,Mei Tanaka,mei.tanaka1935@example.com,G5,Green,256.7,7.07,False
MTR0001936,Ivan Tanaka,ivan.tanaka1936@example.com,E1,Economy7,260.3,11.06,False
MTR0001937,Noah Chen,noah.chen1937@example.com,M2,Standard,507.5,1.33,False
MTR0001938,Fatima Kowalski,fatima.kowalski1938@example.com,B3,Economy7,362.2,3.86,False
MTR0001939,Fatima Smith,fatima.smith1939@example.com,LS1,Green,286.1,11.97,False
MTR0001940,Liam Ahmed,liam.ahmed1940@example.com,LS1,Green,261.7,2.19,False
MTR0001941,Ivan Patel,ivan.patel1941@example.com,B3,Standard,415.2,3.1,False
MTR0001942,Wei Ali,wei.ali1942@example.com,BS4,Fixed12,306.9,1.41,False
MTR0001943,Mary Silva,mary.silva1943@example.com,G5,Green,363.4,11.53,False
MTR0001944,Noah Brown,noah.brown1944@example.com,LS1,Green,275.9,10.11,False
MTR0001945,Carlos Garcia,carlos.garcia1945@example.com,E1,Economy7,315.0,9.34,False
MTR0001946,Olu Smith,olu.smith1946@example.com,M2,Standard,99.3,9.25,False
MTR0001947,Wei Kowalski,wei.kowalski1947@example.com,BS4,Green,192.9,2.18,True
MTR0001948,Mohammed Nguyen,mohammed.nguyen1948@example.com,B3,Economy7,351.3,6.79,False
MTR0001949,Carlos Silva,carlos.silva1949@example.com,G5,Fixed12,84.1,9.6,False
MTR0001950,Mary Nguyen,mary.nguyen1950@example.com,M2,Standard,303.8,10.02,True
MTR0001951,Priya Khan,priya.khan1951@example.com,M2,Green,76.8,4.7,False
MTR0001952,Mei Kowalski,mei.kowalski1952@example.com,BS4,Fixed12,278.7,5.58,False
MTR0001953,Priya Rossi,priya.rossi1953@example.com,BS4,Fixed12,338.0,9.17,False
MTR0001954,Yuki Nguyen,yuki.nguyen1954@example.com,M2,Standard,455.0,2.54,False
MTR0001955,Sofia Ahmed,sofia.ahmed1955@example.com,B3,Standard,310.6,5.02,False
MTR0001956,Noah Khan,noah.khan1956@example.com,M2,Economy7,325.4,1.41,False
MTR0001957,Olu Patel,olu.patel1957@example.com,E1,Green,167.3,1.83,False
MTR0001958,Noah Nguyen,noah.nguyen1958@example.com,G5,Economy7,480.1,9.55,False
MTR0001959,Olu Ahmed,olu.ahmed1959@example.com,M2,Standard,201.4,2.8,False
MTR0001960,Yuki Garcia,yuki.garcia1960@example.com,G5,Fixed12,187.3,1.92,False
MTR0001961,Liam Silva,liam.silva1961@example.com,E1,Fixed12,356.8,4.85,False
MTR0001962,Ivan Brown,ivan.brown1962@example.com,BS4,Economy7,50.5,7.89,False
MTR0001963,Wei Smith,wei.smith1963@example.com,BS4,Green,271.4,11.06,False
MTR0001964,Hannah Chen,hannah.chen1964@example.com,M2,Economy7,300.2,9.82,False
MTR0001965,Aisha Smith,aisha.smith1965@example.com,BS4,Economy7,568.7,10.84,False
MTR0001966,Priya Kowalski,priya.kowalski1966@example.com,E1,Fixed12,178.0,5.64,False
MTR0001967,Mei Brown,mei.brown1967@example.com,BS4,Fixed12,415.8,5.52,False
MTR0001968,Fatima Nguyen,fatima.nguyen1968@example.com,LS1,Fixed12,169.5,3.19,False
MTR0001969,Mary Ali,mary.ali1969@example.com,LS1,Green,374.0,11.82,False
MTR0001970,Fatima Tanaka,fatima.tanaka1970@example.com,M2,Standard,355.5,2.22,False
MTR0001971,Mary Khan,mary.khan1971@example.com,B3,Green,468.6,2.88,False
MTR0001972,Sofia Garcia,sofia.garcia1972@example.com,BS4,Economy7,470.3,3.22,False
MTR0001973,Sofia Kowalski,sofia.kowalski1973@example.com,BS4,Economy7,365.7,6.54,False
MTR0001974,Carlos Silva,carlos.silva1974@example.com,G5,Green,176.4,9.45,True
MTR0001975,Wei Ali,wei.ali1975@example.com,E1,Economy7,70.0,1.6,False
MTR0001976,Ivan Andersson,ivan.andersson1976@example.com,E1,Fixed12,317.2,11.1,False
MTR0001977,Aisha Chen,aisha.chen1977@example.com,G5,Green,405.9,4.81,False
MTR0001978,Fatima Khan,fatima.khan1978@example.com,BS4,Economy7,349.3,2.91,False
MTR0001979,Liam Nguyen,liam.nguyen1979@example.com,E1,Fixed12,298.6,1.24,False
MTR0001980,Priya Okafor,priya.okafor1980@example.com,E1,Green,252.9,11.63,False
MTR0001981,Hannah Khan,hannah.khan1981@example.com,E1,Green,411.1,7.71,False
MTR0001982,Liam Smith,liam.smith1982@example.com,E1,Standard,551.2,3.74,True
MTR0001983,Olu Patel,olu.patel1983@example.com,BS4,Green,291.5,3.4,True
MTR0001984,Aisha Kowalski,aisha.kowalski1984@example.com,E1,Economy7,181.1,9.79,False
MTR0001985,Aisha Chen,aisha.chen1985@example.com,E1,Standard,293.1,6.49,False
MTR0001986,Aisha Kowalski,aisha.kowalski1986@example.com,G5,Standard,141.6,5.2,False
MTR0001987,Carlos Tanaka,carlos.tanaka1987@example.com,B3,Standard,255.3,4.29,False
MTR0001988,Fatima Tanaka,fatima.tanaka1988@example.com,M2,Fixed12,350.2,11.6,False
MTR0001989,Fatima Chen,fatima.chen1989@example.com,G5,Economy7,331.3,2.36,True
MTR0001990,Sofia Nguyen,sofia.nguyen1990@example.com,BS4,Standard,285.5,11.11,False
MTR0001991,Priya Smith,priya.smith1991@example.com,E1,Fixed12,603.1,9.38,False
MTR0001992,Priya Brown,priya.brown1992@example.com,BS4,Green,452.2,8.39,False
MTR0001993,Aisha Tanaka,aisha.tanaka1993@example.com,M2,Economy7,230.2,10.9,False
MTR0001994,Priya Rossi,priya.rossi1994@example.com,G5,Standard,301.0,11.17,False
MTR0001995,Yuki Tanaka,yuki.tanaka1995@example.com,G5,Green,381.6,4.58,True
MTR0001996,Aisha Khan,aisha.khan1996@example.com,BS4,Green,160.1,3.49,False
MTR0001997,Hannah Patel,hannah.patel1997@example.com,B3,Fixed12,371.7,9.81,False
MTR0001998,Yuki Chen,yuki.chen1998@example.com,G5,Fixed12,442.8,3.9,True
MTR0001999,Wei Tanaka,wei.tanaka1999@example.com,B3,Fixed12,363.6,6.07,False
