policy_id,claimant_name,email,postcode,claim_type,region,claim_amount,settled,days_to_settle
POL000000,Liam Ahmed,liam.ahmed0@example.com,S15 3HK,Travel,London,3513.9,True,167
POL000001,Aisha Rossi,aisha.rossi1@example.com,S92 3DQ,Auto,London,5842.32,False,69
POL000002,Carlos Garcia,carlos.garcia2@example.com,E8 2HN,Auto,Manchester,3570.85,True,125
POL000003,Mei Smith,mei.smith3@example.com,A29 5DQ,Health,Manchester,2936.02,True,150
POL000004,Noah Khan,noah.khan4@example.com,L92 7EJ,Liability,Bristol,4026.71,False,122
POL000005,Fatima Okafor,fatima.okafor5@example.com,G3 5AL,Auto,London,4032.24,False,57
POL000006,Hannah Brown,hannah.brown6@example.com,S54 3BL,Liability,Birmingham,3724.33,True,64
POL000007,Ivan Tanaka,ivan.tanaka7@example.com,E17 2BK,Home,London,7080.15,False,123
POL000008,Mary Andersson,mary.andersson8@example.com,B98 6FK,Travel,Birmingham,6278.84,True,97
POL000009,Olu Ali,olu.ali9@example.com,L83 5AQ,Liability,Bristol,4337.43,False,45
POL000010,Carlos Andersson,carlos.andersson10@example.com,G7 7HP,Liability,Bristol,1594.7,True,148
POL000011,Mary Ahmed,mary.ahmed11@example.com,L19 4BJ,Health,Birmingham,1306.44,True,176
POL000012,Aisha Ali,aisha.ali12@example.com,G53 7GL,Health,Cardiff,2795.39,False,165
POL000013,Yuki Brown,yuki.brown13@example.com,G43 3AK,Auto,Bristol,1081.47,True,173
POL000014,Mohammed Ahmed,mohammed.ahmed14@example.com,E13 1DQ,Liability,Cardiff,2645.12,True,38
POL000015,Carlos Rossi,carlos.rossi15@example.com,A74 1AQ,Auto,Manchester,1183.39,True,22
POL000016,Sofia Ahmed,sofia.ahmed16@example.com,L68 5HJ,Health,Leeds,3258.36,True,144
POL000017,Olu Smith,olu.smith17@example.com,B48 3DP,Travel,Glasgow,1201.91,True,71
POL000018,Yuki Patel,yuki.patel18@example.com,G1 7HL,Home,Birmingham,2000.26,False,55
POL000019,Mary Chen,mary.chen19@example.com,L86 2AQ,Home,Birmingham,919.44,True,83
POL000020,Mei Silva,mei.silva20@example.com,L76 5FN,Home,Manchester,2827.87,True,124
POL000021,Hannah Silva,hannah.silva21@example.com,B94 3HJ,Auto,Manchester,5601.69,True,62
POL000022,Hannah Andersson,hannah.andersson22@example.com,E90 6GN,Liability,Birmingham,1838.77,True,85
POL000023,Noah Khan,noah.khan23@example.com,E90 2DN,Home,Liverpool,1948.16,True,56
POL000024,Aisha Rossi,aisha.rossi24@example.com,M12 8GN,Health,Glasgow,4919.3,False,82
POL000025,Aisha Silva,aisha.silva25@example.com,A58 6GL,Auto,Leeds,4126.28,True,136
POL000026,Aisha Ali,aisha.ali26@example.com,M86 4EP,Health,Cardiff,697.29,False,124
POL000027,James Tanaka,james.tanaka27@example.com,E97 7GQ,Travel,Birmingham,4370.21,False,46
POL000028,Sofia Chen,sofia.chen28@example.com,M49 6FQ,Auto,Cardiff,1343.83,True,172
POL000029,Aisha Brown,aisha.brown29@example.com,G53 4DJ,Health,Glasgow,1910.63,True,93
POL000030,Fatima Rossi,fatima.rossi30@example.com,M13 7HJ,Health,Manchester,5206.88,True,80
POL000031,Aisha Rossi,aisha.rossi31@example.com,M1 7HN,Auto,Liverpool,2588.96,False,141
POL000032,James Tanaka,james.tanaka32@example.com,B56 8HQ,Travel,London,1414.79,True,3
POL000033,Fatima Garcia,fatima.garcia33@example.com,L64 1DK,Travel,Liverpool,530.11,False,7
POL000034,Mohammed Ahmed,mohammed.ahmed34@example.com,M30 8GN,Travel,Glasgow,1085.41,False,96
POL000035,Priya Brown,priya.brown35@example.com,S72 3EQ,Home,Bristol,1418.29,False,87
POL000036,Yuki Brown,yuki.brown36@example.com,N43 8AJ,Travel,Birmingham,1870.02,False,16
POL000037,James Okafor,james.okafor37@example.com,M67 7BN,Home,London,3367.78,True,12
POL000038,James Patel,james.patel38@example.com,E66 4HL,Liability,Bristol,3891.2,True,59
POL000039,Sofia Patel,sofia.patel39@example.com,N31 2GL,Home,Glasgow,1550.91,True,95
POL000040,Ivan Garcia,ivan.garcia40@example.com,N7 4BP,Health,Birmingham,4589.17,True,89
POL000041,Sofia Okafor,sofia.okafor41@example.com,M38 2AN,Travel,Liverpool,1340.81,True,130
POL000042,Aisha Brown,aisha.brown42@example.com,B43 3GP,Auto,Cardiff,3598.25,True,51
POL000043,Priya Andersson,priya.andersson43@example.com,S5 7EJ,Auto,Glasgow,3235.39,True,83
POL000044,Priya Ali,priya.ali44@example.com,L59 8DN,Liability,Birmingham,1859.68,True,105
POL000045,Wei Kowalski,wei.kowalski45@example.com,S25 6EK,Home,Cardiff,3753.03,True,85
POL000046,Hannah Brown,hannah.brown46@example.com,M64 1BL,Liability,Birmingham,2043.98,True,93
POL000047,Priya Chen,priya.chen47@example.com,G4 4BP,Travel,Bristol,3095.02,True,153
POL000048,Fatima Silva,fatima.silva48@example.com,A74 1HQ,Home,Leeds,5292.53,True,35
POL000049,Fatima Andersson,fatima.andersson49@example.com,B31 6AP,Travel,Glasgow,4695.32,True,85
POL000050,James Andersson,james.andersson50@example.com,N45 5AK,Liability,London,1757.77,False,14
POL000051,James Khan,james.khan51@example.com,M90 4DL,Travel,Birmingham,15889.57,True,171
POL000052,Ivan Andersson,ivan.andersson52@example.com,E95 4FL,Auto,London,3949.59,True,12
POL000053,Ivan Smith,ivan.smith53@example.com,S78 5GK,Travel,Glasgow,1017.79,True,6
POL000054,Ivan Garcia,ivan.garcia54@example.com,A27 7DL,Travel,London,3200.47,True,65
POL000055,Olu Andersson,olu.andersson55@example.com,N18 3DL,Travel,London,8055.44,False,18
POL000056,Liam Nguyen,liam.nguyen56@example.com,G11 2AL,Liability,Cardiff,4416.78,False,133
POL000057,Fatima Khan,fatima.khan57@example.com,M53 2DP,Travel,Liverpool,2029.76,True,62
POL000058,Olu Khan,olu.khan58@example.com,L36 1GJ,Travel,Manchester,5282.52,True,119
POL000059,Sofia Brown,sofia.brown59@example.com,L53 4HJ,Health,Glasgow,1545.16,True,91
POL000060,Mohammed Tanaka,mohammed.tanaka60@example.com,M71 4EJ,Health,London,2686.46,False,72
POL000061,James Ahmed,james.ahmed61@example.com,M71 8EJ,Travel,Bristol,3134.68,True,42
POL000062,Liam Okafor,liam.okafor62@example.com,A96 7HQ,Auto,Birmingham,1839.14,True,19
POL000063,Yuki Smith,yuki.smith63@example.com,G51 7EQ,Auto,Manchester,5487.15,False,145
POL000064,Wei Chen,wei.chen64@example.com,L53 7GP,Travel,Liverpool,2186.69,True,80
POL000065,Mohammed Patel,mohammed.patel65@example.com,M31 7AJ,Liability,Birmingham,360.04,False,130
POL000066,Aisha Garcia,aisha.garcia66@example.com,A78 7HL,Travel,Leeds,3574.73,False,172
POL000067,James Andersson,james.andersson67@example.com,B83 4BN,Travel,Liverpool,4422.57,False,20
POL000068,Sofia Andersson,sofia.andersson68@example.com,E46 5FJ,Liability,Birmingham,5315.68,False,38
POL000069,Hannah Brown,hannah.brown69@example.com,G54 1GJ,Travel,Liverpool,3708.45,True,117
POL000070,Sofia Ahmed,sofia.ahmed70@example.com,A32 3DJ,Liability,Cardiff,675.46,True,156
POL000071,Priya Smith,priya.smith71@example.com,A85 8HK,Auto,Leeds,737.26,False,14
POL000072,Olu Brown,olu.brown72@example.com,A13 8EQ,Home,Birmingham,2116.32,True,98
POL000073,Mary Rossi,mary.rossi73@example.com,L12 2GQ,Home,Glasgow,2524.18,True,95
POL000074,Ivan Andersson,ivan.andersson74@example.com,E84 4AN,Home,Liverpool,1426.75,False,59
POL000075,Yuki Rossi,yuki.rossi75@example.com,M51 4GJ,Travel,Manchester,3070.93,True,115
POL000076,James Silva,james.silva76@example.com,B63 7FP,Auto,Leeds,2013.4,True,147
POL000077,Noah Garcia,noah.garcia77@example.com,A61 5HK,Home,Cardiff,703.69,True,25
POL000078,Fatima Nguyen,fatima.nguyen78@example.com,E79 3GQ,Home,Glasgow,930.15,False,40
POL000079,Mohammed Ali,mohammed.ali79@example.com,B32 8DK,Health,Cardiff,2737.15,True,56
POL000080,Aisha Ali,aisha.ali80@example.com,L27 3GJ,Health,Glasgow,2374.25,True,28
POL000081,Wei Smith,wei.smith81@example.com,L32 8DP,Auto,Manchester,1562.97,True,12
POL000082,Aisha Nguyen,aisha.nguyen82@example.com,A76 5FL,Health,Bristol,1401.9,True,167
POL000083,Noah Chen,noah.chen83@example.com,L60 7BN,Health,Cardiff,1862.1,False,116
POL000084,Fatima Rossi,fatima.rossi84@example.com,M35 8FK,Travel,Leeds,183.85,True,2
POL000085,Olu Tanaka,olu.tanaka85@example.com,E27 4GJ,Health,Bristol,2960.23,True,82
POL000086,Mohammed Chen,mohammed.chen86@example.com,E72 2AK,Home,Liverpool,2106.32,True,62
POL000087,Fatima Patel,fatima.patel87@example.com,N10 2EN,Liability,Birmingham,702.42,True,108
POL000088,Hannah Andersson,hannah.andersson88@example.com,L67 3DL,Health,Cardiff,313.87,True,82
POL000089,Sofia Silva,sofia.silva89@example.com,S50 5HN,Health,London,3966.18,True,149
POL000090,James Ali,james.ali90@example.com,N15 5AP,Liability,London,3099.9,False,149
POL000091,Aisha Kowalski,aisha.kowalski91@example.com,A97 6AP,Auto,Birmingham,1707.48,True,1
POL000092,Mohammed Okafor,mohammed.okafor92@example.com,A30 4EQ,Home,Bristol,176.54,True,106
POL000093,Priya Khan,priya.khan93@example.com,B79 4GL,Travel,Leeds,4987.61,True,109
POL000094,Olu Khan,olu.khan94@example.com,E79 6GN,Travel,Bristol,444.98,True,112
POL000095,Olu Tanaka,olu.tanaka95@example.com,N64 4DN,Home,Leeds,1391.06,False,72
POL000096,Noah Ahmed,noah.ahmed96@example.com,A57 7AJ,Liability,Manchester,568.85,True,51
POL000097,Hannah Kowalski,hannah.kowalski97@example.com,B93 4FP,Health,Leeds,4419.22,True,42
POL000098,Aisha Okafor,aisha.okafor98@example.com,E52 5GK,Health,Leeds,1778.11,True,75
POL000099,Hannah Chen,hannah.chen99@example.com,N37 3DP,Travel,London,887.71,False,28
POL000100,Mary Patel,mary.patel100@example.com,G83 5BQ,Liability,Cardiff,1030.52,False,69
POL000101,Fatima Kowalski,fatima.kowalski101@example.com,S1 8EP,Liability,Cardiff,529.42,True,178
POL000102,Carlos Okafor,carlos.okafor102@example.com,A27 8HP,Health,Cardiff,509.92,True,41
POL000103,Wei Nguyen,wei.nguyen103@example.com,E16 1AK,Auto,Cardiff,1936.91,True,163
POL000104,Aisha Kowalski,aisha.kowalski104@example.com,S10 4HN,Home,London,3092.61,True,91
POL000105,Hannah Kowalski,hannah.kowalski105@example.com,S23 8EQ,Health,London,2187.19,True,87
POL000106,Mei Patel,mei.patel106@example.com,B89 1GQ,Liability,London,1268.04,False,92
POL000107,Noah Kowalski,noah.kowalski107@example.com,G40 5DN,Auto,London,2217.95,True,66
POL000108,Ivan Rossi,ivan.rossi108@example.com,B89 4HJ,Auto,Glasgow,3993.54,True,117
POL000109,Olu Patel,olu.patel109@example.com,N68 4DQ,Health,Glasgow,2629.27,True,26
POL000110,Mary Rossi,mary.rossi110@example.com,S68 6DQ,Auto,Leeds,1158.84,True,131
POL000111,Yuki Ahmed,yuki.ahmed111@example.com,M62 3GK,Auto,Cardiff,6061.65,True,113
POL000112,Olu Rossi,olu.rossi112@example.com,E63 5FJ,Auto,Liverpool,3468.72,True,153
POL000113,Aisha Kowalski,aisha.kowalski113@example.com,M2 4EN,Auto,Cardiff,427.98,True,87
POL000114,Wei Chen,wei.chen114@example.com,L47 1EP,Travel,Leeds,2203.54,True,113
POL000115,Carlos Smith,carlos.smith115@example.com,N96 1AK,Travel,London,3927.44,True,162
POL000116,Olu Tanaka,olu.tanaka116@example.com,G26 5FP,Auto,Glasgow,2065.13,True,104
POL000117,Hannah Ali,hannah.ali117@example.com,N42 2EP,Auto,Bristol,4613.26,True,168
POL000118,Mei Nguyen,mei.nguyen118@example.com,L31 5AK,Liability,Birmingham,1982.14,True,64
POL000119,James Tanaka,james.tanaka119@example.com,M94 1DQ,Auto,Manchester,7040.85,False,101
POL000120,Yuki Tanaka,yuki.tanaka120@example.com,S23 8HP,Health,Bristol,4686.61,True,159
POL000121,Hannah Khan,hannah.khan121@example.com,G79 3HQ,Travel,London,2506.46,False,175
POL000122,James Okafor,james.okafor122@example.com,S7 7DL,Health,Cardiff,545.15,False,35
POL000123,Mary Khan,mary.khan123@example.com,E94 2EJ,Liability,Birmingham,1778.89,True,148
POL000124,Aisha Kowalski,aisha.kowalski124@example.com,S70 6BN,Health,Leeds,4278.79,True,56
POL000125,Priya Smith,priya.smith125@example.com,L83 2HN,Auto,Glasgow,3883.18,False,1
POL000126,Mohammed Smith,mohammed.smith126@example.com,G18 5AP,Health,Liverpool,5062.61,True,98
POL000127,Mohammed Patel,mohammed.patel127@example.com,L37 2FQ,Auto,London,1198.98,True,42
POL000128,Carlos Brown,carlos.brown128@example.com,A76 3FK,Travel,Liverpool,937.25,True,74
POL000129,Liam Kowalski,liam.kowalski129@example.com,B15 8GN,Auto,Cardiff,836.35,True,122
POL000130,Sofia Silva,sofia.silva130@example.com,N62 3HN,Auto,Leeds,6060.63,False,167
POL000131,Mohammed Okafor,mohammed.okafor131@example.com,G50 2DN,Travel,Glasgow,1276.37,False,100
POL000132,Olu Chen,olu.chen132@example.com,B2 6BL,Home,London,655.16,True,30
POL000133,Hannah Ali,hannah.ali133@example.com,L17 7BP,Travel,Birmingham,2449.57,True,166
POL000134,Fatima Andersson,fatima.andersson134@example.com,M10 6DN,Health,Leeds,2686.37,True,172
POL000135,James Chen,james.chen135@example.com,A95 7GJ,Liability,Birmingham,5864.63,True,112
POL000136,Aisha Nguyen,aisha.nguyen136@example.com,E86 5BJ,Health,Leeds,4161.59,False,126
POL000137,Mei Patel,mei.patel137@example.com,A81 7EJ,Health,Bristol,2200.0,False,74
POL000138,Liam Andersson,liam.andersson138@example.com,N32 4GK,Auto,London,3391.8,True,138
POL000139,Carlos Brown,carlos.brown139@example.com,E22 6DK,Auto,Leeds,2501.44,True,59
POL000140,Yuki Ali,yuki.ali140@example.com,L24 3GP,Health,Glasgow,4353.39,True,149
POL000141,Fatima Nguyen,fatima.nguyen141@example.com,E11 1HJ,Health,Manchester,2955.45,True,114
POL000142,Carlos Garcia,carlos.garcia142@example.com,M74 7DN,Health,Bristol,1443.13,True,29
POL000143,Sofia Nguyen,sofia.nguyen143@example.com,N56 3BP,Health,Birmingham,1371.82,False,161
POL000144,Sofia Brown,sofia.brown144@example.com,E61 4BQ,Auto,Birmingham,3994.36,True,157
POL000145,Wei Okafor,wei.okafor145@example.com,G86 3EP,Liability,Birmingham,532.33,False,149
POL000146,Noah Garcia,noah.garcia146@example.com,M73 1BK,Auto,Leeds,1007.77,True,75
POL000147,James Ahmed,james.ahmed147@example.com,N38 2DJ,Travel,Glasgow,2803.5,True,8
POL000148,James Rossi,james.rossi148@example.com,B50 3AK,Home,Leeds,3503.46,True,61
POL000149,Liam Nguyen,liam.nguyen149@example.com,M14 1DJ,Health,Leeds,2556.51,True,149
POL000150,Liam Patel,liam.patel150@example.com,L87 7EP,Travel,Manchester,4870.88,True,82
POL000151,Sofia Ahmed,sofia.ahmed151@example.com,E23 1BJ,Health,Cardiff,5186.47,True,91
POL000152,James Tanaka,james.tanaka152@example.com,G17 2AK,Home,Glasgow,281.36,True,18
POL000153,Fatima Okafor,fatima.okafor153@example.com,L96 6HQ,Liability,Leeds,1349.88,True,149
POL000154,Aisha Garcia,aisha.garcia154@example.com,E34 7GJ,Home,Liverpool,3658.26,True,13
POL000155,Aisha Kowalski,aisha.kowalski155@example.com,N21 3HJ,Auto,Leeds,5393.3,False,136
POL000156,James Okafor,james.okafor156@example.com,E45 3DL,Health,Liverpool,3988.67,True,71
POL000157,Carlos Smith,carlos.smith157@example.com,S67 6FL,Liability,London,2508.26,False,33
POL000158,Noah Smith,noah.smith158@example.com,N47 3AN,Liability,Manchester,3019.08,False,31
POL000159,Aisha Kowalski,aisha.kowalski159@example.com,B41 6BQ,Liability,Cardiff,2224.09,False,84
POL000160,Ivan Patel,ivan.patel160@example.com,E12 4HP,Auto,Glasgow,5954.4,True,137
POL000161,Mary Kowalski,mary.kowalski161@example.com,A18 4FN,Liability,London,2074.48,True,10
POL000162,Wei Garcia,wei.garcia162@example.com,A63 1AK,Home,Bristol,2335.48,True,17
POL000163,Aisha Patel,aisha.patel163@example.com,E8 7EQ,Travel,Cardiff,3151.96,True,157
POL000164,Liam Nguyen,liam.nguyen164@example.com,E92 2FJ,Home,Bristol,1391.21,False,119
POL000165,Mary Andersson,mary.andersson165@example.com,G52 7HP,Travel,Leeds,737.56,False,86
POL000166,Liam Brown,liam.brown166@example.com,E10 2BQ,Home,Birmingham,8093.3,False,137
POL000167,Mohammed Kowalski,mohammed.kowalski167@example.com,E46 5DP,Travel,Bristol,1711.96,True,63
POL000168,Wei Tanaka,wei.tanaka168@example.com,B30 3HL,Travel,Cardiff,6376.3,True,36
POL000169,Ivan Tanaka,ivan.tanaka169@example.com,G78 6BL,Auto,Cardiff,1577.41,True,10
POL000170,Priya Rossi,priya.rossi170@example.com,A63 2FJ,Travel,Leeds,3352.91,False,123
POL000171,James Garcia,james.garcia171@example.com,E75 1GQ,Liability,Cardiff,1241.56,True,152
POL000172,Liam Garcia,liam.garcia172@example.com,M49 7HP,Liability,Birmingham,7824.87,False,83
POL000173,Fatima Kowalski,fatima.kowalski173@example.com,A30 3EJ,Travel,Cardiff,3688.91,True,80
POL000174,Liam Smith,liam.smith174@example.com,S44 5HQ,Auto,Birmingham,3250.72,True,30
POL000175,Mohammed Ahmed,mohammed.ahmed175@example.com,B59 7EN,Liability,Birmingham,1441.91,True,144
POL000176,Priya Okafor,priya.okafor176@example.com,L70 4BL,Health,Birmingham,2128.77,True,59
POL000177,Olu Andersson,olu.andersson177@example.com,N75 5GK,Home,Manchester,2858.11,True,17
POL000178,Ivan Ali,ivan.ali178@example.com,E37 5FN,Travel,Bristol,631.17,False,148
POL000179,Sofia Ali,sofia.ali179@example.com,M29 6HK,Health,Glasgow,1615.69,False,65
POL000180,Fatima Nguyen,fatima.nguyen180@example.com,A31 2HK,Health,Birmingham,3165.96,True,122
POL000181,Mei Chen,mei.chen181@example.com,S62 8HJ,Home,Cardiff,1069.06,True,165
POL000182,Wei Chen,wei.chen182@example.com,B43 5EL,Liability,Leeds,1701.64,False,31
POL000183,James Smith,james.smith183@example.com,G26 1BK,Travel,Bristol,3497.23,True,22
POL000184,Olu Ahmed,olu.ahmed184@example.com,L75 3BK,Home,Bristol,659.0,True,158
POL000185,Carlos Andersson,carlos.andersson185@example.com,L56 5AN,Travel,Bristol,2122.05,True,136
POL000186,Hannah Kowalski,hannah.kowalski186@example.com,L80 7BP,Travel,London,4556.7,True,58
POL000187,Carlos Rossi,carlos.rossi187@example.com,S78 4FL,Health,Leeds,1599.32,True,9
POL000188,Mohammed Okafor,mohammed.okafor188@example.com,M29 2EJ,Liability,Cardiff,1290.9,True,74
POL000189,Priya Khan,priya.khan189@example.com,L43 1EN,Auto,Birmingham,660.06,True,148
POL000190,Mohammed Rossi,mohammed.rossi190@example.com,B47 2HQ,Liability,Glasgow,1126.6,False,7
POL000191,Liam Silva,liam.silva191@example.com,M42 1HK,Auto,London,2392.21,True,137
POL000192,Yuki Smith,yuki.smith192@example.com,S1 8HL,Home,Birmingham,2940.44,True,12
POL000193,Mary Garcia,mary.garcia193@example.com,L50 5AK,Travel,Liverpool,1211.37,True,70
POL000194,Mary Kowalski,mary.kowalski194@example.com,E18 5FL,Travel,Liverpool,4539.79,False,60
POL000195,Hannah Ali,hannah.ali195@example.com,B24 8GK,Health,Liverpool,5713.57,True,164
POL000196,Sofia Smith,sofia.smith196@example.com,B29 8DL,Travel,Manchester,689.94,False,161
POL000197,Sofia Patel,sofia.patel197@example.com,E78 8DL,Home,Liverpool,260.93,True,25
POL000198,Mei Silva,mei.silva198@example.com,L78 3FK,Liability,Leeds,4067.38,False,141
POL000199,Ivan Tanaka,ivan.tanaka199@example.com,A75 6FQ,Liability,London,1620.02,True,90
POL000200,Liam Silva,liam.silva200@example.com,M4 2FQ,Travel,London,2525.11,False,147
POL000201,Priya Garcia,priya.garcia201@example.com,G15 4EJ,Auto,Bristol,452.48,True,101
POL000202,Fatima Smith,fatima.smith202@example.com,E12 2HK,Home,London,502.96,True,161
POL000203,Wei Kowalski,wei.kowalski203@example.com,N22 4DN,Auto,London,1604.22,True,85
POL000204,Mary Patel,mary.patel204@example.com,E63 7AL,Travel,Liverpool,990.84,False,109
POL000205,Liam Garcia,liam.garcia205@example.com,E61 3AN,Travel,Cardiff,2289.75,True,59
POL000206,Yuki Ahmed,yuki.ahmed206@example.com,A77 8FK,Liability,London,1938.4,True,179
POL000207,James Garcia,james.garcia207@example.com,G45 1DK,Health,Birmingham,3236.94,False,158
POL000208,Olu Smith,olu.smith208@example.com,S31 5GP,Liability,Manchester,2571.44,False,7
POL000209,Priya Silva,priya.silva209@example.com,S15 7HQ,Liability,Liverpool,3327.93,True,38
POL000210,Mohammed Chen,mohammed.chen210@example.com,M50 1GJ,Auto,Liverpool,5049.7,True,157
POL000211,Sofia Garcia,sofia.garcia211@example.com,S78 4AP,Liability,Glasgow,649.48,True,26
POL000212,Mary Brown,mary.brown212@example.com,B11 7HJ,Travel,Glasgow,2515.99,True,77
POL000213,James Rossi,james.rossi213@example.com,N88 6BN,Home,Liverpool,3733.07,True,68
POL000214,Mei Khan,mei.khan214@example.com,N42 5EP,Auto,Manchester,2611.66,True,113
POL000215,Noah Ahmed,noah.ahmed215@example.com,G76 6AL,Travel,Birmingham,2006.93,False,14
POL000216,Fatima Ahmed,fatima.ahmed216@example.com,E5 6HP,Travel,Manchester,1244.32,True,138
POL000217,Olu Ali,olu.ali217@example.com,G31 1AN,Travel,Glasgow,3526.82,False,82
POL000218,Yuki Tanaka,yuki.tanaka218@example.com,S83 2DP,Travel,Liverpool,349.5,True,71
POL000219,Sofia Ahmed,sofia.ahmed219@example.com,B24 4GL,Travel,Glasgow,1666.4,True,90
POL000220,Yuki Garcia,yuki.garcia220@example.com,S67 4FK,Travel,Manchester,2063.61,True,66
POL000221,Liam Garcia,liam.garcia221@example.com,N4 3DN,Liability,Glasgow,2241.14,False,140
POL000222,Olu Ahmed,olu.ahmed222@example.com,N81 3AN,Health,Birmingham,3221.73,True,58
POL000223,Aisha Kowalski,aisha.kowalski223@example.com,E34 5AL,Health,Birmingham,5146.36,True,67
POL000224,Carlos Patel,carlos.patel224@example.com,S26 8AK,Travel,Cardiff,6506.57,False,164
POL000225,Wei Kowalski,wei.kowalski225@example.com,S70 4AJ,Liability,London,1351.81,True,10
POL000226,Yuki Ahmed,yuki.ahmed226@example.com,L14 3AP,Auto,Leeds,567.31,False,87
POL000227,Olu Tanaka,olu.tanaka227@example.com,E93 1BN,Travel,Birmingham,2572.53,True,17
POL000228,James Kowalski,james.kowalski228@example.com,M5 8FJ,Home,Bristol,912.47,True,91
POL000229,Mary Chen,mary.chen229@example.com,B90 8EK,Home,Bristol,1586.88,False,52
POL000230,Sofia Smith,sofia.smith230@example.com,G67 1AP,Travel,Leeds,2504.87,True,117
POL000231,Hannah Tanaka,hannah.tanaka231@example.com,E56 7EL,Auto,London,5422.82,True,15
POL000232,Olu Chen,olu.chen232@example.com,N15 8BP,Travel,Glasgow,1718.28,True,161
POL000233,Wei Silva,wei.silva233@example.com,N66 7DN,Travel,Birmingham,5410.14,True,97
POL000234,Mohammed Smith,mohammed.smith234@example.com,E76 7GJ,Health,Leeds,1554.31,True,129
POL000235,Olu Ahmed,olu.ahmed235@example.com,A85 6AK,Auto,Liverpool,1640.19,True,126
POL000236,Priya Kowalski,priya.kowalski236@example.com,L2 5GP,Travel,Glasgow,1480.35,True,1
POL000237,Mohammed Garcia,mohammed.garcia237@example.com,M89 2AQ,Auto,London,833.24,True,93
POL000238,Noah Nguyen,noah.nguyen238@example.com,N37 3BL,Health,Glasgow,1938.13,True,95
POL000239,Yuki Khan,yuki.khan239@example.com,B46 6AJ,Liability,Manchester,2356.94,True,116
POL000240,Sofia Rossi,sofia.rossi240@example.com,E2 1FK,Auto,Birmingham,5897.96,True,104
POL000241,Liam Smith,liam.smith241@example.com,M89 3GJ,Liability,Glasgow,4060.06,True,53
POL000242,Mei Brown,mei.brown242@example.com,B44 5FL,Liability,Birmingham,4080.84,True,91
POL000243,Ivan Tanaka,ivan.tanaka243@example.com,S46 3HK,Travel,Birmingham,1848.19,False,99
POL000244,Noah Andersson,noah.andersson244@example.com,N33 7FN,Home,Bristol,4066.62,False,75
POL000245,Fatima Ahmed,fatima.ahmed245@example.com,G48 1DQ,Health,Liverpool,2293.59,True,79
POL000246,Yuki Kowalski,yuki.kowalski246@example.com,L95 6EL,Travel,Glasgow,1786.4,True,156
POL000247,Carlos Garcia,carlos.garcia247@example.com,L56 5EN,Liability,Birmingham,2465.73,True,158
POL000248,Mohammed Ali,mohammed.ali248@example.com,S46 4AK,Travel,Birmingham,2254.64,True,67
POL000249,Fatima Rossi,fatima.rossi249@example.com,A76 1BQ,Health,Leeds,1181.3,True,158
POL000250,Ivan Ahmed,ivan.ahmed250@example.com,L23 4EJ,Auto,Bristol,1081.71,True,95
POL000251,Liam Khan,liam.khan251@example.com,B76 5DP,Travel,Liverpool,1046.75,True,99
POL000252,Aisha Garcia,aisha.garcia252@example.com,M51 3HQ,Auto,Birmingham,725.19,True,82
POL000253,Mary Smith,mary.smith253@example.com,M42 6GP,Travel,Leeds,2533.08,True,25
POL000254,Yuki Patel,yuki.patel254@example.com,A47 6GQ,Health,Liverpool,1688.07,False,32
POL000255,Hannah Brown,hannah.brown255@example.com,L10 7EP,Liability,Manchester,3742.37,True,167
POL000256,James Chen,james.chen256@example.com,M90 4EQ,Auto,Liverpool,5417.02,True,30
POL000257,Carlos Patel,carlos.patel257@example.com,S23 2EL,Health,Birmingham,2841.48,True,139
POL000258,Mohammed Nguyen,mohammed.nguyen258@example.com,B56 1DN,Auto,Liverpool,1099.24,False,68
POL000259,Sofia Kowalski,sofia.kowalski259@example.com,A34 3DJ,Travel,Leeds,3747.9,True,158
POL000260,Ivan Khan,ivan.khan260@example.com,N67 1GL,Travel,Birmingham,2524.45,True,157
POL000261,Fatima Patel,fatima.patel261@example.com,L88 1GP,Auto,Glasgow,3597.47,True,164
POL000262,Mohammed Rossi,mohammed.rossi262@example.com,M54 3DJ,Health,Bristol,3658.93,True,41
POL000263,Priya Patel,priya.patel263@example.com,G5 8FJ,Health,Manchester,3642.99,True,45
POL000264,Aisha Ahmed,aisha.ahmed264@example.com,B54 8FQ,Health,London,3757.83,False,86
POL000265,Carlos Kowalski,carlos.kowalski265@example.com,G9 5BP,Travel,Cardiff,1234.49,False,30
POL000266,Mei Silva,mei.silva266@example.com,B11 8DK,Health,Liverpool,4069.95,True,91
POL000267,Noah Okafor,noah.okafor267@example.com,N14 2FP,Auto,Manchester,1861.49,True,48
POL000268,Yuki Brown,yuki.brown268@example.com,S88 6GN,Liability,Manchester,912.13,False,127
POL000269,Mary Nguyen,mary.nguyen269@example.com,G87 3AP,Travel,Manchester,3057.17,True,60
POL000270,Mary Tanaka,mary.tanaka270@example.com,B42 6FL,Liability,Bristol,1312.29,True,179
POL000271,Priya Okafor,priya.okafor271@example.com,L7 3GQ,Auto,Leeds,2463.06,True,68
POL000272,Hannah Ali,hannah.ali272@example.com,B29 5AL,Auto,Manchester,1597.12,False,101
POL000273,James Ali,james.ali273@example.com,A25 2GK,Home,Liverpool,2526.18,True,124
POL000274,Mohammed Silva,mohammed.silva274@example.com,M89 2EL,Travel,Glasgow,4133.97,False,96
POL000275,Olu Rossi,olu.rossi275@example.com,L9 7GJ,Home,Liverpool,1881.17,True,144
POL000276,Olu Garcia,olu.garcia276@example.com,M74 3EK,Health,Bristol,3711.27,False,133
POL000277,Liam Garcia,liam.garcia277@example.com,G35 1DL,Health,Liverpool,1174.28,True,149
POL000278,Yuki Garcia,yuki.garcia278@example.com,L80 3HK,Health,Glasgow,2725.97,True,111
POL000279,Carlos Okafor,carlos.okafor279@example.com,N31 2FJ,Liability,Cardiff,381.43,True,115
POL000280,James Smith,james.smith280@example.com,B13 7AJ,Home,London,7325.47,False,87
POL000281,Yuki Brown,yuki.brown281@example.com,E46 2HJ,Travel,Birmingham,3635.14,True,17
POL000282,Carlos Kowalski,carlos.kowalski282@example.com,S85 5BN,Liability,Glasgow,889.09,True,88
POL000283,Mary Silva,mary.silva283@example.com,A90 4BL,Travel,Liverpool,2942.53,True,141
POL000284,Olu Patel,olu.patel284@example.com,B16 6DK,Home,Liverpool,4277.66,True,3
POL000285,Fatima Chen,fatima.chen285@example.com,M58 3GK,Liability,Liverpool,2507.2,True,141
POL000286,Carlos Ali,carlos.ali286@example.com,S48 1FJ,Liability,Cardiff,3279.1,False,69
POL000287,Wei Rossi,wei.rossi287@example.com,B28 1DJ,Health,Liverpool,2408.76,False,141
POL000288,Yuki Smith,yuki.smith288@example.com,S50 8HJ,Auto,London,1180.5,True,2
POL000289,Priya Khan,priya.khan289@example.com,G64 8DL,Auto,Bristol,13695.6,True,47
POL000290,James Silva,james.silva290@example.com,S48 6AP,Home,London,1495.44,True,175
POL000291,Hannah Tanaka,hannah.tanaka291@example.com,A38 3EJ,Travel,London,2617.6,False,139
POL000292,Sofia Nguyen,sofia.nguyen292@example.com,B42 6HP,Health,London,296.08,False,169
POL000293,Liam Okafor,liam.okafor293@example.com,M61 3DL,Travel,Leeds,328.66,True,65
POL000294,Noah Ali,noah.ali294@example.com,G64 8GN,Health,Glasgow,2605.96,False,11
POL000295,Noah Tanaka,noah.tanaka295@example.com,M38 2AQ,Travel,Cardiff,5598.94,True,40
POL000296,Olu Garcia,olu.garcia296@example.com,M95 7GJ,Health,Birmingham,4085.01,False,89
POL000297,Sofia Silva,sofia.silva297@example.com,S46 7FP,Home,Bristol,10071.96,True,132
POL000298,Mei Khan,mei.khan298@example.com,L6 6HL,Health,Liverpool,2020.25,True,68
POL000299,James Ali,james.ali299@example.com,S76 6EQ,Home,Glasgow,2817.02,True,6
POL000300,Fatima Patel,fatima.patel300@example.com,L40 5AQ,Home,Liverpool,1036.53,True,30
POL000301,Carlos Garcia,carlos.garcia301@example.com,G27 6BP,Liability,Manchester,4821.95,True,28
POL000302,Liam Ahmed,liam.ahmed302@example.com,B40 5AK,Home,Leeds,1850.06,True,115
POL000303,Priya Tanaka,priya.tanaka303@example.com,G25 1AP,Travel,Cardiff,229.6,False,104
POL000304,Ivan Khan,ivan.khan304@example.com,E36 7HN,Health,Manchester,7250.13,True,48
POL000305,Olu Tanaka,olu.tanaka305@example.com,L39 7BL,Health,Glasgow,1305.5,True,124
POL000306,Noah Smith,noah.smith306@example.com,G86 1HN,Auto,Liverpool,5573.85,True,55
POL000307,Sofia Garcia,sofia.garcia307@example.com,N25 4EK,Home,Cardiff,3467.53,False,9
POL000308,Olu Khan,olu.khan308@example.com,L21 8FP,Home,Manchester,624.78,True,157
POL000309,Fatima Tanaka,fatima.tanaka309@example.com,N96 4HK,Auto,Glasgow,2322.19,True,50
POL000310,James Smith,james.smith310@example.com,S83 5BJ,Travel,London,1233.88,True,96
POL000311,Olu Patel,olu.patel311@example.com,G87 7FQ,Auto,Bristol,8228.35,False,34
POL000312,Yuki Andersson,yuki.andersson312@example.com,L7 6HL,Liability,Cardiff,3492.88,True,18
POL000313,Aisha Okafor,aisha.okafor313@example.com,L75 1DN,Travel,Liverpool,7111.95,False,49
POL000314,Liam Ahmed,liam.ahmed314@example.com,A40 6DL,Travel,Leeds,2273.22,True,63
POL000315,Aisha Smith,aisha.smith315@example.com,S54 3DK,Health,Birmingham,3481.2,False,167
POL000316,Yuki Kowalski,yuki.kowalski316@example.com,N32 4DK,Health,Cardiff,2538.46,True,156
POL000317,Olu Brown,olu.brown317@example.com,B54 4BN,Auto,Leeds,3100.15,False,113
POL000318,Mohammed Khan,mohammed.khan318@example.com,M16 1AQ,Health,London,4237.6,False,116
POL000319,Priya Brown,priya.brown319@example.com,M42 3EL,Health,London,3734.77,True,48
POL000320,James Ali,james.ali320@example.com,A22 8DN,Home,Cardiff,197.33,True,177
POL000321,Ivan Chen,ivan.chen321@example.com,N61 3BN,Travel,Liverpool,1845.26,True,114
POL000322,James Nguyen,james.nguyen322@example.com,L45 7DJ,Auto,Bristol,2463.66,False,54
POL000323,Ivan Tanaka,ivan.tanaka323@example.com,S25 6GJ,Travel,Manchester,1902.63,True,67
POL000324,Mohammed Chen,mohammed.chen324@example.com,A86 5FN,Auto,Bristol,1146.56,True,101
POL000325,Fatima Khan,fatima.khan325@example.com,E87 1HL,Travel,London,2059.4,True,139
POL000326,Wei Garcia,wei.garcia326@example.com,B1 5BQ,Liability,London,1320.97,True,38
POL000327,Carlos Brown,carlos.brown327@example.com,S44 5DJ,Health,Bristol,1515.28,True,59
POL000328,Aisha Ali,aisha.ali328@example.com,N50 2HQ,Home,London,5743.68,False,36
POL000329,Aisha Smith,aisha.smith329@example.com,N28 3DN,Travel,Bristol,3182.01,True,19
POL000330,Aisha Chen,aisha.chen330@example.com,M84 4HJ,Auto,Birmingham,1720.83,False,39
POL000331,Yuki Brown,yuki.brown331@example.com,G70 5HL,Liability,Liverpool,3497.1,False,164
POL000332,Carlos Andersson,carlos.andersson332@example.com,N79 3GL,Auto,London,165.47,True,28
POL000333,James Tanaka,james.tanaka333@example.com,B19 4HK,Liability,London,2374.23,False,76
POL000334,Carlos Smith,carlos.smith334@example.com,A90 5DL,Home,London,4862.4,False,12
POL000335,Mei Ali,mei.ali335@example.com,N72 2FJ,Liability,Glasgow,6957.15,True,70
POL000336,Yuki Ali,yuki.ali336@example.com,S82 8GK,Travel,London,3944.53,True,89
POL000337,Olu Garcia,olu.garcia337@example.com,S35 1DQ,Health,Glasgow,381.13,True,123
POL000338,Yuki Nguyen,yuki.nguyen338@example.com,G97 3GL,Liability,Bristol,5603.97,True,153
POL000339,James Garcia,james.garcia339@example.com,S34 8AP,Travel,Glasgow,779.69,True,174
POL000340,Mei Andersson,mei.andersson340@example.com,N89 3DQ,Travel,Bristol,1409.88,True,178
POL000341,Aisha Ahmed,aisha.ahmed341@example.com,A6 6EJ,Auto,Birmingham,472.75,False,83
POL000342,Wei Patel,wei.patel342@example.com,L67 2BN,Liability,Glasgow,2578.79,False,114
POL000343,Aisha Patel,aisha.patel343@example.com,B65 5HN,Travel,London,793.43,False,89
POL000344,Noah Garcia,noah.garcia344@example.com,N75 4AJ,Auto,Cardiff,5889.36,True,173
POL000345,Noah Kowalski,noah.kowalski345@example.com,M30 4AJ,Travel,Cardiff,5413.04,True,85
POL000346,Hannah Smith,hannah.smith346@example.com,N29 2AJ,Home,Birmingham,8898.55,True,174
POL000347,Mei Smith,mei.smith347@example.com,G44 5AQ,Auto,Glasgow,2918.06,True,131
POL000348,Olu Okafor,olu.okafor348@example.com,L31 6GN,Liability,Birmingham,2960.64,True,76
POL000349,Wei Silva,wei.silva349@example.com,G60 5BP,Home,Bristol,2895.28,True,12
POL000350,Mohammed Garcia,mohammed.garcia350@example.com,L78 7HQ,Home,Glasgow,3024.14,True,42
POL000351,Olu Patel,olu.patel351@example.com,B75 7HP,Liability,Birmingham,4876.07,True,137
POL000352,Mary Rossi,mary.rossi352@example.com,L91 8BJ,Liability,Birmingham,2325.72,False,22
POL000353,Liam Kowalski,liam.kowalski353@example.com,S88 2BP,Auto,Manchester,1504.82,False,79
POL000354,Sofia Smith,sofia.smith354@example.com,B84 1AK,Home,London,2412.35,True,69
POL000355,Mary Khan,mary.khan355@example.com,S1 2DK,Liability,Manchester,3786.63,True,36
POL000356,Priya Smith,priya.smith356@example.com,S59 3DL,Liability,Cardiff,2276.91,True,173
POL000357,Wei Nguyen,wei.nguyen357@example.com,M62 6AL,Travel,Bristol,6824.82,False,20
POL000358,Mary Andersson,mary.andersson358@example.com,N2 7GN,Liability,Glasgow,5085.56,False,4
POL000359,Hannah Brown,hannah.brown359@example.com,E45 8FN,Liability,Manchester,3599.88,True,32
POL000360,Mei Ali,mei.ali360@example.com,N65 6BP,Liability,Cardiff,3579.04,True,53
POL000361,Wei Ahmed,wei.ahmed361@example.com,G54 2HJ,Liability,Leeds,624.04,True,159
POL000362,Yuki Ahmed,yuki.ahmed362@example.com,A61 7AL,Home,Cardiff,4948.05,True,132
POL000363,Priya Tanaka,priya.tanaka363@example.com,G31 8GJ,Auto,Manchester,2305.05,True,10
POL000364,James Okafor,james.okafor364@example.com,N91 5HK,Liability,London,2864.53,True,167
POL000365,Liam Patel,liam.patel365@example.com,M37 3GK,Liability,Glasgow,674.85,True,1
POL000366,Fatima Garcia,fatima.garcia366@example.com,M16 3EK,Travel,Glasgow,2971.23,False,92
POL000367,Priya Chen,priya.chen367@example.com,S65 8FN,Health,Liverpool,5146.88,True,55
POL000368,Wei Ali,wei.ali368@example.com,E11 5EP,Liability,Cardiff,413.85,False,172
POL000369,Sofia Nguyen,sofia.nguyen369@example.com,M97 4HK,Liability,Bristol,542.17,True,24
POL000370,Mohammed Ali,mohammed.ali370@example.com,E78 7AL,Liability,Cardiff,2403.65,True,21
POL000371,James Ali,james.ali371@example.com,B18 1EL,Travel,Manchester,970.91,True,48
POL000372,Mohammed Brown,mohammed.brown372@example.com,M90 8HP,Health,Cardiff,12763.89,True,16
POL000373,Liam Nguyen,liam.nguyen373@example.com,M9 7FP,Auto,Birmingham,3896.17,True,125
POL000374,Wei Ali,wei.ali374@example.com,A3 3BJ,Health,Liverpool,3170.2,True,61
POL000375,Yuki Okafor,yuki.okafor375@example.com,S14 7GJ,Home,Birmingham,4562.41,True,43
POL000376,Fatima Chen,fatima.chen376@example.com,E8 3GP,Home,Cardiff,4009.91,True,113
POL000377,Aisha Khan,aisha.khan377@example.com,G76 6AK,Health,Bristol,3903.42,True,72
POL000378,James Smith,james.smith378@example.com,S60 4GP,Health,Liverpool,653.06,True,53
POL000379,Fatima Chen,fatima.chen379@example.com,S37 5GP,Auto,Manchester,2288.34,True,173
POL000380,Mary Silva,mary.silva380@example.com,L97 2BK,Health,London,2929.47,False,30
POL000381,Yuki Silva,yuki.silva381@example.com,A63 2DK,Home,Bristol,517.99,False,17
POL000382,Mary Khan,mary.khan382@example.com,N33 7DP,Auto,Leeds,10453.11,True,67
POL000383,Noah Garcia,noah.garcia383@example.com,G72 2AN,Home,Leeds,2915.14,True,65
POL000384,Liam Chen,liam.chen384@example.com,B23 8DP,Liability,Glasgow,3047.08,True,44
POL000385,Mary Okafor,mary.okafor385@example.com,M2 3HK,Liability,Birmingham,2587.96,True,33
POL000386,Aisha Ahmed,aisha.ahmed386@example.com,B13 3AK,Health,Glasgow,3184.36,True,87
POL000387,Olu Rossi,olu.rossi387@example.com,S8 1FP,Liability,Cardiff,1729.15,True,81
POL000388,James Okafor,james.okafor388@example.com,L13 6DK,Auto,Birmingham,1989.8,True,145
POL000389,Hannah Brown,hannah.brown389@example.com,L49 2AQ,Home,Manchester,521.16,True,164
POL000390,Mohammed Okafor,mohammed.okafor390@example.com,G44 2BP,Liability,London,2229.33,True,163
POL000391,Liam Patel,liam.patel391@example.com,M29 5BQ,Health,Bristol,1988.8,True,118
POL000392,James Chen,james.chen392@example.com,N39 1HQ,Liability,Cardiff,3546.62,True,129
POL000393,Ivan Chen,ivan.chen393@example.com,N16 2GL,Auto,Leeds,2796.79,True,117
POL000394,Mei Brown,mei.brown394@example.com,S85 4DQ,Liability,Bristol,2342.69,True,166
POL000395,Mei Rossi,mei.rossi395@example.com,E60 5FL,Home,Liverpool,5035.03,True,77
POL000396,Hannah Okafor,hannah.okafor396@example.com,N8 4DL,Travel,Birmingham,601.37,True,116
POL000397,Noah Patel,noah.patel397@example.com,L60 4BL,Health,Birmingham,2900.3,True,70
POL000398,Carlos Ahmed,carlos.ahmed398@example.com,G58 1BP,Travel,Leeds,1454.93,False,148
POL000399,Mary Smith,mary.smith399@example.com,N27 2EP,Liability,Birmingham,4507.26,True,103
POL000400,Mohammed Nguyen,mohammed.nguyen400@example.com,E62 8HN,Home,Glasgow,6066.95,True,130
POL000401,Carlos Nguyen,carlos.nguyen401@example.com,S69 8EP,Home,Manchester,7037.66,False,54
POL000402,Aisha Rossi,aisha.rossi402@example.com,L36 6BP,Home,Liverpool,3977.9,True,170
POL000403,Hannah Okafor,hannah.okafor403@example.com,G43 8EJ,Liability,Bristol,4797.45,True,54
POL000404,Hannah Andersson,hannah.andersson404@example.com,M27 5DL,Health,London,1939.23,False,84
POL000405,Olu Chen,olu.chen405@example.com,E36 2DK,Health,Manchester,2173.35,False,75
POL000406,Olu Tanaka,olu.tanaka406@example.com,N85 3FK,Home,Glasgow,3614.67,True,59
POL000407,Sofia Garcia,sofia.garcia407@example.com,S80 6HN,Health,Liverpool,2070.65,False,49
POL000408,Wei Smith,wei.smith408@example.com,N81 4FK,Liability,Birmingham,3820.49,True,24
POL000409,Sofia Ali,sofia.ali409@example.com,S82 3FK,Home,Liverpool,967.75,True,136
POL000410,James Rossi,james.rossi410@example.com,G92 7FQ,Home,Glasgow,5943.28,True,153
POL000411,Noah Okafor,noah.okafor411@example.com,S88 2AL,Liability,Cardiff,3128.8,False,49
POL000412,Ivan Chen,ivan.chen412@example.com,B80 2BL,Health,Bristol,5129.22,True,90
POL000413,Mohammed Ali,mohammed.ali413@example.com,S79 3EL,Travel,Manchester,5281.4,True,33
POL000414,Hannah Rossi,hannah.rossi414@example.com,S68 2FL,Home,Bristol,2559.81,True,28
POL000415,Olu Garcia,olu.garcia415@example.com,B23 4EK,Home,Bristol,1732.34,True,47
POL000416,Ivan Tanaka,ivan.tanaka416@example.com,E86 2EP,Travel,Manchester,1829.58,True,57
POL000417,Wei Brown,wei.brown417@example.com,L26 4AJ,Liability,Glasgow,4539.52,True,129
POL000418,Noah Andersson,noah.andersson418@example.com,N40 1HL,Travel,Liverpool,1390.59,False,114
POL000419,Olu Garcia,olu.garcia419@example.com,A3 3FQ,Auto,Birmingham,554.48,True,52
POL000420,Sofia Garcia,sofia.garcia420@example.com,E42 5DN,Liability,London,2082.18,True,20
POL000421,Priya Garcia,priya.garcia421@example.com,M40 1HP,Home,Bristol,1379.36,True,110
POL000422,Yuki Nguyen,yuki.nguyen422@example.com,S72 6EJ,Auto,Glasgow,1397.55,False,174
POL000423,Fatima Smith,fatima.smith423@example.com,N59 6HQ,Auto,Liverpool,6069.0,False,92
POL000424,Mary Kowalski,mary.kowalski424@example.com,E52 6AL,Home,London,4404.76,True,21
POL000425,Fatima Nguyen,fatima.nguyen425@example.com,M7 3GN,Travel,Birmingham,7125.92,True,107
POL000426,Aisha Tanaka,aisha.tanaka426@example.com,L23 3BN,Travel,Liverpool,1086.16,True,51
POL000427,Wei Khan,wei.khan427@example.com,L85 2GQ,Home,London,1891.88,True,134
POL000428,Hannah Garcia,hannah.garcia428@example.com,S16 4HK,Health,Cardiff,3569.72,True,31
POL000429,Olu Kowalski,olu.kowalski429@example.com,S16 6BL,Liability,London,3228.85,False,3
POL000430,Yuki Smith,yuki.smith430@example.com,G78 6DK,Liability,Cardiff,2862.88,True,156
POL000431,Mohammed Okafor,mohammed.okafor431@example.com,A64 2AQ,Travel,Manchester,4541.97,True,98
POL000432,Liam Silva,liam.silva432@example.com,M93 7EJ,Travel,Leeds,1483.03,False,3
POL000433,Liam Kowalski,liam.kowalski433@example.com,G21 3FN,Home,Glasgow,2066.05,True,72
POL000434,Liam Chen,liam.chen434@example.com,E4 4GJ,Home,Manchester,2709.15,False,78
POL000435,Hannah Garcia,hannah.garcia435@example.com,S2 5DL,Auto,Glasgow,3272.69,True,4
POL000436,Sofia Kowalski,sofia.kowalski436@example.com,G60 7BJ,Liability,Glasgow,4906.69,True,128
POL000437,Hannah Brown,hannah.brown437@example.com,E41 3DP,Liability,Cardiff,412.86,True,125
POL000438,Yuki Kowalski,yuki.kowalski438@example.com,L76 6GK,Liability,Manchester,1633.62,True,41
POL000439,Wei Brown,wei.brown439@example.com,G48 5HP,Auto,Liverpool,315.61,True,134
POL000440,Fatima Nguyen,fatima.nguyen440@example.com,A18 5FL,Liability,London,2322.62,False,68
POL000441,Yuki Brown,yuki.brown441@example.com,A95 3EJ,Travel,Liverpool,3067.5,False,151
POL000442,Yuki Ahmed,yuki.ahmed442@example.com,M37 6HJ,Health,Bristol,5286.84,True,26
POL000443,Mei Chen,mei.chen443@example.com,N35 4GJ,Travel,Glasgow,1658.6,True,8
POL000444,Liam Okafor,liam.okafor444@example.com,M14 4BN,Liability,Leeds,2847.67,True,100
POL000445,Ivan Smith,ivan.smith445@example.com,L92 3GL,Auto,Liverpool,7507.35,True,171
POL000446,Noah Rossi,noah.rossi446@example.com,S17 6BN,Home,Leeds,3720.78,True,149
POL000447,Mei Nguyen,mei.nguyen447@example.com,M86 7GN,Travel,Birmingham,5270.74,True,124
POL000448,James Silva,james.silva448@example.com,N28 2GN,Travel,Manchester,731.01,True,50
POL000449,Yuki Garcia,yuki.garcia449@example.com,N95 4DP,Liability,London,3326.05,True,161
POL000450,Aisha Khan,aisha.khan450@example.com,N84 8BQ,Liability,Liverpool,626.5,True,40
POL000451,Noah Okafor,noah.okafor451@example.com,G57 5GK,Health,Birmingham,2427.07,True,115
POL000452,Mohammed Rossi,mohammed.rossi452@example.com,B65 2GL,Health,Leeds,27.74,False,119
POL000453,Carlos Ahmed,carlos.ahmed453@example.com,E95 2HN,Travel,Manchester,1490.84,True,50
POL000454,Ivan Nguyen,ivan.nguyen454@example.com,A87 4BQ,Auto,Glasgow,6920.63,False,95
POL000455,Yuki Nguyen,yuki.nguyen455@example.com,G49 5AJ,Auto,Leeds,11385.31,True,160
POL000456,Liam Khan,liam.khan456@example.com,M77 8HN,Home,Birmingham,9146.16,True,69
POL000457,Fatima Ali,fatima.ali457@example.com,L29 8GL,Liability,Manchester,2274.92,False,61
POL000458,Sofia Khan,sofia.khan458@example.com,B13 3HN,Liability,Leeds,4854.44,False,99
POL000459,Mohammed Chen,mohammed.chen459@example.com,E37 6EK,Liability,London,1566.25,True,61
POL000460,Fatima Silva,fatima.silva460@example.com,G68 4AJ,Travel,Glasgow,5476.23,False,179
POL000461,Aisha Chen,aisha.chen461@example.com,A33 3HK,Liability,Liverpool,1823.95,True,150
POL000462,Olu Chen,olu.chen462@example.com,E59 6AN,Home,Liverpool,2689.91,True,118
POL000463,Hannah Ahmed,hannah.ahmed463@example.com,N17 6GN,Auto,Manchester,269.72,True,88
POL000464,Fatima Rossi,fatima.rossi464@example.com,N23 7FN,Liability,Cardiff,5320.43,True,93
POL000465,Aisha Andersson,aisha.andersson465@example.com,S42 1FK,Health,Birmingham,1534.18,True,69
POL000466,Carlos Andersson,carlos.andersson466@example.com,B46 7GL,Travel,London,2719.46,True,13
POL000467,Olu Silva,olu.silva467@example.com,M13 8BK,Liability,Leeds,5102.18,False,81
POL000468,Noah Ali,noah.ali468@example.com,G39 3DL,Liability,Birmingham,1740.68,True,13
POL000469,Mei Brown,mei.brown469@example.com,E95 1EL,Travel,Bristol,2670.57,False,69
POL000470,Noah Brown,noah.brown470@example.com,B89 3DK,Travel,Liverpool,2368.42,False,86
POL000471,Hannah Brown,hannah.brown471@example.com,B54 3EL,Travel,Leeds,1102.72,True,9
POL000472,Olu Smith,olu.smith472@example.com,E60 2DQ,Auto,Leeds,1072.91,True,134
POL000473,Priya Smith,priya.smith473@example.com,L59 8FL,Health,Birmingham,10224.63,True,10
POL000474,Noah Ali,noah.ali474@example.com,E36 8EN,Health,Bristol,4312.93,False,126
POL000475,Wei Chen,wei.chen475@example.com,S67 7GK,Health,Leeds,6812.51,True,46
POL000476,Aisha Nguyen,aisha.nguyen476@example.com,E78 7FQ,Home,Manchester,4028.85,True,89
POL000477,Liam Patel,liam.patel477@example.com,N65 2HK,Auto,Bristol,5530.18,True,12
POL000478,Mohammed Kowalski,mohammed.kowalski478@example.com,G59 5HL,Liability,Birmingham,929.89,False,100
POL000479,Carlos Silva,carlos.silva479@example.com,M74 8GP,Auto,London,1717.84,True,117
POL000480,Ivan Ali,ivan.ali480@example.com,M80 1EK,Home,London,447.85,True,10
POL000481,Aisha Tanaka,aisha.tanaka481@example.com,E40 1GP,Health,London,2416.35,True,136
POL000482,Mary Smith,mary.smith482@example.com,B95 5HK,Liability,Liverpool,2554.97,True,27
POL000483,Carlos Patel,carlos.patel483@example.com,G23 5EN,Travel,Manchester,4574.37,True,9
POL000484,Liam Nguyen,liam.nguyen484@example.com,L15 2HN,Travel,London,1923.51,True,80
POL000485,Fatima Kowalski,fatima.kowalski485@example.com,N87 7HJ,Auto,Cardiff,2406.06,True,19
POL000486,Priya Nguyen,priya.nguyen486@example.com,S88 5FL,Home,Glasgow,906.66,True,5
POL000487,Yuki Nguyen,yuki.nguyen487@example.com,A39 4GN,Home,Liverpool,2273.57,False,54
POL000488,James Khan,james.khan488@example.com,M14 5FK,Health,Liverpool,374.66,False,93
POL000489,Ivan Ahmed,ivan.ahmed489@example.com,A15 1BK,Home,London,633.77,False,103
POL000490,Fatima Chen,fatima.chen490@example.com,S72 6DN,Liability,Leeds,2563.52,False,42
POL000491,James Brown,james.brown491@example.com,S42 2GP,Travel,London,729.41,True,72
POL000492,Mei Ahmed,mei.ahmed492@example.com,B35 5DQ,Liability,London,467.92,False,67
POL000493,Wei Okafor,wei.okafor493@example.com,B98 8DN,Auto,Birmingham,2814.8,True,152
POL000494,Sofia Patel,sofia.patel494@example.com,A76 1HQ,Travel,Liverpool,2873.71,True,16
POL000495,Carlos Garcia,carlos.garcia495@example.com,G64 4HQ,Home,Manchester,1577.09,True,135
POL000496,Aisha Andersson,aisha.andersson496@example.com,E65 3GN,Liability,Cardiff,707.13,True,26
POL000497,Fatima Chen,fatima.chen497@example.com,A34 7EJ,Health,Glasgow,1861.97,True,101
POL000498,Mei Rossi,mei.rossi498@example.com,N69 2AK,Health,Bristol,1048.46,True,34
POL000499,Carlos Tanaka,carlos.tanaka499@example.com,N15 8FJ,Travel,Cardiff,1438.06,False,89
POL000500,Sofia Nguyen,sofia.nguyen500@example.com,S11 4DJ,Liability,Leeds,3090.36,False,64
POL000501,Aisha Tanaka,aisha.tanaka501@example.com,B11 8AJ,Auto,Birmingham,4292.45,True,179
POL000502,Carlos Chen,carlos.chen502@example.com,G90 3DQ,Home,Liverpool,2688.93,False,112
POL000503,Carlos Khan,carlos.khan503@example.com,G72 6EQ,Health,Cardiff,3178.72,True,11
POL000504,Priya Ahmed,priya.ahmed504@example.com,N88 5AP,Travel,Bristol,983.29,True,18
POL000505,Yuki Andersson,yuki.andersson505@example.com,S14 2HJ,Travel,Cardiff,2735.51,False,104
POL000506,Yuki Ahmed,yuki.ahmed506@example.com,S98 8BK,Liability,Liverpool,364.03,True,172
POL000507,Yuki Ali,yuki.ali507@example.com,L8 8GL,Travel,Manchester,1315.81,True,95
POL000508,Carlos Garcia,carlos.garcia508@example.com,S23 3GK,Liability,Manchester,1062.1,True,12
POL000509,Fatima Garcia,fatima.garcia509@example.com,A16 5FQ,Auto,Manchester,578.55,True,156
POL000510,Carlos Garcia,carlos.garcia510@example.com,S98 5EQ,Travel,Cardiff,5915.58,True,92
POL000511,Aisha Silva,aisha.silva511@example.com,E67 4GL,Auto,Leeds,4963.13,False,62
POL000512,Olu Kowalski,olu.kowalski512@example.com,S66 2EP,Auto,Bristol,1514.84,True,66
POL000513,Ivan Silva,ivan.silva513@example.com,E68 1HQ,Auto,Liverpool,9812.55,True,176
POL000514,Mei Brown,mei.brown514@example.com,A53 6BK,Liability,Glasgow,1070.33,False,174
POL000515,Mei Patel,mei.patel515@example.com,A94 8FJ,Liability,Birmingham,3517.96,True,40
POL000516,Aisha Garcia,aisha.garcia516@example.com,E85 7BJ,Home,Cardiff,1804.48,False,111
POL000517,Fatima Kowalski,fatima.kowalski517@example.com,S88 3GN,Liability,Leeds,789.64,True,45
POL000518,Mary Khan,mary.khan518@example.com,S15 3FK,Home,Manchester,3387.65,True,138
POL000519,Yuki Patel,yuki.patel519@example.com,L21 4HN,Health,Birmingham,1228.6,False,113
POL000520,Mei Ali,mei.ali520@example.com,G94 5HJ,Travel,Birmingham,894.26,True,3
POL000521,Mei Garcia,mei.garcia521@example.com,L73 3DN,Liability,Bristol,141.79,True,115
POL000522,Olu Chen,olu.chen522@example.com,L2 4HJ,Travel,Leeds,3231.41,True,121
POL000523,Priya Brown,priya.brown523@example.com,N19 6GJ,Auto,Leeds,2086.93,True,156
POL000524,Fatima Okafor,fatima.okafor524@example.com,S68 7DQ,Auto,Birmingham,2158.0,False,97
POL000525,Priya Rossi,priya.rossi525@example.com,M89 4BJ,Auto,Birmingham,2356.3,False,179
POL000526,Aisha Silva,aisha.silva526@example.com,A38 5FK,Health,London,4971.76,True,145
POL000527,Ivan Chen,ivan.chen527@example.com,N13 5EK,Health,Liverpool,5423.76,True,85
POL000528,Liam Smith,liam.smith528@example.com,N21 8AN,Auto,London,7510.7,True,165
POL000529,James Tanaka,james.tanaka529@example.com,N93 6AN,Health,London,2851.32,True,108
POL000530,Priya Smith,priya.smith530@example.com,M19 4HJ,Home,Liverpool,4105.99,False,73
POL000531,Hannah Rossi,hannah.rossi531@example.com,N29 4FL,Liability,London,311.8,True,157
POL000532,Mary Okafor,mary.okafor532@example.com,L82 7BN,Travel,Birmingham,8060.51,True,96
POL000533,Wei Smith,wei.smith533@example.com,L76 2GK,Health,Liverpool,1660.58,True,166
POL000534,Fatima Patel,fatima.patel534@example.com,N80 3EP,Auto,Birmingham,7378.98,False,24
POL000535,Mei Brown,mei.brown535@example.com,B1 7FK,Home,Cardiff,2346.39,True,42
POL000536,Priya Andersson,priya.andersson536@example.com,G67 5BK,Liability,Leeds,1333.12,True,104
POL000537,Aisha Kowalski,aisha.kowalski537@example.com,B24 3HN,Liability,Manchester,560.13,True,127
POL000538,Fatima Khan,fatima.khan538@example.com,L87 5AQ,Health,London,942.7,False,161
POL000539,Mary Rossi,mary.rossi539@example.com,L9 6BP,Liability,Manchester,2787.57,True,153
POL000540,Carlos Ahmed,carlos.ahmed540@example.com,G9 6HN,Liability,Glasgow,2419.23,True,34
POL000541,James Nguyen,james.nguyen541@example.com,A9 5AN,Home,Bristol,3013.81,True,41
POL000542,Priya Smith,priya.smith542@example.com,M94 4BN,Health,Glasgow,1577.69,True,27
POL000543,Mohammed Kowalski,mohammed.kowalski543@example.com,E62 7HK,Home,Glasgow,7025.92,True,19
POL000544,Mohammed Nguyen,mohammed.nguyen544@example.com,G32 3AN,Travel,Bristol,2662.83,True,118
POL000545,Carlos Kowalski,carlos.kowalski545@example.com,G4 5DP,Travel,Glasgow,2026.57,True,79
POL000546,Ivan Khan,ivan.khan546@example.com,B27 7GJ,Health,Leeds,1565.28,True,117
POL000547,Fatima Kowalski,fatima.kowalski547@example.com,L86 3BL,Health,Cardiff,4065.73,False,77
POL000548,Fatima Kowalski,fatima.kowalski548@example.com,A69 2HP,Home,Manchester,2876.95,True,96
POL000549,James Brown,james.brown549@example.com,N49 6AN,Home,Glasgow,1437.7,True,18
POL000550,Mohammed Nguyen,mohammed.nguyen550@example.com,A61 8EJ,Home,Birmingham,3315.23,True,153
POL000551,Aisha Chen,aisha.chen551@example.com,G10 5FJ,Travel,Glasgow,1919.42,True,5
POL000552,Noah Silva,noah.silva552@example.com,L16 7BK,Home,London,3409.05,True,20
POL000553,Mohammed Nguyen,mohammed.nguyen553@example.com,N66 6EQ,Home,London,7576.58,False,22
POL000554,Wei Silva,wei.silva554@example.com,A15 4FN,Liability,Leeds,2332.54,False,11
POL000555,Wei Ahmed,wei.ahmed555@example.com,L91 2DQ,Health,Leeds,3501.33,True,87
POL000556,Fatima Kowalski,fatima.kowalski556@example.com,G67 5AQ,Auto,Bristol,3102.8,True,93
POL000557,Mary Okafor,mary.okafor557@example.com,L94 6FN,Auto,Liverpool,5783.61,False,177
POL000558,Olu Ali,olu.ali558@example.com,A34 8GL,Travel,Birmingham,1620.1,True,128
POL000559,Noah Silva,noah.silva559@example.com,A28 5FQ,Home,Manchester,12100.68,False,79
POL000560,Hannah Kowalski,hannah.kowalski560@example.com,G79 8DP,Travel,Cardiff,6669.47,True,95
POL000561,Priya Brown,priya.brown561@example.com,G56 5FN,Home,Birmingham,930.33,True,162
POL000562,Hannah Chen,hannah.chen562@example.com,N95 6AK,Liability,Cardiff,2802.86,True,108
POL000563,Fatima Brown,fatima.brown563@example.com,G92 1DQ,Health,London,6009.69,True,168
POL000564,Wei Brown,wei.brown564@example.com,L75 7HP,Auto,Cardiff,4249.84,True,130
POL000565,Fatima Garcia,fatima.garcia565@example.com,E61 1BQ,Auto,London,1605.06,True,82
POL000566,Priya Brown,priya.brown566@example.com,S36 3BJ,Auto,Leeds,1742.27,True,106
POL000567,Sofia Garcia,sofia.garcia567@example.com,L55 5FN,Home,Leeds,5878.44,True,48
POL000568,Mary Smith,mary.smith568@example.com,A12 5FK,Home,Birmingham,6195.18,True,22
POL000569,Yuki Garcia,yuki.garcia569@example.com,S20 2GP,Home,Birmingham,716.77,False,130
POL000570,Carlos Nguyen,carlos.nguyen570@example.com,M96 4AN,Liability,Liverpool,1876.32,True,33
POL000571,Aisha Silva,aisha.silva571@example.com,E71 5DJ,Liability,Leeds,4512.96,False,152
POL000572,James Garcia,james.garcia572@example.com,E19 5AJ,Liability,Glasgow,1624.55,True,92
POL000573,Mei Nguyen,mei.nguyen573@example.com,B68 1DK,Home,Bristol,2739.93,True,6
POL000574,Sofia Chen,sofia.chen574@example.com,B10 6BL,Home,Manchester,3000.68,False,57
POL000575,Ivan Khan,ivan.khan575@example.com,L74 8GP,Home,Manchester,2375.95,True,112
POL000576,Mohammed Garcia,mohammed.garcia576@example.com,M12 5DK,Home,Leeds,585.93,True,2
POL000577,Aisha Smith,aisha.smith577@example.com,B25 5DQ,Auto,London,2473.37,True,174
POL000578,Liam Nguyen,liam.nguyen578@example.com,G24 8BJ,Health,Cardiff,3166.45,False,90
POL000579,Hannah Rossi,hannah.rossi579@example.com,B33 5GJ,Travel,Cardiff,2622.04,True,135
POL000580,Mei Ahmed,mei.ahmed580@example.com,G3 6GK,Home,Leeds,4063.72,False,135
POL000581,James Patel,james.patel581@example.com,A4 4BK,Travel,Manchester,140.2,True,85
POL000582,Mei Patel,mei.patel582@example.com,A46 6BN,Travel,Leeds,271.12,False,44
POL000583,Aisha Khan,aisha.khan583@example.com,A19 7GP,Liability,Manchester,1602.96,False,89
POL000584,Olu Rossi,olu.rossi584@example.com,A41 6HL,Home,Leeds,2226.62,True,6
POL000585,Noah Khan,noah.khan585@example.com,A85 8DJ,Liability,London,765.48,True,18
POL000586,Mohammed Smith,mohammed.smith586@example.com,N72 6FN,Health,Bristol,5148.12,False,122
POL000587,James Ahmed,james.ahmed587@example.com,L39 6BJ,Liability,London,5104.6,False,162
POL000588,Olu Garcia,olu.garcia588@example.com,E76 7AK,Health,Bristol,6865.72,True,107
POL000589,Yuki Nguyen,yuki.nguyen589@example.com,S38 6HJ,Travel,Manchester,1776.44,False,105
POL000590,Carlos Tanaka,carlos.tanaka590@example.com,E93 6AN,Health,Birmingham,3169.95,True,89
POL000591,Sofia Rossi,sofia.rossi591@example.com,A6 5EJ,Health,Glasgow,727.03,True,124
POL000592,Fatima Brown,fatima.brown592@example.com,G32 4FQ,Liability,Liverpool,5443.27,False,179
POL000593,Olu Nguyen,olu.nguyen593@example.com,M26 4AN,Home,Leeds,5212.15,True,45
POL000594,Carlos Chen,carlos.chen594@example.com,A24 1EP,Home,Glasgow,2174.15,False,51
POL000595,Priya Tanaka,priya.tanaka595@example.com,E9 7EQ,Home,London,2491.61,False,110
POL000596,Ivan Silva,ivan.silva596@example.com,E36 3BK,Home,Bristol,6456.14,True,121
POL000597,Mohammed Ali,mohammed.ali597@example.com,E47 3FJ,Travel,Bristol,3165.88,False,166
POL000598,Priya Brown,priya.brown598@example.com,N85 8EQ,Health,Glasgow,1830.96,True,135
POL000599,Yuki Chen,yuki.chen599@example.com,A42 7AN,Auto,Bristol,1371.64,True,31
POL000600,Liam Nguyen,liam.nguyen600@example.com,M93 2BQ,Auto,Birmingham,1498.42,True,14
POL000601,Mohammed Brown,mohammed.brown601@example.com,L10 2DL,Health,Glasgow,2225.91,True,101
POL000602,Hannah Silva,hannah.silva602@example.com,E35 2EJ,Home,Birmingham,2475.27,False,91
POL000603,Mohammed Andersson,mohammed.andersson603@example.com,B42 2GL,Liability,Glasgow,1400.96,True,45
POL000604,Aisha Kowalski,aisha.kowalski604@example.com,A56 4BN,Health,Leeds,1264.55,True,137
POL000605,Liam Khan,liam.khan605@example.com,A3 5FK,Home,London,1615.47,True,45
POL000606,Mary Ahmed,mary.ahmed606@example.com,N90 1BQ,Health,Bristol,1429.3,True,112
POL000607,Mei Ahmed,mei.ahmed607@example.com,N85 3EN,Health,Manchester,2551.53,False,25
POL000608,Noah Ahmed,noah.ahmed608@example.com,S49 6HJ,Auto,Liverpool,1889.97,True,156
POL000609,Sofia Kowalski,sofia.kowalski609@example.com,E71 3AQ,Travel,Glasgow,3151.33,False,65
POL000610,Fatima Ahmed,fatima.ahmed610@example.com,A61 5AK,Home,London,2928.27,True,3
POL000611,Sofia Silva,sofia.silva611@example.com,E71 5EJ,Travel,Glasgow,1982.19,True,169
POL000612,Carlos Okafor,carlos.okafor612@example.com,A30 8DL,Auto,Glasgow,3410.52,True,11
POL000613,Carlos Chen,carlos.chen613@example.com,M93 5FJ,Home,Liverpool,604.65,True,173
POL000614,Mei Chen,mei.chen614@example.com,E41 4FL,Auto,Bristol,7223.31,False,171
POL000615,Ivan Rossi,ivan.rossi615@example.com,B62 2GQ,Home,Birmingham,4709.67,True,168
POL000616,Ivan Andersson,ivan.andersson616@example.com,A31 2EL,Travel,Glasgow,617.23,False,12
POL000617,Liam Silva,liam.silva617@example.com,A82 4GL,Travel,Bristol,1462.91,True,109
POL000618,Priya Brown,priya.brown618@example.com,S21 1BK,Travel,Glasgow,6796.62,True,167
POL000619,Noah Ahmed,noah.ahmed619@example.com,E29 6EP,Health,London,1041.29,True,109
POL000620,Carlos Smith,carlos.smith620@example.com,E18 1HN,Home,Birmingham,7986.01,False,151
POL000621,James Smith,james.smith621@example.com,M57 7DL,Home,Cardiff,1961.12,True,50
POL000622,Noah Patel,noah.patel622@example.com,E57 7FN,Home,Liverpool,2472.22,True,29
POL000623,Carlos Garcia,carlos.garcia623@example.com,E55 2BP,Home,Leeds,5457.71,False,151
POL000624,Wei Ali,wei.ali624@example.com,G46 3EN,Home,Manchester,793.52,True,89
POL000625,Noah Rossi,noah.rossi625@example.com,M2 5FQ,Home,Leeds,3621.85,True,60
POL000626,Sofia Nguyen,sofia.nguyen626@example.com,N39 7AQ,Health,Manchester,2405.16,True,95
POL000627,Liam Kowalski,liam.kowalski627@example.com,S79 1HJ,Home,London,2450.45,True,169
POL000628,Mary Ali,mary.ali628@example.com,B19 8FK,Liability,Cardiff,904.66,False,1
POL000629,Fatima Andersson,fatima.andersson629@example.com,B12 2AL,Liability,Bristol,1934.32,True,151
POL000630,Liam Andersson,liam.andersson630@example.com,N32 8HQ,Travel,Liverpool,2239.56,True,109
POL000631,Fatima Ahmed,fatima.ahmed631@example.com,S75 5BQ,Health,Cardiff,1976.97,True,15
POL000632,Wei Nguyen,wei.nguyen632@example.com,A83 2FL,Home,Glasgow,2598.29,True,62
POL000633,Aisha Kowalski,aisha.kowalski633@example.com,M58 4HK,Auto,Bristol,2677.91,False,73
POL000634,Ivan Rossi,ivan.rossi634@example.com,N17 8BJ,Home,Birmingham,4633.37,True,38
POL000635,Aisha Patel,aisha.patel635@example.com,S34 1DP,Health,Glasgow,1891.19,True,131
POL000636,Mei Chen,mei.chen636@example.com,G23 4BP,Health,Manchester,1777.82,True,130
POL000637,James Okafor,james.okafor637@example.com,N78 1DK,Auto,London,4835.51,True,58
POL000638,Yuki Garcia,yuki.garcia638@example.com,G14 7AQ,Liability,London,949.79,False,70
POL000639,Olu Chen,olu.chen639@example.com,G97 4GP,Travel,Manchester,1542.54,True,163
POL000640,Priya Ahmed,priya.ahmed640@example.com,A80 7DK,Home,Bristol,716.22,True,104
POL000641,James Silva,james.silva641@example.com,S43 5HJ,Home,Bristol,2804.37,True,15
POL000642,Wei Ali,wei.ali642@example.com,S53 1AN,Travel,Manchester,1979.77,True,109
POL000643,James Nguyen,james.nguyen643@example.com,G11 4AK,Home,Manchester,1904.0,True,167
POL000644,Wei Ahmed,wei.ahmed644@example.com,L38 5GJ,Home,Cardiff,1161.85,False,146
POL000645,Priya Silva,priya.silva645@example.com,M67 3GN,Home,London,8703.78,True,123
POL000646,Mei Andersson,mei.andersson646@example.com,S41 3BL,Travel,Bristol,5001.8,True,143
POL000647,Aisha Chen,aisha.chen647@example.com,B1 6GJ,Liability,London,464.96,True,25
POL000648,Mary Kowalski,mary.kowalski648@example.com,M42 2HQ,Auto,Manchester,2220.63,True,21
POL000649,Carlos Nguyen,carlos.nguyen649@example.com,S28 7HK,Travel,Manchester,749.82,True,93
POL000650,Noah Tanaka,noah.tanaka650@example.com,E81 1BN,Liability,Glasgow,5289.76,True,106
POL000651,Priya Brown,priya.brown651@example.com,M65 3EL,Auto,Bristol,2789.29,True,160
POL000652,James Ali,james.ali652@example.com,G84 2FN,Liability,Cardiff,743.45,True,21
POL000653,Priya Ahmed,priya.ahmed653@example.com,N68 2FJ,Health,Leeds,5938.1,True,52
POL000654,Noah Rossi,noah.rossi654@example.com,E81 8BP,Travel,London,4856.78,True,32
POL000655,Mei Ali,mei.ali655@example.com,S85 5BN,Home,London,7276.9,True,140
POL000656,Mary Kowalski,mary.kowalski656@example.com,E35 5AL,Auto,London,2818.69,True,42
POL000657,Yuki Khan,yuki.khan657@example.com,G82 6FP,Home,Liverpool,5749.43,False,136
POL000658,Fatima Khan,fatima.khan658@example.com,B62 5EN,Travel,Manchester,383.17,False,31
POL000659,Yuki Smith,yuki.smith659@example.com,M73 4GL,Auto,Birmingham,2024.43,False,127
POL000660,Carlos Nguyen,carlos.nguyen660@example.com,S45 3DP,Liability,Cardiff,7296.38,True,13
POL000661,Priya Rossi,priya.rossi661@example.com,G24 2FP,Home,London,5718.56,True,60
POL000662,Wei Smith,wei.smith662@example.com,G45 6DP,Health,London,2181.47,False,124
POL000663,Priya Rossi,priya.rossi663@example.com,B68 1EP,Travel,London,8245.53,True,7
POL000664,Liam Patel,liam.patel664@example.com,G19 6BJ,Travel,Glasgow,2204.09,True,27
POL000665,Mohammed Silva,mohammed.silva665@example.com,M5 6BJ,Travel,Liverpool,3733.89,False,81
POL000666,Noah Andersson,noah.andersson666@example.com,G83 8BN,Liability,Manchester,2354.82,True,89
POL000667,James Rossi,james.rossi667@example.com,L14 3EK,Home,Leeds,6570.83,True,66
POL000668,Aisha Silva,aisha.silva668@example.com,M97 8FL,Health,Leeds,3037.85,True,152
POL000669,Fatima Okafor,fatima.okafor669@example.com,B76 2BK,Travel,Manchester,3190.8,True,139
POL000670,Sofia Patel,sofia.patel670@example.com,M48 3BK,Auto,Birmingham,4124.01,True,28
POL000671,Hannah Andersson,hannah.andersson671@example.com,A21 3HP,Home,London,44.59,True,32
POL000672,Fatima Khan,fatima.khan672@example.com,N57 2GQ,Liability,London,3653.59,True,175
POL000673,Noah Kowalski,noah.kowalski673@example.com,N58 4AL,Home,Manchester,1426.67,True,164
POL000674,Mohammed Chen,mohammed.chen674@example.com,N30 7GN,Liability,Cardiff,1944.73,False,172
POL000675,Hannah Kowalski,hannah.kowalski675@example.com,L75 2BN,Liability,Cardiff,7192.95,True,56
POL000676,Fatima Smith,fatima.smith676@example.com,B59 5GQ,Auto,Manchester,3278.61,True,124
POL000677,Yuki Ali,yuki.ali677@example.com,G52 5GL,Home,Birmingham,2009.09,True,37
POL000678,Sofia Tanaka,sofia.tanaka678@example.com,A24 8DK,Auto,Glasgow,3943.76,True,78
POL000679,Yuki Silva,yuki.silva679@example.com,B41 5HK,Health,Leeds,2561.62,True,148
POL000680,Carlos Ali,carlos.ali680@example.com,S21 1EP,Travel,London,1338.03,True,24
POL000681,Mei Silva,mei.silva681@example.com,S2 1HJ,Travel,Liverpool,5053.28,False,137
POL000682,Wei Okafor,wei.okafor682@example.com,A44 7DP,Home,London,1365.93,True,102
POL000683,James Okafor,james.okafor683@example.com,E9 4GL,Auto,Liverpool,3444.41,True,107
POL000684,Fatima Kowalski,fatima.kowalski684@example.com,A30 7AK,Liability,Birmingham,7000.49,False,176
POL000685,Mohammed Brown,mohammed.brown685@example.com,M61 2BL,Health,Cardiff,2410.66,False,92
POL000686,Aisha Tanaka,aisha.tanaka686@example.com,B74 8EN,Home,Liverpool,2099.96,True,119
POL000687,Fatima Nguyen,fatima.nguyen687@example.com,B74 1GN,Health,Leeds,2272.96,True,66
POL000688,Hannah Andersson,hannah.andersson688@example.com,G34 6DJ,Home,Bristol,1187.07,True,175
POL000689,Sofia Ali,sofia.ali689@example.com,G60 7FJ,Home,Cardiff,3488.5,False,41
POL000690,Mary Andersson,mary.andersson690@example.com,A7 4BQ,Auto,Liverpool,2970.03,True,55
POL000691,Wei Andersson,wei.andersson691@example.com,L2 4BQ,Travel,Bristol,3997.88,True,53
POL000692,Aisha Okafor,aisha.okafor692@example.com,L56 8AJ,Health,Cardiff,1554.84,False,107
POL000693,Fatima Khan,fatima.khan693@example.com,E28 2GL,Liability,Bristol,5080.61,False,115
POL000694,Mohammed Andersson,mohammed.andersson694@example.com,S41 4AN,Home,Leeds,1861.77,False,18
POL000695,Mary Patel,mary.patel695@example.com,A80 5EQ,Health,Liverpool,1783.33,True,136
POL000696,Olu Ahmed,olu.ahmed696@example.com,S57 8HP,Health,Bristol,1757.52,True,12
POL000697,Wei Garcia,wei.garcia697@example.com,L58 1HQ,Liability,Birmingham,1479.82,False,158
POL000698,Mei Ali,mei.ali698@example.com,B48 4EN,Auto,Glasgow,1002.35,False,57
POL000699,Mei Garcia,mei.garcia699@example.com,A85 7HN,Home,Manchester,2047.16,False,150
POL000700,Carlos Smith,carlos.smith700@example.com,N7 7AJ,Home,Glasgow,2964.87,False,66
POL000701,Priya Ali,priya.ali701@example.com,L77 8GJ,Travel,Leeds,2386.85,False,44
POL000702,Yuki Okafor,yuki.okafor702@example.com,E41 6DK,Auto,Manchester,3279.13,True,142
POL000703,Carlos Chen,carlos.chen703@example.com,B13 8EJ,Liability,Glasgow,1839.17,True,174
POL000704,Yuki Garcia,yuki.garcia704@example.com,G39 5GQ,Travel,Glasgow,3766.22,True,146
POL000705,James Chen,james.chen705@example.com,N49 4AP,Health,London,1919.13,False,129
POL000706,Olu Nguyen,olu.nguyen706@example.com,A84 8GK,Home,London,2490.88,False,59
POL000707,Wei Andersson,wei.andersson707@example.com,A45 6HK,Travel,Manchester,4373.48,True,90
POL000708,Mohammed Smith,mohammed.smith708@example.com,M29 5FQ,Health,Leeds,1430.49,False,35
POL000709,Olu Garcia,olu.garcia709@example.com,E76 3GQ,Liability,Cardiff,1528.03,False,157
POL000710,Ivan Tanaka,ivan.tanaka710@example.com,N76 7AP,Liability,London,1443.58,True,114
POL000711,Wei Andersson,wei.andersson711@example.com,M47 4FJ,Health,Glasgow,1429.01,True,69
POL000712,Mary Ahmed,mary.ahmed712@example.com,B40 1FQ,Liability,Glasgow,7689.01,False,117
POL000713,Wei Chen,wei.chen713@example.com,N27 4HK,Home,Cardiff,3141.35,True,138
POL000714,Mohammed Tanaka,mohammed.tanaka714@example.com,N8 4FK,Health,Bristol,2828.99,True,4
POL000715,Yuki Andersson,yuki.andersson715@example.com,E17 1BP,Travel,Manchester,2615.04,True,120
POL000716,Wei Okafor,wei.okafor716@example.com,N5 1AN,Health,Glasgow,3209.75,False,45
POL000717,Mary Tanaka,mary.tanaka717@example.com,L50 2DQ,Home,Cardiff,4080.44,False,138
POL000718,Hannah Khan,hannah.khan718@example.com,E45 4AQ,Health,Leeds,503.62,True,16
POL000719,Yuki Garcia,yuki.garcia719@example.com,N14 4BK,Travel,Manchester,1063.05,True,73
POL000720,Yuki Khan,yuki.khan720@example.com,A9 7HJ,Liability,Manchester,3146.03,False,147
POL000721,Mary Garcia,mary.garcia721@example.com,S58 6GL,Health,Glasgow,2280.45,True,12
POL000722,Noah Smith,noah.smith722@example.com,B14 2HJ,Home,Leeds,5573.9,False,134
POL000723,Aisha Smith,aisha.smith723@example.com,B12 7FK,Home,Birmingham,4846.55,False,34
POL000724,Yuki Smith,yuki.smith724@example.com,A93 4AN,Home,Cardiff,2574.18,True,139
POL000725,Aisha Tanaka,aisha.tanaka725@example.com,A91 6AK,Auto,Birmingham,1172.81,True,131
POL000726,Ivan Nguyen,ivan.nguyen726@example.com,L89 7AK,Travel,Birmingham,3604.04,False,157
POL000727,Fatima Brown,fatima.brown727@example.com,B64 4GQ,Home,Birmingham,5168.6,False,66
POL000728,Fatima Silva,fatima.silva728@example.com,G17 2GL,Home,Bristol,497.61,False,174
POL000729,Carlos Garcia,carlos.garcia729@example.com,E70 7HJ,Liability,Leeds,3952.92,True,151
POL000730,Noah Kowalski,noah.kowalski730@example.com,M71 8DL,Liability,Birmingham,641.9,True,34
POL000731,Priya Patel,priya.patel731@example.com,B17 7BK,Auto,Birmingham,904.85,True,55
POL000732,Priya Garcia,priya.garcia732@example.com,S76 2GP,Travel,Cardiff,4323.75,False,170
POL000733,Priya Kowalski,priya.kowalski733@example.com,S95 2DL,Health,Cardiff,2919.59,True,9
POL000734,Mary Patel,mary.patel734@example.com,B47 6HJ,Home,Bristol,6030.89,True,130
POL000735,Priya Ali,priya.ali735@example.com,B30 7GK,Liability,London,3221.71,True,120
POL000736,Aisha Ali,aisha.ali736@example.com,B40 4BL,Home,London,10589.38,True,87
POL000737,Mei Patel,mei.patel737@example.com,E36 8AK,Health,Leeds,1426.93,False,45
POL000738,Mohammed Silva,mohammed.silva738@example.com,L50 6EK,Home,Bristol,793.97,False,144
POL000739,Fatima Nguyen,fatima.nguyen739@example.com,E6 7EP,Auto,Leeds,1558.96,False,151
POL000740,Hannah Brown,hannah.brown740@example.com,L70 6BJ,Auto,Liverpool,4822.57,True,12
POL000741,Liam Brown,liam.brown741@example.com,A66 5EQ,Home,Liverpool,4513.31,True,162
POL000742,Mary Patel,mary.patel742@example.com,L23 7AL,Health,Leeds,2369.87,False,35
POL000743,Mary Rossi,mary.rossi743@example.com,G90 4FQ,Travel,Glasgow,5442.78,False,47
POL000744,Carlos Patel,carlos.patel744@example.com,N70 7BP,Home,Liverpool,1870.2,True,168
POL000745,Carlos Smith,carlos.smith745@example.com,N92 6GP,Health,Birmingham,6923.24,True,35
POL000746,Ivan Ahmed,ivan.ahmed746@example.com,S85 4HQ,Home,Liverpool,2152.67,True,21
POL000747,Noah Garcia,noah.garcia747@example.com,S32 4AP,Auto,Liverpool,2671.07,True,70
POL000748,Noah Khan,noah.khan748@example.com,M78 6EK,Health,Leeds,3371.6,True,174
POL000749,Mary Rossi,mary.rossi749@example.com,S52 3DK,Liability,Liverpool,3405.24,False,106
POL000750,Mary Patel,mary.patel750@example.com,G4 1EN,Travel,Birmingham,3417.87,True,177
POL000751,Fatima Silva,fatima.silva751@example.com,G12 2BL,Health,Birmingham,5046.57,True,84
POL000752,Hannah Kowalski,hannah.kowalski752@example.com,N18 4AQ,Auto,Liverpool,3755.37,True,152
POL000753,Olu Nguyen,olu.nguyen753@example.com,G95 4EJ,Travel,Bristol,373.61,True,93
POL000754,Mary Garcia,mary.garcia754@example.com,A42 1HQ,Home,Manchester,1849.98,True,153
POL000755,Aisha Kowalski,aisha.kowalski755@example.com,B54 5GJ,Health,Bristol,659.0,True,127
POL000756,Mary Brown,mary.brown756@example.com,A7 3DP,Health,Glasgow,5579.46,False,176
POL000757,Noah Brown,noah.brown757@example.com,B57 4FQ,Health,Bristol,8592.79,False,112
POL000758,Yuki Khan,yuki.khan758@example.com,L56 6HN,Home,Cardiff,1718.9,False,56
POL000759,Olu Nguyen,olu.nguyen759@example.com,S63 6GN,Travel,Manchester,1263.13,True,152
POL000760,Mohammed Chen,mohammed.chen760@example.com,A24 8DL,Home,Glasgow,6569.24,True,158
POL000761,Wei Ali,wei.ali761@example.com,L44 2FP,Home,Cardiff,2929.95,False,25
POL000762,Aisha Smith,aisha.smith762@example.com,A19 3FQ,Home,Cardiff,1134.69,False,85
POL000763,Sofia Smith,sofia.smith763@example.com,M81 5EJ,Travel,Leeds,6547.4,True,113
POL000764,Ivan Rossi,ivan.rossi764@example.com,G77 5DP,Liability,Manchester,760.73,True,101
POL000765,Yuki Ali,yuki.ali765@example.com,A93 5HL,Auto,Leeds,5038.78,True,173
POL000766,Olu Smith,olu.smith766@example.com,A27 1DL,Auto,Manchester,6655.14,False,99
POL000767,Sofia Chen,sofia.chen767@example.com,M94 6BK,Auto,Liverpool,1711.25,True,140
POL000768,Olu Okafor,olu.okafor768@example.com,L58 7GK,Health,Manchester,2072.7,True,124
POL000769,Hannah Kowalski,hannah.kowalski769@example.com,N63 5FQ,Auto,Liverpool,1790.0,True,158
POL000770,Sofia Garcia,sofia.garcia770@example.com,E37 1BQ,Auto,Leeds,3945.94,False,68
POL000771,Fatima Okafor,fatima.okafor771@example.com,S59 3BQ,Auto,London,2699.97,False,113
POL000772,Sofia Smith,sofia.smith772@example.com,N96 7AK,Travel,Glasgow,1198.58,True,170
POL000773,Sofia Nguyen,sofia.nguyen773@example.com,A67 3BP,Auto,Cardiff,4821.59,False,151
POL000774,Priya Okafor,priya.okafor774@example.com,N98 7DL,Home,Leeds,1526.39,True,144
POL000775,Fatima Ahmed,fatima.ahmed775@example.com,E29 1HN,Travel,Manchester,775.92,False,165
POL000776,Priya Kowalski,priya.kowalski776@example.com,S18 6GP,Travel,Leeds,2581.06,True,32
POL000777,Mohammed Ahmed,mohammed.ahmed777@example.com,A11 5AQ,Liability,Leeds,2648.34,True,42
POL000778,Sofia Brown,sofia.brown778@example.com,G62 4EN,Health,Bristol,1109.0,True,170
POL000779,Wei Ali,wei.ali779@example.com,A69 1BK,Travel,Birmingham,6242.15,False,177
POL000780,Mary Ahmed,mary.ahmed780@example.com,L37 5BQ,Travel,Birmingham,3478.13,True,73
POL000781,Olu Ahmed,olu.ahmed781@example.com,A51 5BP,Health,Leeds,616.34,True,149
POL000782,Priya Chen,priya.chen782@example.com,M42 4AP,Liability,Cardiff,3029.07,False,30
POL000783,Wei Khan,wei.khan783@example.com,L9 6DK,Liability,Liverpool,2467.05,True,59
POL000784,Mohammed Ali,mohammed.ali784@example.com,S4 7AQ,Health,Manchester,2214.44,True,136
POL000785,Sofia Rossi,sofia.rossi785@example.com,E89 5HK,Health,Cardiff,1938.88,True,125
POL000786,Mohammed Khan,mohammed.khan786@example.com,A18 4EQ,Liability,Manchester,3346.58,True,62
POL000787,Liam Kowalski,liam.kowalski787@example.com,A74 7HQ,Liability,Manchester,1622.41,True,140
POL000788,Liam Chen,liam.chen788@example.com,S77 5AK,Home,Bristol,6298.15,True,129
POL000789,Ivan Patel,ivan.patel789@example.com,B51 5HK,Health,Leeds,518.03,True,155
POL000790,Liam Brown,liam.brown790@example.com,E56 7EQ,Health,Glasgow,2723.78,False,105
POL000791,Priya Khan,priya.khan791@example.com,L13 1DN,Auto,Birmingham,2480.89,True,8
POL000792,Hannah Khan,hannah.khan792@example.com,S65 1EQ,Liability,London,2712.33,True,58
POL000793,Noah Andersson,noah.andersson793@example.com,E60 5DK,Health,Leeds,2067.24,False,153
POL000794,Mohammed Tanaka,mohammed.tanaka794@example.com,B52 2BK,Home,Liverpool,2625.17,True,124
POL000795,Hannah Nguyen,hannah.nguyen795@example.com,L91 3AQ,Liability,Leeds,5009.94,True,53
POL000796,Liam Brown,liam.brown796@example.com,A55 2FL,Auto,Cardiff,458.79,True,146
POL000797,Yuki Ali,yuki.ali797@example.com,E18 2FK,Travel,London,3572.23,False,107
POL000798,Noah Silva,noah.silva798@example.com,N90 1FP,Home,Birmingham,1389.0,False,120
POL000799,James Andersson,james.andersson799@example.com,L70 3EK,Travel,London,1341.34,False,106
POL000800,Olu Silva,olu.silva800@example.com,N84 2EK,Liability,Liverpool,5926.06,True,150
POL000801,Liam Brown,liam.brown801@example.com,E74 7FP,Liability,Birmingham,3612.56,True,122
POL000802,Aisha Chen,aisha.chen802@example.com,M77 1BJ,Auto,Birmingham,2474.88,True,84
POL000803,Yuki Rossi,yuki.rossi803@example.com,S4 3FP,Health,Birmingham,898.81,True,38
POL000804,Aisha Tanaka,aisha.tanaka804@example.com,A18 8DK,Home,London,1948.03,False,87
POL000805,Noah Patel,noah.patel805@example.com,A91 7BN,Travel,Cardiff,2202.18,True,92
POL000806,Aisha Khan,aisha.khan806@example.com,E14 6BJ,Liability,Leeds,3931.56,True,25
POL000807,Mohammed Khan,mohammed.khan807@example.com,G10 6AN,Liability,Liverpool,2025.48,False,164
POL000808,Olu Nguyen,olu.nguyen808@example.com,E23 2EJ,Travel,Liverpool,2567.22,True,130
POL000809,Hannah Okafor,hannah.okafor809@example.com,G95 5AP,Liability,Leeds,1749.9,True,169
POL000810,Sofia Silva,sofia.silva810@example.com,E96 1GL,Travel,Bristol,2534.46,False,70
POL000811,Carlos Garcia,carlos.garcia811@example.com,N47 4GQ,Health,Birmingham,2266.64,True,33
POL000812,Sofia Kowalski,sofia.kowalski812@example.com,B4 6HQ,Health,London,1700.89,True,125
POL000813,Yuki Khan,yuki.khan813@example.com,E32 1FL,Auto,Bristol,2148.87,False,148
POL000814,Carlos Okafor,carlos.okafor814@example.com,B58 6EQ,Home,Cardiff,8740.24,True,133
POL000815,Yuki Nguyen,yuki.nguyen815@example.com,G83 7HJ,Auto,London,2335.22,True,102
POL000816,Priya Andersson,priya.andersson816@example.com,M34 2HQ,Home,Bristol,2233.95,True,16
POL000817,Carlos Smith,carlos.smith817@example.com,S6 3BP,Auto,Birmingham,624.69,False,109
POL000818,Yuki Garcia,yuki.garcia818@example.com,M8 6HJ,Travel,Cardiff,4720.39,True,69
POL000819,Mei Garcia,mei.garcia819@example.com,L20 8GL,Travel,Liverpool,1153.61,True,156
POL000820,Mei Okafor,mei.okafor820@example.com,N55 3BL,Home,Manchester,811.79,True,68
POL000821,James Kowalski,james.kowalski821@example.com,E35 8BK,Auto,Manchester,275.91,True,94
POL000822,Ivan Silva,ivan.silva822@example.com,A72 3HN,Travel,Cardiff,506.39,True,98
POL000823,Mei Khan,mei.khan823@example.com,E51 1FP,Health,Glasgow,2296.03,False,61
POL000824,Mohammed Nguyen,mohammed.nguyen824@example.com,N70 8BQ,Auto,Manchester,6521.33,True,99
POL000825,Mary Nguyen,mary.nguyen825@example.com,L13 8GQ,Auto,Leeds,1551.52,True,43
POL000826,James Kowalski,james.kowalski826@example.com,B57 2BL,Health,Leeds,2657.73,True,121
POL000827,Liam Ali,liam.ali827@example.com,G85 2BQ,Home,Liverpool,1169.61,True,74
POL000828,Liam Ali,liam.ali828@example.com,E61 4BQ,Health,London,460.18,True,27
POL000829,Liam Ali,liam.ali829@example.com,B21 7DN,Liability,Bristol,396.37,True,147
POL000830,Hannah Kowalski,hannah.kowalski830@example.com,E67 3HN,Health,Manchester,3202.99,False,85
POL000831,Priya Rossi,priya.rossi831@example.com,A6 3FP,Home,Cardiff,3920.27,True,91
POL000832,Hannah Nguyen,hannah.nguyen832@example.com,B22 4EL,Home,London,3149.52,True,71
POL000833,Sofia Ahmed,sofia.ahmed833@example.com,E14 5BN,Health,Leeds,6245.57,True,44
POL000834,Olu Chen,olu.chen834@example.com,S51 5AP,Travel,Cardiff,5705.99,True,7
POL000835,Olu Kowalski,olu.kowalski835@example.com,E81 2FQ,Health,Manchester,2950.7,True,13
POL000836,James Kowalski,james.kowalski836@example.com,S22 1DQ,Health,Liverpool,5040.92,False,142
POL000837,Aisha Smith,aisha.smith837@example.com,S82 3DN,Home,London,4668.67,False,174
POL000838,Olu Chen,olu.chen838@example.com,B25 6AN,Liability,Glasgow,1040.04,False,162
POL000839,Fatima Rossi,fatima.rossi839@example.com,G60 3EN,Travel,Birmingham,46.92,True,133
POL000840,Aisha Chen,aisha.chen840@example.com,B79 4DK,Liability,Manchester,5246.85,False,32
POL000841,Fatima Patel,fatima.patel841@example.com,N38 3GL,Travel,Manchester,1468.28,True,106
POL000842,Yuki Ali,yuki.ali842@example.com,B66 6BL,Travel,Liverpool,1762.44,True,53
POL000843,Carlos Ahmed,carlos.ahmed843@example.com,A42 1FQ,Home,Glasgow,617.17,False,20
POL000844,Ivan Garcia,ivan.garcia844@example.com,L91 2HP,Auto,Leeds,4184.7,True,178
POL000845,Wei Ali,wei.ali845@example.com,G22 5FK,Liability,Glasgow,2107.92,True,30
POL000846,Priya Chen,priya.chen846@example.com,A46 7EJ,Auto,London,3809.5,True,51
POL000847,Carlos Garcia,carlos.garcia847@example.com,M45 1EN,Auto,Manchester,504.49,True,7
POL000848,Mohammed Smith,mohammed.smith848@example.com,G94 6FP,Health,Birmingham,1241.16,True,4
POL000849,Carlos Kowalski,carlos.kowalski849@example.com,B12 1EJ,Liability,Cardiff,715.67,True,50
POL000850,Aisha Nguyen,aisha.nguyen850@example.com,L64 5EQ,Health,Glasgow,531.7,False,43
POL000851,Noah Ali,noah.ali851@example.com,S55 8HP,Travel,Glasgow,4559.02,True,41
POL000852,Aisha Chen,aisha.chen852@example.com,N34 8AJ,Auto,Glasgow,65.73,True,12
POL000853,Mary Patel,mary.patel853@example.com,S19 7EQ,Health,Liverpool,1621.21,True,162
POL000854,Yuki Smith,yuki.smith854@example.com,B22 1FL,Travel,Birmingham,822.87,True,40
POL000855,Liam Tanaka,liam.tanaka855@example.com,B69 8EQ,Travel,Cardiff,2050.67,False,111
POL000856,Wei Tanaka,wei.tanaka856@example.com,G44 3FN,Home,London,2911.61,False,13
POL000857,Mary Okafor,mary.okafor857@example.com,E76 7AL,Liability,Birmingham,1551.97,False,19
POL000858,Noah Brown,noah.brown858@example.com,L62 6HN,Health,London,2047.16,True,179
POL000859,Mohammed Patel,mohammed.patel859@example.com,M30 1GK,Auto,London,2969.37,True,42
POL000860,Olu Rossi,olu.rossi860@example.com,B9 6FQ,Liability,Glasgow,2453.95,True,84
POL000861,Priya Ahmed,priya.ahmed861@example.com,G80 3HN,Liability,Cardiff,1085.72,True,58
POL000862,Priya Andersson,priya.andersson862@example.com,S32 8GP,Home,Bristol,5371.71,False,94
POL000863,Fatima Patel,fatima.patel863@example.com,A67 8HQ,Travel,Birmingham,5286.62,True,28
POL000864,Mohammed Silva,mohammed.silva864@example.com,G14 6HN,Travel,Birmingham,5234.29,False,6
POL000865,Sofia Tanaka,sofia.tanaka865@example.com,M56 3BP,Travel,London,3049.14,True,115
POL000866,Ivan Ahmed,ivan.ahmed866@example.com,L54 4FK,Health,Cardiff,1315.54,True,177
POL000867,Olu Silva,olu.silva867@example.com,L7 7HJ,Home,Leeds,1694.0,False,151
POL000868,Sofia Andersson,sofia.andersson868@example.com,B82 8FL,Home,London,4061.82,True,3
POL000869,Sofia Ali,sofia.ali869@example.com,N87 8GK,Travel,Liverpool,550.35,False,23
POL000870,Yuki Chen,yuki.chen870@example.com,B47 1FN,Health,Leeds,2064.38,False,20
POL000871,Yuki Brown,yuki.brown871@example.com,G36 6DK,Travel,Cardiff,3271.56,True,80
POL000872,Sofia Ali,sofia.ali872@example.com,E20 3AN,Auto,Leeds,597.73,False,71
POL000873,Mohammed Silva,mohammed.silva873@example.com,G60 7GQ,Auto,Manchester,3206.49,True,53
POL000874,Priya Kowalski,priya.kowalski874@example.com,S36 7HK,Travel,Leeds,276.32,True,64
POL000875,Liam Garcia,liam.garcia875@example.com,A27 4HP,Home,Liverpool,2588.29,True,38
POL000876,Ivan Rossi,ivan.rossi876@example.com,M35 8DQ,Auto,London,3524.31,True,109
POL000877,James Patel,james.patel877@example.com,M14 1HP,Home,London,4895.66,True,88
POL000878,Fatima Brown,fatima.brown878@example.com,L89 2BK,Travel,Cardiff,4785.36,True,3
POL000879,Hannah Kowalski,hannah.kowalski879@example.com,N29 1BJ,Travel,Liverpool,2169.0,True,21
POL000880,Priya Khan,priya.khan880@example.com,E54 2GL,Auto,Glasgow,1686.56,True,66
POL000881,Liam Smith,liam.smith881@example.com,M59 2DN,Liability,Manchester,466.08,False,170
POL000882,Mohammed Ahmed,mohammed.ahmed882@example.com,B23 3GL,Travel,Cardiff,1593.54,True,139
POL000883,Yuki Khan,yuki.khan883@example.com,N45 5GQ,Auto,Birmingham,11013.05,True,40
POL000884,Yuki Brown,yuki.brown884@example.com,N34 4HJ,Travel,Bristol,257.6,False,159
POL000885,Mohammed Chen,mohammed.chen885@example.com,B37 8AP,Auto,London,4722.57,True,76
POL000886,Olu Nguyen,olu.nguyen886@example.com,S73 7DP,Travel,Birmingham,3178.45,True,164
POL000887,Ivan Okafor,ivan.okafor887@example.com,S22 8BQ,Auto,Glasgow,3292.2,False,128
POL000888,Fatima Ali,fatima.ali888@example.com,G32 4EK,Auto,Bristol,1547.69,True,177
POL000889,Ivan Rossi,ivan.rossi889@example.com,B70 1GL,Auto,Cardiff,770.29,True,179
POL000890,Mohammed Andersson,mohammed.andersson890@example.com,S98 2EK,Home,Glasgow,1916.28,True,152
POL000891,Carlos Khan,carlos.khan891@example.com,E34 1BP,Travel,London,1669.54,True,92
POL000892,Mei Silva,mei.silva892@example.com,E42 7BP,Auto,Glasgow,264.89,True,93
POL000893,Mei Brown,mei.brown893@example.com,A41 1DQ,Travel,Bristol,5402.5,True,152
POL000894,Mohammed Kowalski,mohammed.kowalski894@example.com,G53 1GJ,Home,Glasgow,1415.58,False,125
POL000895,Hannah Tanaka,hannah.tanaka895@example.com,G91 6HQ,Liability,London,2717.71,True,66
POL000896,Sofia Garcia,sofia.garcia896@example.com,N96 6DJ,Auto,Leeds,1082.23,False,104
POL000897,Sofia Andersson,sofia.andersson897@example.com,N32 8AL,Home,Liverpool,2226.0,True,60
POL000898,James Silva,james.silva898@example.com,A70 3BN,Health,Leeds,1841.09,True,76
POL000899,James Ali,james.ali899@example.com,S35 5BK,Health,Glasgow,369.18,False,160
POL000900,Olu Nguyen,olu.nguyen900@example.com,B43 8AL,Travel,London,7030.23,False,40
POL000901,Wei Patel,wei.patel901@example.com,E24 4AP,Health,Cardiff,298.83,False,176
POL000902,Hannah Tanaka,hannah.tanaka902@example.com,S35 7HN,Auto,London,6026.13,False,162
POL000903,Priya Khan,priya.khan903@example.com,E67 3EK,Liability,Birmingham,3404.49,True,109
POL000904,Ivan Nguyen,ivan.nguyen904@example.com,G17 7BN,Liability,Birmingham,2533.42,True,61
POL000905,Aisha Okafor,aisha.okafor905@example.com,L31 1FN,Liability,Glasgow,3137.42,True,179
POL000906,Carlos Rossi,carlos.rossi906@example.com,L26 4FK,Auto,Bristol,2873.42,True,101
POL000907,Wei Patel,wei.patel907@example.com,S95 6EN,Liability,London,3259.16,True,95
POL000908,Mohammed Brown,mohammed.brown908@example.com,S82 2FN,Travel,Leeds,2863.43,False,143
POL000909,Yuki Chen,yuki.chen909@example.com,S16 8AL,Auto,Bristol,1545.77,False,139
POL000910,Mary Ahmed,mary.ahmed910@example.com,A81 4AN,Health,Birmingham,1377.77,True,145
POL000911,Hannah Brown,hannah.brown911@example.com,N26 4FK,Health,London,3907.78,False,158
POL000912,Hannah Tanaka,hannah.tanaka912@example.com,M65 1BP,Liability,Birmingham,7452.25,True,83
POL000913,Mohammed Khan,mohammed.khan913@example.com,N68 5GN,Home,Liverpool,2008.92,True,59
POL000914,Fatima Ahmed,fatima.ahmed914@example.com,A20 4DN,Travel,Cardiff,3524.47,True,108
POL000915,Aisha Tanaka,aisha.tanaka915@example.com,A45 8HL,Travel,Birmingham,5303.42,True,48
POL000916,Mohammed Silva,mohammed.silva916@example.com,L73 8FJ,Auto,London,952.34,True,70
POL000917,Sofia Andersson,sofia.andersson917@example.com,M33 3EL,Health,Cardiff,5871.6,False,47
POL000918,Hannah Khan,hannah.khan918@example.com,S36 3EQ,Travel,Birmingham,2130.02,True,15
POL000919,Aisha Chen,aisha.chen919@example.com,M46 6AL,Auto,Bristol,2696.28,True,52
POL000920,Priya Silva,priya.silva920@example.com,S44 1GN,Home,Manchester,2069.24,True,5
POL000921,Olu Brown,olu.brown921@example.com,L86 3EP,Liability,Manchester,3515.56,False,25
POL000922,Wei Ali,wei.ali922@example.com,E12 5DK,Travel,Manchester,4057.78,False,124
POL000923,Mohammed Okafor,mohammed.okafor923@example.com,S27 4BK,Auto,Bristol,1088.78,True,6
POL000924,Mei Okafor,mei.okafor924@example.com,S78 3FL,Liability,Cardiff,4469.61,True,87
POL000925,Carlos Andersson,carlos.andersson925@example.com,N30 7GQ,Travel,Birmingham,3084.1,False,6
POL000926,Mary Okafor,mary.okafor926@example.com,M22 1FL,Liability,Glasgow,289.69,True,98
POL000927,Sofia Nguyen,sofia.nguyen927@example.com,E58 5FP,Auto,Birmingham,2078.37,False,114
POL000928,Mei Smith,mei.smith928@example.com,M11 5EJ,Liability,Bristol,3871.18,True,24
POL000929,Noah Brown,noah.brown929@example.com,A8 6FJ,Auto,Leeds,7432.48,False,142
POL000930,Mei Ahmed,mei.ahmed930@example.com,S86 2DQ,Auto,Liverpool,1519.62,True,82
POL000931,Ivan Andersson,ivan.andersson931@example.com,A82 4BP,Liability,Glasgow,5086.45,True,148
POL000932,Olu Smith,olu.smith932@example.com,G41 6EN,Liability,Leeds,1802.23,True,98
POL000933,Hannah Ali,hannah.ali933@example.com,G44 5FK,Health,Cardiff,4122.41,False,109
POL000934,Aisha Chen,aisha.chen934@example.com,L80 3EP,Health,Liverpool,6243.08,False,147
POL000935,Aisha Brown,aisha.brown935@example.com,E84 5HJ,Liability,Glasgow,1927.57,True,174
POL000936,Liam Patel,liam.patel936@example.com,A1 5BN,Health,Liverpool,2153.89,True,77
POL000937,Noah Patel,noah.patel937@example.com,B79 6HP,Home,Glasgow,4993.07,True,177
POL000938,Mary Brown,mary.brown938@example.com,N36 4BJ,Auto,Bristol,2175.94,True,41
POL000939,Fatima Okafor,fatima.okafor939@example.com,N94 6HQ,Travel,Cardiff,1502.41,True,86
POL000940,Carlos Patel,carlos.patel940@example.com,S45 4FQ,Liability,Cardiff,2970.77,False,145
POL000941,Aisha Ali,aisha.ali941@example.com,B41 8FP,Home,Liverpool,5375.05,True,128
POL000942,Fatima Garcia,fatima.garcia942@example.com,E79 5GJ,Liability,Glasgow,445.31,True,90
POL000943,Wei Brown,wei.brown943@example.com,L47 3BN,Health,Liverpool,4008.45,True,101
POL000944,Aisha Khan,aisha.khan944@example.com,B52 7GJ,Liability,Cardiff,2891.42,True,60
POL000945,Aisha Ali,aisha.ali945@example.com,N25 7BP,Liability,London,3823.53,True,177
POL000946,Aisha Andersson,aisha.andersson946@example.com,L32 2AJ,Travel,Bristol,3708.46,True,42
POL000947,James Nguyen,james.nguyen947@example.com,B64 6AL,Auto,Manchester,235.11,True,105
POL000948,Olu Smith,olu.smith948@example.com,S59 3AJ,Auto,Manchester,1952.15,True,18
POL000949,Noah Nguyen,noah.nguyen949@example.com,B98 3FJ,Health,Cardiff,1289.08,True,151
POL000950,Mary Garcia,mary.garcia950@example.com,A26 3HK,Health,Bristol,2816.1,True,57
POL000951,Ivan Nguyen,ivan.nguyen951@example.com,A55 1FQ,Liability,Manchester,7604.6,True,142
POL000952,Mary Rossi,mary.rossi952@example.com,A42 8EJ,Auto,Cardiff,1853.66,True,139
POL000953,Noah Kowalski,noah.kowalski953@example.com,G29 1AK,Health,Glasgow,1449.74,False,121
POL000954,Wei Silva,wei.silva954@example.com,S59 6FJ,Health,London,2479.06,True,139
POL000955,Wei Chen,wei.chen955@example.com,L75 1DQ,Auto,Manchester,2370.52,True,138
POL000956,Yuki Kowalski,yuki.kowalski956@example.com,B34 6EJ,Liability,Manchester,1525.72,False,120
POL000957,Mei Brown,mei.brown957@example.com,S39 8GJ,Travel,Leeds,2224.91,False,1
POL000958,Fatima Okafor,fatima.okafor958@example.com,B93 6AJ,Travel,Cardiff,1734.32,True,139
POL000959,Wei Tanaka,wei.tanaka959@example.com,G85 1GL,Health,Liverpool,2366.61,True,155
POL000960,Mary Chen,mary.chen960@example.com,M70 2HJ,Health,Manchester,328.63,True,176
POL000961,Mary Ali,mary.ali961@example.com,E14 2EP,Travel,Bristol,1181.28,True,49
POL000962,Noah Khan,noah.khan962@example.com,E83 2AL,Liability,Birmingham,2663.9,True,163
POL000963,Mei Chen,mei.chen963@example.com,B70 6GN,Home,Leeds,1482.87,True,53
POL000964,Wei Ahmed,wei.ahmed964@example.com,N73 2GQ,Health,Liverpool,5369.33,True,102
POL000965,Wei Garcia,wei.garcia965@example.com,S72 8HN,Auto,Leeds,2589.94,False,34
POL000966,Olu Brown,olu.brown966@example.com,M24 3DJ,Home,Birmingham,1138.37,False,165
POL000967,Hannah Kowalski,hannah.kowalski967@example.com,M47 4FJ,Liability,Liverpool,5498.12,True,9
POL000968,Mohammed Okafor,mohammed.okafor968@example.com,E49 6AK,Liability,Bristol,2885.36,True,138
POL000969,Fatima Ahmed,fatima.ahmed969@example.com,L95 6EJ,Travel,Glasgow,4154.04,True,20
POL000970,Mary Rossi,mary.rossi970@example.com,B46 7GK,Travel,Manchester,5166.16,True,82
POL000971,Aisha Ali,aisha.ali971@example.com,A85 1AK,Travel,London,4352.78,True,150
POL000972,Carlos Kowalski,carlos.kowalski972@example.com,L26 5FL,Health,Liverpool,845.98,False,129
POL000973,Priya Andersson,priya.andersson973@example.com,N43 2AP,Auto,London,4323.91,True,79
POL000974,Liam Garcia,liam.garcia974@example.com,L86 3GL,Travel,Manchester,4900.19,False,70
POL000975,Aisha Khan,aisha.khan975@example.com,B96 8FP,Home,Liverpool,4831.59,True,64
POL000976,Olu Kowalski,olu.kowalski976@example.com,G75 2AK,Travel,Liverpool,3724.6,True,67
POL000977,Noah Rossi,noah.rossi977@example.com,N72 4EK,Auto,Cardiff,3247.81,True,94
POL000978,Aisha Khan,aisha.khan978@example.com,M63 3AK,Home,Cardiff,2667.92,True,134
POL000979,Yuki Smith,yuki.smith979@example.com,S82 1DK,Health,Liverpool,7602.14,True,8
POL000980,Mohammed Kowalski,mohammed.kowalski980@example.com,A69 2GQ,Liability,Cardiff,2108.68,False,86
POL000981,Yuki Andersson,yuki.andersson981@example.com,L44 3AQ,Health,Birmingham,4897.24,True,136
POL000982,Priya Kowalski,priya.kowalski982@example.com,S79 8DL,Home,Bristol,1071.37,False,74
POL000983,Aisha Kowalski,aisha.kowalski983@example.com,M91 1DL,Auto,Cardiff,948.94,True,120
POL000984,James Okafor,james.okafor984@example.com,A2 8FL,Home,Manchester,108.62,False,130
POL000985,Olu Kowalski,olu.kowalski985@example.com,L4 3AL,Liability,Cardiff,2342.92,False,159
POL000986,Fatima Patel,fatima.patel986@example.com,S83 1BJ,Auto,London,2692.76,True,139
POL000987,James Rossi,james.rossi987@example.com,M98 6FP,Home,Bristol,5880.82,True,77
POL000988,Fatima Kowalski,fatima.kowalski988@example.com,M22 6DQ,Auto,Bristol,1654.09,True,64
POL000989,Mei Kowalski,mei.kowalski989@example.com,M30 8GK,Travel,Bristol,1414.92,True,24
POL000990,Carlos Brown,carlos.brown990@example.com,M40 1HN,Auto,Bristol,2665.05,True,77
POL000991,Noah Garcia,noah.garcia991@example.com,E52 3EJ,Home,London,2598.23,True,41
POL000992,Mei Ali,mei.ali992@example.com,E77 4BL,Travel,Cardiff,3942.93,True,166
POL000993,Sofia Andersson,sofia.andersson993@example.com,B27 5FN,Health,Bristol,1232.38,False,81
POL000994,Priya Chen,priya.chen994@example.com,E50 6BQ,Auto,Liverpool,1268.49,True,104
POL000995,Mary Silva,mary.silva995@example.com,N11 3BN,Auto,Birmingham,1916.28,True,49
POL000996,Aisha Kowalski,aisha.kowalski996@example.com,E68 6GK,Health,Birmingham,2732.28,True,44
POL000997,Hannah Smith,hannah.smith997@example.com,A65 5FP,Health,Liverpool,4301.96,True,12
POL000998,Fatima Rossi,fatima.rossi998@example.com,E32 2GP,Travel,Glasgow,862.84,True,162
POL000999,Hannah Nguyen,hannah.nguyen999@example.com,M74 8EQ,Auto,Leeds,1372.82,False,137
POL001000,Mohammed Ali,mohammed.ali1000@example.com,A31 3DJ,Travel,Birmingham,4390.82,False,116
POL001001,Aisha Tanaka,aisha.tanaka1001@example.com,A58 3HL,Auto,Bristol,3262.18,True,80
POL001002,Mohammed Smith,mohammed.smith1002@example.com,G95 3FQ,Health,Cardiff,445.1,True,155
POL001003,Wei Okafor,wei.okafor1003@example.com,B65 1DK,Health,Liverpool,1942.75,False,112
POL001004,Wei Ahmed,wei.ahmed1004@example.com,B70 3FP,Liability,Liverpool,2200.5,True,13
POL001005,James Okafor,james.okafor1005@example.com,A19 6DP,Liability,London,7892.07,True,57
POL001006,Priya Rossi,priya.rossi1006@example.com,B38 5DL,Auto,Liverpool,6094.94,True,55
POL001007,Mary Okafor,mary.okafor1007@example.com,L37 7AK,Health,Leeds,1654.64,True,157
POL001008,Yuki Ali,yuki.ali1008@example.com,E24 1DN,Travel,London,943.14,True,172
POL001009,Aisha Silva,aisha.silva1009@example.com,L76 5HJ,Liability,Bristol,827.04,True,133
POL001010,Carlos Rossi,carlos.rossi1010@example.com,L91 3BJ,Liability,Manchester,4010.42,True,176
POL001011,Sofia Garcia,sofia.garcia1011@example.com,A75 5HK,Home,Leeds,1950.69,True,76
POL001012,Liam Okafor,liam.okafor1012@example.com,N80 3AQ,Home,London,1996.57,True,24
POL001013,James Nguyen,james.nguyen1013@example.com,A77 1BL,Liability,Bristol,4302.43,True,111
POL001014,James Garcia,james.garcia1014@example.com,B90 3HL,Health,Bristol,792.53,False,22
POL001015,Liam Nguyen,liam.nguyen1015@example.com,S18 5HP,Auto,Manchester,1081.17,True,49
POL001016,Ivan Kowalski,ivan.kowalski1016@example.com,E40 6HL,Travel,Manchester,6934.07,True,8
POL001017,James Ahmed,james.ahmed1017@example.com,S70 4BN,Travel,Leeds,2981.57,True,52
POL001018,Noah Garcia,noah.garcia1018@example.com,E96 1EP,Auto,Cardiff,1758.33,True,66
POL001019,Aisha Chen,aisha.chen1019@example.com,G61 2FJ,Liability,Bristol,4007.53,True,26
POL001020,Ivan Nguyen,ivan.nguyen1020@example.com,L32 6HJ,Health,Leeds,1047.81,False,32
POL001021,Priya Smith,priya.smith1021@example.com,L6 8GJ,Health,Manchester,1636.05,True,29
POL001022,Mei Andersson,mei.andersson1022@example.com,N23 4GL,Health,Bristol,1057.75,True,29
POL001023,Olu Silva,olu.silva1023@example.com,M22 3DL,Home,London,4187.85,True,115
POL001024,Wei Silva,wei.silva1024@example.com,G50 6HQ,Liability,Bristol,3242.04,True,98
POL001025,Liam Patel,liam.patel1025@example.com,E79 8EP,Home,Liverpool,2372.78,True,107
POL001026,Priya Garcia,priya.garcia1026@example.com,L61 4FK,Auto,Birmingham,1990.85,True,3
POL001027,Ivan Okafor,ivan.okafor1027@example.com,E11 4AJ,Auto,Liverpool,490.67,False,130
POL001028,Yuki Brown,yuki.brown1028@example.com,E17 3BN,Health,Bristol,2482.55,False,129
POL001029,Priya Khan,priya.khan1029@example.com,L18 6AQ,Travel,Liverpool,1533.06,True,163
POL001030,Aisha Brown,aisha.brown1030@example.com,L11 7EP,Home,Manchester,2528.95,True,126
POL001031,Priya Chen,priya.chen1031@example.com,N40 2DK,Liability,London,3181.04,True,3
POL001032,Mohammed Khan,mohammed.khan1032@example.com,B41 6HN,Liability,Glasgow,1637.09,False,128
POL001033,James Andersson,james.andersson1033@example.com,B74 4DP,Liability,Glasgow,6674.96,False,17
POL001034,James Silva,james.silva1034@example.com,M23 3AP,Auto,Glasgow,1917.3,True,8
POL001035,Priya Rossi,priya.rossi1035@example.com,B54 8BK,Liability,London,3399.6,True,52
POL001036,Olu Brown,olu.brown1036@example.com,M3 7DJ,Liability,Bristol,1861.97,True,5
POL001037,Hannah Patel,hannah.patel1037@example.com,G46 8EK,Home,Cardiff,3014.4,True,121
POL001038,Wei Khan,wei.khan1038@example.com,S75 1EN,Auto,Cardiff,2577.08,True,98
POL001039,Priya Patel,priya.patel1039@example.com,A64 2AQ,Liability,Manchester,1722.62,True,45
POL001040,Fatima Chen,fatima.chen1040@example.com,N16 8GJ,Auto,Glasgow,2526.16,False,60
POL001041,Olu Andersson,olu.andersson1041@example.com,G32 7FL,Liability,Glasgow,6172.07,True,56
POL001042,Fatima Chen,fatima.chen1042@example.com,B46 2BK,Home,Birmingham,1436.3,True,142
POL001043,Mei Patel,mei.patel1043@example.com,N13 2EN,Home,Manchester,3426.17,True,93
POL001044,Aisha Khan,aisha.khan1044@example.com,E75 3BN,Health,Manchester,2598.7,True,101
POL001045,Yuki Ahmed,yuki.ahmed1045@example.com,E18 3BJ,Liability,Leeds,1629.14,True,17
POL001046,Sofia Ahmed,sofia.ahmed1046@example.com,S68 2AJ,Health,London,1653.47,False,34
POL001047,Noah Nguyen,noah.nguyen1047@example.com,B85 8AQ,Health,Manchester,4965.67,True,128
POL001048,Wei Tanaka,wei.tanaka1048@example.com,M71 7HQ,Liability,Birmingham,1706.31,False,19
POL001049,Fatima Ali,fatima.ali1049@example.com,G41 4BJ,Health,London,822.49,True,173
POL001050,Priya Brown,priya.brown1050@example.com,B63 3GP,Liability,Leeds,3150.95,True,104
POL001051,Priya Chen,priya.chen1051@example.com,A84 7DN,Health,Liverpool,3481.59,False,16
POL001052,Noah Nguyen,noah.nguyen1052@example.com,S54 8FQ,Home,Bristol,4817.2,False,79
POL001053,Priya Andersson,priya.andersson1053@example.com,B60 3BJ,Home,Bristol,2968.15,False,78
POL001054,Mei Silva,mei.silva1054@example.com,N79 1EP,Travel,Birmingham,1131.7,False,134
POL001055,Olu Ahmed,olu.ahmed1055@example.com,E78 1EL,Auto,Liverpool,5413.56,True,133
POL001056,Yuki Rossi,yuki.rossi1056@example.com,L69 4BQ,Travel,Liverpool,2999.62,True,121
POL001057,Fatima Nguyen,fatima.nguyen1057@example.com,B95 5GJ,Home,Leeds,8885.94,True,167
POL001058,Mei Nguyen,mei.nguyen1058@example.com,A32 6AP,Home,Manchester,1182.0,True,131
POL001059,Olu Silva,olu.silva1059@example.com,N83 7BJ,Home,Liverpool,579.46,True,140
POL001060,Liam Garcia,liam.garcia1060@example.com,N73 6AK,Travel,Birmingham,6561.72,True,176
POL001061,James Silva,james.silva1061@example.com,E74 8HL,Home,Glasgow,2682.94,True,174
POL001062,Mei Rossi,mei.rossi1062@example.com,E30 3BL,Liability,Bristol,945.64,False,38
POL001063,Hannah Andersson,hannah.andersson1063@example.com,G44 7BQ,Liability,Glasgow,7306.98,False,66
POL001064,Mohammed Nguyen,mohammed.nguyen1064@example.com,N72 3HP,Liability,Manchester,1386.1,True,103
POL001065,Sofia Brown,sofia.brown1065@example.com,B27 1GK,Liability,Manchester,573.55,False,141
POL001066,Olu Okafor,olu.okafor1066@example.com,M55 8BN,Liability,Manchester,3279.39,True,86
POL001067,Fatima Ali,fatima.ali1067@example.com,N77 6EK,Travel,Bristol,6420.28,False,13
POL001068,Mohammed Rossi,mohammed.rossi1068@example.com,A75 1GK,Liability,London,2252.45,True,66
POL001069,James Rossi,james.rossi1069@example.com,N89 4EL,Health,Liverpool,2384.18,True,4
POL001070,Aisha Kowalski,aisha.kowalski1070@example.com,B3 1BK,Liability,Glasgow,3749.08,True,33
POL001071,Priya Tanaka,priya.tanaka1071@example.com,M58 1GP,Home,London,2203.8,True,4
POL001072,Olu Chen,olu.chen1072@example.com,E58 3GL,Liability,Birmingham,1678.32,True,54
POL001073,Wei Silva,wei.silva1073@example.com,M76 8EQ,Liability,Manchester,948.47,True,147
POL001074,Wei Khan,wei.khan1074@example.com,G18 1EQ,Auto,Birmingham,529.52,True,77
POL001075,James Chen,james.chen1075@example.com,M62 1HJ,Travel,Leeds,4010.09,True,12
POL001076,Aisha Rossi,aisha.rossi1076@example.com,A56 7HQ,Health,Birmingham,5629.59,True,42
POL001077,Mei Patel,mei.patel1077@example.com,S47 7GL,Health,Liverpool,1270.62,True,68
POL001078,Wei Ali,wei.ali1078@example.com,G60 5GN,Auto,Birmingham,5871.06,True,155
POL001079,Carlos Brown,carlos.brown1079@example.com,A39 3GQ,Health,Birmingham,1296.19,True,104
POL001080,Sofia Tanaka,sofia.tanaka1080@example.com,M34 1BP,Liability,Manchester,2673.67,True,11
POL001081,Wei Ahmed,wei.ahmed1081@example.com,N26 8HJ,Auto,Manchester,736.97,True,126
POL001082,Carlos Tanaka,carlos.tanaka1082@example.com,G3 6DJ,Health,Glasgow,11212.04,False,42
POL001083,Yuki Smith,yuki.smith1083@example.com,G41 3EJ,Home,Bristol,1763.12,True,16
POL001084,Mohammed Ali,mohammed.ali1084@example.com,L56 2HL,Health,Manchester,3896.96,False,52
POL001085,Mary Nguyen,mary.nguyen1085@example.com,L6 8FJ,Home,Birmingham,3596.64,False,143
POL001086,Sofia Tanaka,sofia.tanaka1086@example.com,M69 6FK,Liability,Manchester,774.96,True,60
POL001087,Mohammed Khan,mohammed.khan1087@example.com,B1 4HP,Travel,Cardiff,2010.23,True,59
POL001088,Priya Smith,priya.smith1088@example.com,A66 6DJ,Auto,Bristol,1472.36,True,65
POL001089,Mary Chen,mary.chen1089@example.com,N2 3BK,Home,Manchester,2307.95,False,88
POL001090,Mei Nguyen,mei.nguyen1090@example.com,A79 7AP,Travel,Liverpool,3881.45,False,65
POL001091,Carlos Ali,carlos.ali1091@example.com,B3 3FK,Home,Liverpool,1640.7,False,33
POL001092,Priya Brown,priya.brown1092@example.com,L16 2BQ,Home,Birmingham,923.97,False,90
POL001093,Mary Tanaka,mary.tanaka1093@example.com,M5 4FP,Home,Liverpool,7065.31,True,174
POL001094,Mohammed Rossi,mohammed.rossi1094@example.com,S93 7GL,Travel,Glasgow,527.75,True,25
POL001095,Hannah Chen,hannah.chen1095@example.com,G67 2GJ,Travel,Cardiff,2466.48,False,40
POL001096,Ivan Ali,ivan.ali1096@example.com,B83 6GP,Travel,Glasgow,1906.24,True,27
POL001097,Mei Ahmed,mei.ahmed1097@example.com,M78 6FL,Liability,Liverpool,1888.87,True,2
POL001098,Carlos Khan,carlos.khan1098@example.com,G10 5DQ,Travel,Leeds,4306.64,True,101
POL001099,Fatima Khan,fatima.khan1099@example.com,N76 7BL,Home,Bristol,4422.12,True,158
POL001100,Liam Patel,liam.patel1100@example.com,M55 6FP,Health,Glasgow,3903.49,True,127
POL001101,Priya Garcia,priya.garcia1101@example.com,A81 1EP,Health,Bristol,245.76,True,139
POL001102,Hannah Ahmed,hannah.ahmed1102@example.com,L81 7AN,Home,Glasgow,6770.74,True,20
POL001103,Fatima Okafor,fatima.okafor1103@example.com,M1 3FP,Health,Cardiff,5252.01,False,22
POL001104,Ivan Silva,ivan.silva1104@example.com,S25 3BQ,Auto,London,1483.04,True,31
POL001105,Mary Nguyen,mary.nguyen1105@example.com,S67 2EK,Home,Cardiff,2443.17,False,161
POL001106,Ivan Ahmed,ivan.ahmed1106@example.com,N85 8EJ,Auto,Liverpool,5365.89,True,60
POL001107,Carlos Patel,carlos.patel1107@example.com,N47 2AN,Auto,Cardiff,978.25,False,86
POL001108,Mohammed Patel,mohammed.patel1108@example.com,A60 4DN,Health,Leeds,3481.39,False,122
POL001109,Sofia Kowalski,sofia.kowalski1109@example.com,A57 3DP,Home,London,2531.29,True,42
POL001110,Mary Andersson,mary.andersson1110@example.com,M62 3GK,Health,Birmingham,4511.51,False,91
POL001111,Carlos Brown,carlos.brown1111@example.com,A90 4GP,Auto,London,298.72,False,64
POL001112,Carlos Ahmed,carlos.ahmed1112@example.com,G97 5DL,Liability,Glasgow,4039.84,True,131
POL001113,Noah Brown,noah.brown1113@example.com,L62 3AL,Home,Birmingham,2277.4,False,13
POL001114,Priya Okafor,priya.okafor1114@example.com,G67 5HL,Liability,Leeds,858.15,True,132
POL001115,Mei Kowalski,mei.kowalski1115@example.com,S46 2BJ,Health,Bristol,215.46,True,102
POL001116,Noah Khan,noah.khan1116@example.com,G1 5FQ,Travel,Liverpool,3192.15,False,49
POL001117,Wei Rossi,wei.rossi1117@example.com,A36 1BP,Home,Manchester,3051.47,True,121
POL001118,Carlos Brown,carlos.brown1118@example.com,L55 5BL,Home,Manchester,2604.72,False,93
POL001119,Aisha Brown,aisha.brown1119@example.com,B55 1AN,Home,Cardiff,2662.35,True,65
POL001120,Mary Kowalski,mary.kowalski1120@example.com,N44 4GL,Health,Cardiff,3973.58,True,139
POL001121,Liam Kowalski,liam.kowalski1121@example.com,A11 3BL,Liability,Cardiff,279.72,True,162
POL001122,Hannah Brown,hannah.brown1122@example.com,A81 2GN,Liability,Cardiff,1069.73,True,153
POL001123,Noah Khan,noah.khan1123@example.com,N60 4BL,Home,Liverpool,5353.13,True,27
POL001124,Aisha Nguyen,aisha.nguyen1124@example.com,E92 1FQ,Auto,Birmingham,1408.95,True,57
POL001125,Mohammed Smith,mohammed.smith1125@example.com,M7 4FQ,Auto,Bristol,1605.51,False,57
POL001126,Aisha Khan,aisha.khan1126@example.com,S83 5DK,Health,Bristol,4443.3,False,134
POL001127,Mary Patel,mary.patel1127@example.com,G57 7HN,Auto,Manchester,4377.13,True,108
POL001128,Ivan Ali,ivan.ali1128@example.com,L94 2FP,Auto,Cardiff,7120.63,True,173
POL001129,Mohammed Garcia,mohammed.garcia1129@example.com,A53 2EP,Health,London,752.97,False,138
POL001130,Olu Khan,olu.khan1130@example.com,S34 3EN,Health,Glasgow,519.53,True,100
POL001131,Noah Nguyen,noah.nguyen1131@example.com,S14 2EL,Health,Bristol,868.58,True,140
POL001132,Hannah Patel,hannah.patel1132@example.com,A56 4HL,Auto,Liverpool,109.45,True,39
POL001133,Mary Ahmed,mary.ahmed1133@example.com,B57 2BL,Health,Liverpool,4540.59,False,100
POL001134,Sofia Tanaka,sofia.tanaka1134@example.com,G21 2AJ,Liability,Bristol,4573.43,False,97
POL001135,Yuki Smith,yuki.smith1135@example.com,G45 3GJ,Home,Leeds,4734.29,True,109
POL001136,Liam Khan,liam.khan1136@example.com,S61 7FK,Health,Glasgow,1660.83,True,94
POL001137,Yuki Patel,yuki.patel1137@example.com,E41 5FQ,Liability,Bristol,3052.76,True,42
POL001138,Mohammed Garcia,mohammed.garcia1138@example.com,B1 4AQ,Home,Birmingham,3924.92,True,64
POL001139,Hannah Patel,hannah.patel1139@example.com,M27 3BQ,Auto,Birmingham,2859.45,True,37
POL001140,Mohammed Tanaka,mohammed.tanaka1140@example.com,M7 4AP,Liability,Liverpool,1889.09,True,52
POL001141,Aisha Andersson,aisha.andersson1141@example.com,L62 6AQ,Travel,Leeds,2582.91,True,35
POL001142,Olu Tanaka,olu.tanaka1142@example.com,L27 2HJ,Health,Liverpool,1088.58,False,47
POL001143,Hannah Nguyen,hannah.nguyen1143@example.com,E96 2HL,Auto,Glasgow,2872.43,True,28
POL001144,Priya Andersson,priya.andersson1144@example.com,B41 5AL,Liability,London,2957.2,True,92
POL001145,Olu Andersson,olu.andersson1145@example.com,S11 2BP,Health,Glasgow,3282.23,True,34
POL001146,Yuki Garcia,yuki.garcia1146@example.com,A96 5GP,Travel,Birmingham,591.45,True,87
POL001147,Priya Tanaka,priya.tanaka1147@example.com,S4 1DJ,Home,London,1758.03,False,88
POL001148,Liam Okafor,liam.okafor1148@example.com,L88 7BL,Auto,Manchester,1505.2,True,153
POL001149,Sofia Khan,sofia.khan1149@example.com,A51 2DN,Liability,Manchester,300.73,True,156
POL001150,Yuki Ahmed,yuki.ahmed1150@example.com,M77 1FN,Travel,Liverpool,856.2,True,173
POL001151,Mary Andersson,mary.andersson1151@example.com,M35 6FL,Liability,Cardiff,1420.0,False,135
POL001152,Priya Brown,priya.brown1152@example.com,S25 7GJ,Travel,Bristol,1889.69,True,61
POL001153,Olu Ahmed,olu.ahmed1153@example.com,M81 7HP,Auto,Birmingham,1102.99,False,17
POL001154,Liam Tanaka,liam.tanaka1154@example.com,M73 8BQ,Travel,Liverpool,1684.98,True,6
POL001155,Priya Brown,priya.brown1155@example.com,A3 7GQ,Health,Glasgow,407.87,False,49
POL001156,Wei Smith,wei.smith1156@example.com,G3 2BN,Home,Leeds,4698.28,True,24
POL001157,Fatima Ahmed,fatima.ahmed1157@example.com,B45 4GJ,Liability,London,3860.05,False,94
POL001158,Noah Smith,noah.smith1158@example.com,A5 8AJ,Health,Leeds,2380.65,False,6
POL001159,Wei Tanaka,wei.tanaka1159@example.com,G36 7EQ,Auto,London,4981.39,False,168
POL001160,Olu Kowalski,olu.kowalski1160@example.com,A93 1AK,Health,Liverpool,5676.39,False,103
POL001161,Yuki Smith,yuki.smith1161@example.com,G67 7GK,Travel,Cardiff,4080.89,True,45
POL001162,Yuki Tanaka,yuki.tanaka1162@example.com,B59 8BJ,Travel,Liverpool,3877.01,True,161
POL001163,Sofia Kowalski,sofia.kowalski1163@example.com,A44 4HJ,Auto,Liverpool,1242.49,True,121
POL001164,Yuki Rossi,yuki.rossi1164@example.com,M53 6BK,Travel,Cardiff,4705.28,True,143
POL001165,Olu Khan,olu.khan1165@example.com,G37 2GJ,Travel,London,4823.4,True,11
POL001166,Mei Kowalski,mei.kowalski1166@example.com,E55 3EJ,Home,Birmingham,4226.4,True,70
POL001167,Yuki Ahmed,yuki.ahmed1167@example.com,L17 1DL,Health,Glasgow,217.5,False,174
POL001168,Wei Brown,wei.brown1168@example.com,E3 6GP,Home,Cardiff,886.39,True,18
POL001169,James Garcia,james.garcia1169@example.com,A15 6HJ,Home,Liverpool,4287.47,True,61
POL001170,Sofia Silva,sofia.silva1170@example.com,A16 6AN,Health,Birmingham,2203.57,True,57
POL001171,Priya Patel,priya.patel1171@example.com,N34 3GQ,Travel,Birmingham,5540.94,False,53
POL001172,Aisha Rossi,aisha.rossi1172@example.com,N48 1EQ,Home,London,2761.85,True,168
POL001173,Ivan Brown,ivan.brown1173@example.com,B70 1DN,Travel,Cardiff,1231.46,False,17
POL001174,Mary Kowalski,mary.kowalski1174@example.com,L13 1HL,Liability,Birmingham,684.76,True,157
POL001175,Fatima Garcia,fatima.garcia1175@example.com,G95 7BL,Health,Birmingham,1083.54,True,125
POL001176,Olu Tanaka,olu.tanaka1176@example.com,G92 1GQ,Home,London,3517.45,True,130
POL001177,Hannah Patel,hannah.patel1177@example.com,A55 4DQ,Auto,Manchester,3627.78,True,102
POL001178,Aisha Chen,aisha.chen1178@example.com,G23 3HP,Travel,Birmingham,2480.47,True,56
POL001179,Mohammed Ali,mohammed.ali1179@example.com,A66 4GP,Health,Birmingham,341.41,True,135
POL001180,Aisha Brown,aisha.brown1180@example.com,B70 3AN,Travel,Liverpool,3193.03,True,97
POL001181,James Andersson,james.andersson1181@example.com,G93 2GQ,Health,Bristol,5206.69,True,77
POL001182,Olu Tanaka,olu.tanaka1182@example.com,S54 6AJ,Health,Liverpool,1620.96,False,166
POL001183,Mary Okafor,mary.okafor1183@example.com,A16 1HN,Travel,Manchester,1197.57,True,72
POL001184,Liam Ahmed,liam.ahmed1184@example.com,E82 6AJ,Auto,Glasgow,3730.68,False,89
POL001185,Sofia Chen,sofia.chen1185@example.com,S57 7GQ,Liability,Cardiff,2636.37,False,41
POL001186,Liam Andersson,liam.andersson1186@example.com,M90 7EJ,Health,Birmingham,1938.41,False,57
POL001187,Olu Ali,olu.ali1187@example.com,G18 2AQ,Auto,Bristol,4318.5,True,70
POL001188,James Garcia,james.garcia1188@example.com,N46 5HN,Health,London,439.79,True,111
POL001189,James Patel,james.patel1189@example.com,N54 7EQ,Auto,Manchester,7787.49,False,21
POL001190,Liam Tanaka,liam.tanaka1190@example.com,N53 2FP,Home,Manchester,1059.55,True,146
POL001191,Yuki Patel,yuki.patel1191@example.com,G54 6HN,Home,Leeds,3382.44,True,25
POL001192,Ivan Andersson,ivan.andersson1192@example.com,S83 6AP,Travel,Liverpool,3668.4,True,51
POL001193,Sofia Ahmed,sofia.ahmed1193@example.com,M58 6AQ,Health,Bristol,1806.44,True,12
POL001194,Aisha Brown,aisha.brown1194@example.com,E88 2EP,Travel,Glasgow,2361.41,False,25
POL001195,Aisha Nguyen,aisha.nguyen1195@example.com,A71 2GL,Auto,Cardiff,2608.2,True,125
POL001196,Mary Andersson,mary.andersson1196@example.com,N54 3GQ,Health,Manchester,2094.31,True,47
POL001197,Hannah Rossi,hannah.rossi1197@example.com,S43 6AP,Liability,Leeds,1125.65,True,84
POL001198,Olu Patel,olu.patel1198@example.com,B73 1HK,Liability,Bristol,1270.56,True,66
POL001199,Fatima Smith,fatima.smith1199@example.com,L18 7EJ,Auto,Liverpool,2018.7,False,93
POL001200,Hannah Rossi,hannah.rossi1200@example.com,G81 2AJ,Health,Bristol,4003.77,True,29
POL001201,Olu Patel,olu.patel1201@example.com,N48 7BL,Liability,Liverpool,4678.56,True,141
POL001202,Liam Andersson,liam.andersson1202@example.com,G3 1DJ,Liability,London,1363.26,True,168
POL001203,Liam Nguyen,liam.nguyen1203@example.com,S80 6BL,Liability,London,1346.22,True,129
POL001204,Priya Tanaka,priya.tanaka1204@example.com,B78 4EP,Liability,Liverpool,3891.1,True,77
POL001205,Sofia Silva,sofia.silva1205@example.com,B8 6DK,Auto,Leeds,2353.63,True,12
POL001206,Hannah Kowalski,hannah.kowalski1206@example.com,A24 5AN,Home,Glasgow,4542.26,True,105
POL001207,Aisha Garcia,aisha.garcia1207@example.com,E37 5FP,Liability,Manchester,3614.69,True,89
POL001208,Noah Okafor,noah.okafor1208@example.com,G21 6HN,Home,Manchester,783.43,False,71
POL001209,Aisha Andersson,aisha.andersson1209@example.com,A48 3FJ,Auto,Liverpool,2824.5,False,130
POL001210,Yuki Ali,yuki.ali1210@example.com,L7 2AK,Home,London,2479.23,True,86
POL001211,Fatima Chen,fatima.chen1211@example.com,B33 3EN,Auto,Leeds,2111.9,False,132
POL001212,Mary Tanaka,mary.tanaka1212@example.com,A55 8GQ,Liability,Bristol,6704.35,True,6
POL001213,Liam Nguyen,liam.nguyen1213@example.com,B26 3AQ,Health,Cardiff,7175.32,True,43
POL001214,Hannah Khan,hannah.khan1214@example.com,E74 3FN,Health,Liverpool,14164.09,False,41
POL001215,Wei Okafor,wei.okafor1215@example.com,N1 1HN,Auto,Birmingham,2791.55,True,63
POL001216,Mary Rossi,mary.rossi1216@example.com,S12 8FP,Travel,Manchester,2120.52,False,1
POL001217,Mohammed Tanaka,mohammed.tanaka1217@example.com,G51 4AP,Auto,Bristol,2451.78,True,13
POL001218,Mei Chen,mei.chen1218@example.com,A50 4EN,Health,Manchester,3538.96,True,121
POL001219,Ivan Patel,ivan.patel1219@example.com,N75 8FQ,Auto,Liverpool,2462.16,True,163
POL001220,Fatima Brown,fatima.brown1220@example.com,M15 3DN,Home,Birmingham,3513.87,True,109
POL001221,Fatima Chen,fatima.chen1221@example.com,G61 6FJ,Travel,Bristol,1255.29,False,112
POL001222,Mary Chen,mary.chen1222@example.com,E56 7GQ,Home,Liverpool,2543.54,True,61
POL001223,James Brown,james.brown1223@example.com,N19 8BL,Travel,Bristol,4128.26,False,16
POL001224,Noah Patel,noah.patel1224@example.com,N58 7BL,Liability,London,7304.51,False,8
POL001225,Mary Chen,mary.chen1225@example.com,B29 1FN,Health,Manchester,5787.32,False,21
POL001226,Mary Silva,mary.silva1226@example.com,B12 2FN,Travel,Birmingham,944.48,False,59
POL001227,Ivan Patel,ivan.patel1227@example.com,N9 1FQ,Home,Manchester,1324.68,True,45
POL001228,Liam Kowalski,liam.kowalski1228@example.com,A56 1FK,Home,Bristol,1088.19,True,73
POL001229,Olu Ali,olu.ali1229@example.com,B88 6DP,Liability,Birmingham,3594.51,True,161
POL001230,Mei Nguyen,mei.nguyen1230@example.com,A64 7FQ,Auto,Glasgow,2187.6,True,28
POL001231,Sofia Ali,sofia.ali1231@example.com,A96 2AK,Home,Leeds,2019.59,True,27
POL001232,Aisha Brown,aisha.brown1232@example.com,A51 7GP,Travel,London,2593.31,True,83
POL001233,Liam Rossi,liam.rossi1233@example.com,A63 5HJ,Auto,Bristol,4045.24,True,96
POL001234,Liam Kowalski,liam.kowalski1234@example.com,A80 2HL,Auto,Glasgow,3125.42,True,46
POL001235,Wei Ahmed,wei.ahmed1235@example.com,L21 4HJ,Health,Liverpool,2591.53,True,122
POL001236,Wei Garcia,wei.garcia1236@example.com,B24 4AL,Health,Cardiff,1527.34,True,157
POL001237,Yuki Khan,yuki.khan1237@example.com,B40 2BP,Travel,Glasgow,5525.22,True,109
POL001238,Wei Kowalski,wei.kowalski1238@example.com,N80 6AJ,Home,Leeds,3889.94,False,160
POL001239,Aisha Okafor,aisha.okafor1239@example.com,B79 5HP,Health,Birmingham,884.35,True,98
POL001240,Sofia Brown,sofia.brown1240@example.com,M6 8DL,Liability,Bristol,3817.2,True,39
POL001241,Fatima Ahmed,fatima.ahmed1241@example.com,B4 6HJ,Auto,Liverpool,2254.73,False,172
POL001242,Olu Andersson,olu.andersson1242@example.com,N14 4AJ,Health,Manchester,1529.18,True,179
POL001243,Mary Tanaka,mary.tanaka1243@example.com,S97 4BQ,Travel,Cardiff,888.31,True,108
POL001244,Fatima Rossi,fatima.rossi1244@example.com,G22 8FJ,Health,Leeds,99.94,True,132
POL001245,Hannah Garcia,hannah.garcia1245@example.com,S61 4FJ,Travel,Cardiff,3228.2,False,48
POL001246,Hannah Brown,hannah.brown1246@example.com,B32 8BN,Liability,Leeds,2962.82,True,107
POL001247,Hannah Andersson,hannah.andersson1247@example.com,G89 2GL,Auto,Liverpool,3852.92,True,52
POL001248,Ivan Okafor,ivan.okafor1248@example.com,M57 8FK,Liability,Birmingham,1690.85,True,179
POL001249,Yuki Chen,yuki.chen1249@example.com,E50 5BK,Health,Bristol,1551.37,True,75
POL001250,Mary Smith,mary.smith1250@example.com,B8 4AL,Auto,Liverpool,8259.59,True,165
POL001251,Mary Patel,mary.patel1251@example.com,A83 4FQ,Home,Bristol,2414.82,False,97
POL001252,Mary Silva,mary.silva1252@example.com,A71 1BL,Auto,Glasgow,4355.72,False,127
POL001253,Aisha Garcia,aisha.garcia1253@example.com,B85 6AK,Liability,Manchester,1107.97,True,169
POL001254,Wei Ahmed,wei.ahmed1254@example.com,A28 7BN,Liability,London,819.82,True,136
POL001255,Priya Garcia,priya.garcia1255@example.com,E42 8BQ,Auto,Manchester,8360.7,True,4
POL001256,Wei Chen,wei.chen1256@example.com,M53 6FJ,Health,Bristol,4398.36,True,11
POL001257,Sofia Tanaka,sofia.tanaka1257@example.com,B7 7BQ,Health,Glasgow,1443.7,True,50
POL001258,Liam Chen,liam.chen1258@example.com,G46 4FQ,Health,Glasgow,4208.67,True,21
POL001259,Carlos Silva,carlos.silva1259@example.com,G24 4HK,Liability,Glasgow,1306.23,True,4
POL001260,Noah Nguyen,noah.nguyen1260@example.com,B52 5GL,Health,London,454.97,True,50
POL001261,Liam Brown,liam.brown1261@example.com,G29 3DP,Auto,London,2509.97,True,74
POL001262,Priya Andersson,priya.andersson1262@example.com,B63 7AK,Liability,Bristol,5536.29,True,45
POL001263,Noah Tanaka,noah.tanaka1263@example.com,G80 1FJ,Liability,Leeds,4238.67,True,1
POL001264,Carlos Patel,carlos.patel1264@example.com,S3 3FL,Health,Cardiff,2435.03,True,10
POL001265,Mohammed Brown,mohammed.brown1265@example.com,M7 1HK,Travel,London,3337.94,False,28
POL001266,James Smith,james.smith1266@example.com,G88 5GJ,Liability,Leeds,3980.82,True,32
POL001267,Mei Patel,mei.patel1267@example.com,G20 6BJ,Health,Leeds,827.91,True,178
POL001268,Hannah Rossi,hannah.rossi1268@example.com,N79 5HJ,Auto,London,2379.73,False,150
POL001269,Priya Ali,priya.ali1269@example.com,L24 2DQ,Travel,Cardiff,2607.06,False,65
POL001270,Liam Smith,liam.smith1270@example.com,E25 3DN,Travel,Bristol,692.49,True,132
POL001271,Yuki Garcia,yuki.garcia1271@example.com,M60 6DK,Travel,Liverpool,3396.23,False,173
POL001272,Hannah Silva,hannah.silva1272@example.com,L84 7HK,Travel,Bristol,2962.65,False,79
POL001273,Aisha Kowalski,aisha.kowalski1273@example.com,L69 2EN,Auto,Birmingham,2888.46,True,34
POL001274,Yuki Nguyen,yuki.nguyen1274@example.com,E87 2HN,Auto,Glasgow,1939.83,False,137
POL001275,Mary Silva,mary.silva1275@example.com,L73 4DP,Travel,Liverpool,5264.18,True,26
POL001276,Priya Andersson,priya.andersson1276@example.com,B85 7DK,Home,Leeds,761.11,True,168
POL001277,Olu Rossi,olu.rossi1277@example.com,B64 6DK,Travel,Leeds,2183.43,True,178
POL001278,Wei Patel,wei.patel1278@example.com,G63 6GJ,Liability,Leeds,5844.22,True,75
POL001279,Aisha Tanaka,aisha.tanaka1279@example.com,N7 2GJ,Auto,Glasgow,933.24,False,152
POL001280,Fatima Okafor,fatima.okafor1280@example.com,G9 2FK,Liability,Bristol,259.26,True,154
POL001281,Aisha Smith,aisha.smith1281@example.com,B61 8GQ,Auto,Glasgow,2310.53,True,45
POL001282,Ivan Garcia,ivan.garcia1282@example.com,L57 2EQ,Auto,Cardiff,3890.49,True,103
POL001283,James Brown,james.brown1283@example.com,B49 8BL,Auto,Manchester,7613.51,False,90
POL001284,Mei Patel,mei.patel1284@example.com,G12 3HJ,Home,Glasgow,8668.37,True,113
POL001285,Fatima Ali,fatima.ali1285@example.com,S10 2GQ,Travel,Liverpool,7064.71,True,125
POL001286,Sofia Kowalski,sofia.kowalski1286@example.com,M73 8EP,Auto,Manchester,2233.09,True,26
POL001287,Ivan Tanaka,ivan.tanaka1287@example.com,S1 8EJ,Health,Cardiff,3229.95,True,82
POL001288,Noah Andersson,noah.andersson1288@example.com,E26 3DP,Liability,Bristol,2762.4,True,162
POL001289,Sofia Chen,sofia.chen1289@example.com,M75 1AK,Home,Liverpool,573.44,False,89
POL001290,Noah Ahmed,noah.ahmed1290@example.com,N38 8HN,Health,London,2058.46,True,136
POL001291,Hannah Khan,hannah.khan1291@example.com,B72 7EP,Home,Birmingham,3293.71,True,178
POL001292,Ivan Brown,ivan.brown1292@example.com,G33 7DJ,Health,Glasgow,12169.78,True,44
POL001293,Mary Garcia,mary.garcia1293@example.com,G55 2AJ,Liability,Bristol,6855.21,True,22
POL001294,Olu Chen,olu.chen1294@example.com,E37 4AQ,Home,Bristol,8091.73,True,34
POL001295,Hannah Smith,hannah.smith1295@example.com,S63 7DJ,Home,Glasgow,1919.7,True,9
POL001296,Mary Smith,mary.smith1296@example.com,B66 1FK,Home,Glasgow,2936.88,True,89
POL001297,Mary Garcia,mary.garcia1297@example.com,N79 7GK,Auto,Liverpool,160.28,False,160
POL001298,Noah Ahmed,noah.ahmed1298@example.com,A38 5AL,Liability,Bristol,5961.16,True,45
POL001299,Noah Khan,noah.khan1299@example.com,S88 7BP,Travel,Manchester,2852.79,False,140
POL001300,Wei Khan,wei.khan1300@example.com,M97 2HN,Auto,Bristol,2732.94,True,110
POL001301,Fatima Garcia,fatima.garcia1301@example.com,S36 2EP,Health,Cardiff,3036.34,False,65
POL001302,Mohammed Patel,mohammed.patel1302@example.com,G51 6AJ,Auto,Cardiff,1243.52,False,4
POL001303,Mohammed Okafor,mohammed.okafor1303@example.com,S58 8FP,Auto,London,2100.23,False,47
POL001304,Mary Kowalski,mary.kowalski1304@example.com,L94 3HP,Auto,Leeds,2494.5,False,144
POL001305,Wei Andersson,wei.andersson1305@example.com,N40 2EL,Health,Leeds,4041.07,False,73
POL001306,Wei Nguyen,wei.nguyen1306@example.com,L40 8FN,Liability,London,4304.29,True,117
POL001307,Fatima Ali,fatima.ali1307@example.com,S78 6HN,Home,Bristol,4434.94,True,15
POL001308,Mary Tanaka,mary.tanaka1308@example.com,L89 3HK,Liability,Birmingham,2156.68,False,166
POL001309,Fatima Patel,fatima.patel1309@example.com,S12 5HP,Home,Leeds,4750.51,True,161
POL001310,Mary Tanaka,mary.tanaka1310@example.com,E94 7DJ,Liability,Birmingham,2752.86,True,59
POL001311,Yuki Silva,yuki.silva1311@example.com,N29 4GQ,Auto,Liverpool,609.54,False,102
POL001312,Ivan Okafor,ivan.okafor1312@example.com,M6 4HK,Auto,Manchester,3566.24,True,6
POL001313,Hannah Nguyen,hannah.nguyen1313@example.com,N11 6FK,Health,Leeds,1218.3,False,33
POL001314,Liam Rossi,liam.rossi1314@example.com,B70 6FK,Health,Bristol,4629.58,True,21
POL001315,Noah Garcia,noah.garcia1315@example.com,N50 8DP,Auto,Birmingham,1173.08,True,178
POL001316,Olu Chen,olu.chen1316@example.com,G11 1BK,Auto,London,3990.34,False,55
POL001317,Mohammed Silva,mohammed.silva1317@example.com,G81 3BK,Auto,Leeds,2100.96,True,124
POL001318,Hannah Brown,hannah.brown1318@example.com,E79 7BP,Liability,London,881.61,False,68
POL001319,Mei Ahmed,mei.ahmed1319@example.com,L21 6FP,Health,Birmingham,2696.34,True,6
POL001320,Hannah Garcia,hannah.garcia1320@example.com,G39 7FJ,Home,London,6415.78,False,176
POL001321,Priya Khan,priya.khan1321@example.com,G66 8GQ,Home,Birmingham,6918.44,False,80
POL001322,Mary Ali,mary.ali1322@example.com,M14 8AQ,Liability,Liverpool,499.97,True,158
POL001323,James Andersson,james.andersson1323@example.com,B19 8BP,Liability,Liverpool,1264.23,False,34
POL001324,Noah Khan,noah.khan1324@example.com,L51 3HL,Health,Cardiff,3400.48,True,21
POL001325,Fatima Khan,fatima.khan1325@example.com,A23 3FQ,Liability,Cardiff,310.83,False,11
POL001326,Mary Okafor,mary.okafor1326@example.com,E12 5EL,Liability,Manchester,677.92,False,71
POL001327,Aisha Okafor,aisha.okafor1327@example.com,A52 4BP,Auto,Liverpool,779.99,True,25
POL001328,Carlos Garcia,carlos.garcia1328@example.com,G94 5GL,Liability,Glasgow,2090.87,False,15
POL001329,Yuki Tanaka,yuki.tanaka1329@example.com,N17 6EQ,Travel,Leeds,4392.54,True,68
POL001330,Ivan Nguyen,ivan.nguyen1330@example.com,L11 5BN,Travel,Glasgow,4555.8,False,100
POL001331,Mohammed Brown,mohammed.brown1331@example.com,L50 5FP,Home,London,6018.37,True,63
POL001332,Mei Brown,mei.brown1332@example.com,G6 5HJ,Travel,Bristol,3931.08,True,123
POL001333,Noah Chen,noah.chen1333@example.com,E22 3EK,Home,Birmingham,1362.65,True,121
POL001334,Priya Rossi,priya.rossi1334@example.com,M58 2FQ,Auto,Leeds,1494.44,False,19
POL001335,James Garcia,james.garcia1335@example.com,M5 5GK,Auto,Birmingham,1120.85,True,29
POL001336,Hannah Chen,hannah.chen1336@example.com,N34 6FJ,Health,Birmingham,1166.25,True,33
POL001337,Liam Ali,liam.ali1337@example.com,E96 2EN,Travel,Bristol,1388.17,True,74
POL001338,Olu Andersson,olu.andersson1338@example.com,S87 5HQ,Health,Glasgow,3001.03,True,5
POL001339,Aisha Okafor,aisha.okafor1339@example.com,B10 3GQ,Health,Manchester,644.04,True,171
POL001340,Aisha Kowalski,aisha.kowalski1340@example.com,N17 5AJ,Health,Glasgow,4722.72,False,7
POL001341,James Brown,james.brown1341@example.com,N84 1AJ,Health,Glasgow,5754.25,True,42
POL001342,Mei Rossi,mei.rossi1342@example.com,M92 5AN,Health,London,4052.37,False,121
POL001343,James Andersson,james.andersson1343@example.com,N22 7GK,Home,Birmingham,4269.41,False,103
POL001344,Wei Kowalski,wei.kowalski1344@example.com,M90 8AQ,Home,Bristol,9903.68,True,147
POL001345,James Tanaka,james.tanaka1345@example.com,M85 8GP,Home,London,5453.31,True,13
POL001346,Yuki Kowalski,yuki.kowalski1346@example.com,E84 5DP,Home,Cardiff,919.17,False,53
POL001347,Mei Nguyen,mei.nguyen1347@example.com,S58 5FL,Travel,Liverpool,1420.19,False,144
POL001348,Yuki Patel,yuki.patel1348@example.com,B50 2EK,Liability,Cardiff,6303.88,False,155
POL001349,Liam Ahmed,liam.ahmed1349@example.com,S39 2BL,Home,Cardiff,1209.35,True,28
POL001350,Carlos Andersson,carlos.andersson1350@example.com,A97 5DQ,Health,Cardiff,651.16,True,142
POL001351,Priya Tanaka,priya.tanaka1351@example.com,G16 7HL,Health,Leeds,1670.97,True,16
POL001352,Sofia Andersson,sofia.andersson1352@example.com,S94 3EP,Liability,Bristol,4021.08,True,73
POL001353,Aisha Brown,aisha.brown1353@example.com,A35 8GQ,Home,Leeds,1871.01,False,107
POL001354,Aisha Patel,aisha.patel1354@example.com,G64 1EK,Travel,London,3711.02,False,30
POL001355,Wei Kowalski,wei.kowalski1355@example.com,N62 5DK,Home,Birmingham,680.17,True,146
POL001356,Noah Khan,noah.khan1356@example.com,S55 8HK,Auto,Glasgow,787.57,True,49
POL001357,Olu Khan,olu.khan1357@example.com,A66 2BJ,Health,London,5111.13,False,10
POL001358,Olu Silva,olu.silva1358@example.com,B3 8FN,Auto,Cardiff,858.12,True,91
POL001359,Sofia Rossi,sofia.rossi1359@example.com,E73 5BK,Health,Cardiff,5458.54,True,118
POL001360,Ivan Garcia,ivan.garcia1360@example.com,E58 2FP,Auto,Bristol,1698.41,True,178
POL001361,Mei Garcia,mei.garcia1361@example.com,L3 7HN,Home,Leeds,797.38,True,152
POL001362,Wei Nguyen,wei.nguyen1362@example.com,N73 7HQ,Health,Liverpool,8090.91,True,73
POL001363,Carlos Chen,carlos.chen1363@example.com,M10 8FK,Auto,Glasgow,7519.76,True,152
POL001364,Priya Patel,priya.patel1364@example.com,B33 7GQ,Home,London,5356.36,True,115
POL001365,Ivan Ahmed,ivan.ahmed1365@example.com,M86 1GN,Liability,London,1091.48,True,138
POL001366,Wei Smith,wei.smith1366@example.com,N47 1GP,Travel,Leeds,1162.18,True,90
POL001367,Yuki Garcia,yuki.garcia1367@example.com,B58 4FK,Travel,Birmingham,2852.69,False,149
POL001368,Ivan Nguyen,ivan.nguyen1368@example.com,E42 5DN,Home,Bristol,850.27,False,25
POL001369,Mohammed Andersson,mohammed.andersson1369@example.com,E54 4EL,Home,Cardiff,1059.1,True,103
POL001370,Liam Chen,liam.chen1370@example.com,A44 3AK,Auto,Glasgow,1332.25,True,99
POL001371,Aisha Patel,aisha.patel1371@example.com,L94 2HL,Home,Glasgow,1900.65,False,77
POL001372,Mei Patel,mei.patel1372@example.com,E83 8DK,Health,Glasgow,3218.18,True,69
POL001373,James Smith,james.smith1373@example.com,N39 3DL,Auto,London,1084.53,False,63
POL001374,James Smith,james.smith1374@example.com,L53 4HL,Auto,Birmingham,1861.01,False,142
POL001375,Mohammed Silva,mohammed.silva1375@example.com,N93 4HN,Auto,Bristol,1657.09,True,171
POL001376,Liam Silva,liam.silva1376@example.com,G51 3AN,Liability,Bristol,3229.08,True,121
POL001377,Aisha Silva,aisha.silva1377@example.com,E7 1DL,Health,Cardiff,988.99,False,110
POL001378,Carlos Ahmed,carlos.ahmed1378@example.com,G2 8HL,Home,Cardiff,2222.19,False,77
POL001379,Olu Ahmed,olu.ahmed1379@example.com,S92 6FJ,Liability,Manchester,3147.31,True,131
POL001380,Wei Tanaka,wei.tanaka1380@example.com,A64 5BP,Travel,Birmingham,2941.35,False,46
POL001381,Mary Andersson,mary.andersson1381@example.com,L72 8DP,Health,Birmingham,2497.66,True,21
POL001382,Olu Ahmed,olu.ahmed1382@example.com,S73 1DK,Home,London,2560.46,True,74
POL001383,Hannah Khan,hannah.khan1383@example.com,L3 1HJ,Home,Cardiff,1340.55,False,165
POL001384,Mei Okafor,mei.okafor1384@example.com,M1 2DK,Liability,Cardiff,1040.22,True,126
POL001385,Aisha Ali,aisha.ali1385@example.com,M33 7AJ,Health,Bristol,1601.67,True,89
POL001386,Fatima Garcia,fatima.garcia1386@example.com,S37 4FJ,Health,Birmingham,534.59,True,7
POL001387,Wei Brown,wei.brown1387@example.com,G1 8HQ,Health,Glasgow,307.68,True,155
POL001388,James Nguyen,james.nguyen1388@example.com,L10 5BJ,Liability,Birmingham,475.54,False,136
POL001389,Ivan Kowalski,ivan.kowalski1389@example.com,A8 6EN,Home,Cardiff,2494.32,True,141
POL001390,Wei Tanaka,wei.tanaka1390@example.com,L24 3BL,Liability,Bristol,600.17,False,134
POL001391,Aisha Smith,aisha.smith1391@example.com,G30 6EN,Health,Birmingham,3862.82,True,4
POL001392,Sofia Garcia,sofia.garcia1392@example.com,L57 7DJ,Travel,Manchester,1715.56,True,89
POL001393,Liam Kowalski,liam.kowalski1393@example.com,A69 3AQ,Home,Manchester,3053.4,True,86
POL001394,Priya Ahmed,priya.ahmed1394@example.com,S53 5HK,Auto,Liverpool,4940.26,True,56
POL001395,Ivan Garcia,ivan.garcia1395@example.com,A34 4DQ,Health,Bristol,2599.83,False,3
POL001396,Noah Ahmed,noah.ahmed1396@example.com,S37 4GQ,Liability,Liverpool,137.46,True,169
POL001397,Sofia Nguyen,sofia.nguyen1397@example.com,G49 7BQ,Liability,Leeds,6425.66,False,96
POL001398,Olu Andersson,olu.andersson1398@example.com,N66 3EJ,Liability,Cardiff,2455.0,True,19
POL001399,Olu Rossi,olu.rossi1399@example.com,A2 2AP,Health,Manchester,3285.34,True,12
POL001400,Noah Tanaka,noah.tanaka1400@example.com,G47 7FL,Travel,London,327.63,True,144
POL001401,Priya Andersson,priya.andersson1401@example.com,B45 4BL,Auto,Liverpool,1410.04,True,123
POL001402,Mohammed Khan,mohammed.khan1402@example.com,E19 4DN,Home,Bristol,5873.29,True,65
POL001403,Mary Chen,mary.chen1403@example.com,B5 3FJ,Liability,Liverpool,3264.65,True,43
POL001404,Mei Tanaka,mei.tanaka1404@example.com,L66 4AL,Auto,Manchester,1515.43,False,88
POL001405,Hannah Okafor,hannah.okafor1405@example.com,B37 6FJ,Liability,Leeds,1373.12,True,104
POL001406,Liam Nguyen,liam.nguyen1406@example.com,L88 8DP,Liability,Liverpool,3687.92,False,124
POL001407,Mohammed Ali,mohammed.ali1407@example.com,M21 2FP,Health,Glasgow,3887.24,False,172
POL001408,Liam Chen,liam.chen1408@example.com,G31 6FL,Auto,Glasgow,3119.34,True,74
POL001409,Liam Tanaka,liam.tanaka1409@example.com,S96 5AJ,Home,Manchester,466.66,True,5
POL001410,Carlos Rossi,carlos.rossi1410@example.com,E51 5BP,Liability,Birmingham,404.9,True,133
POL001411,Priya Khan,priya.khan1411@example.com,L57 4GQ,Home,Manchester,3742.29,True,41
POL001412,Mohammed Garcia,mohammed.garcia1412@example.com,L77 1AL,Liability,London,6903.45,True,58
POL001413,Sofia Tanaka,sofia.tanaka1413@example.com,G50 7AQ,Health,Leeds,1667.41,False,36
POL001414,Noah Chen,noah.chen1414@example.com,G17 3EP,Travel,Cardiff,2525.36,True,133
POL001415,Hannah Okafor,hannah.okafor1415@example.com,S43 5AL,Health,Glasgow,4429.1,False,150
POL001416,Yuki Patel,yuki.patel1416@example.com,G88 5GQ,Home,London,1490.62,True,111
POL001417,Wei Rossi,wei.rossi1417@example.com,A49 5GJ,Auto,Bristol,1994.02,True,151
POL001418,Carlos Rossi,carlos.rossi1418@example.com,S69 5FK,Auto,Glasgow,4034.08,False,127
POL001419,Liam Kowalski,liam.kowalski1419@example.com,B13 4AP,Home,Manchester,920.74,True,16
POL001420,Sofia Nguyen,sofia.nguyen1420@example.com,M45 4GL,Liability,London,4875.44,True,10
POL001421,Sofia Chen,sofia.chen1421@example.com,M56 3DK,Liability,Leeds,4275.02,True,136
POL001422,Wei Chen,wei.chen1422@example.com,E25 1FL,Travel,Liverpool,3423.44,True,72
POL001423,Olu Nguyen,olu.nguyen1423@example.com,N77 4HQ,Health,London,2051.72,True,95
POL001424,Aisha Nguyen,aisha.nguyen1424@example.com,M85 1HK,Home,London,1150.18,False,154
POL001425,Fatima Brown,fatima.brown1425@example.com,N61 7FJ,Health,Birmingham,365.63,True,18
POL001426,Ivan Andersson,ivan.andersson1426@example.com,B18 1AQ,Travel,Leeds,1440.35,True,51
POL001427,Ivan Silva,ivan.silva1427@example.com,E59 6EK,Health,Bristol,541.95,True,155
POL001428,Ivan Smith,ivan.smith1428@example.com,S59 3FL,Travel,Manchester,1177.16,False,93
POL001429,Mohammed Tanaka,mohammed.tanaka1429@example.com,L43 5HN,Auto,Leeds,2111.87,True,22
POL001430,James Smith,james.smith1430@example.com,A81 1GP,Auto,Cardiff,7445.39,True,23
POL001431,Mei Kowalski,mei.kowalski1431@example.com,M72 4HJ,Liability,Bristol,3451.89,True,172
POL001432,Noah Garcia,noah.garcia1432@example.com,G13 8BN,Auto,Liverpool,3730.24,False,111
POL001433,Noah Rossi,noah.rossi1433@example.com,E15 4FJ,Auto,Liverpool,431.12,True,132
POL001434,Mohammed Nguyen,mohammed.nguyen1434@example.com,N46 7HJ,Travel,Glasgow,959.26,False,58
POL001435,Sofia Rossi,sofia.rossi1435@example.com,E47 2DL,Health,Glasgow,5822.65,True,4
POL001436,Olu Ahmed,olu.ahmed1436@example.com,N67 3DN,Liability,Leeds,3513.42,True,169
POL001437,Mary Nguyen,mary.nguyen1437@example.com,B61 3BL,Liability,London,710.71,True,111
POL001438,Aisha Rossi,aisha.rossi1438@example.com,S68 2GK,Travel,Birmingham,1233.71,True,90
POL001439,Olu Khan,olu.khan1439@example.com,N92 5FQ,Auto,London,2929.7,False,173
POL001440,Noah Khan,noah.khan1440@example.com,S27 2FP,Travel,Leeds,4246.96,True,64
POL001441,Mei Tanaka,mei.tanaka1441@example.com,M98 6HJ,Auto,Birmingham,1437.3,False,20
POL001442,Priya Khan,priya.khan1442@example.com,N2 2EL,Auto,Cardiff,8062.29,True,46
POL001443,Liam Chen,liam.chen1443@example.com,G8 2HN,Auto,Bristol,2744.71,True,12
POL001444,Mei Nguyen,mei.nguyen1444@example.com,B40 3HN,Home,Cardiff,2115.3,True,2
POL001445,Yuki Andersson,yuki.andersson1445@example.com,M76 3BN,Home,Cardiff,2761.14,False,87
POL001446,Mei Silva,mei.silva1446@example.com,M22 6DN,Health,Birmingham,5955.36,True,52
POL001447,Liam Patel,liam.patel1447@example.com,E63 4AQ,Home,Leeds,1989.53,True,89
POL001448,Mohammed Rossi,mohammed.rossi1448@example.com,M48 3DJ,Travel,Cardiff,1815.97,True,56
POL001449,James Kowalski,james.kowalski1449@example.com,S50 7EK,Liability,Cardiff,801.27,False,52
POL001450,Olu Andersson,olu.andersson1450@example.com,M20 6HQ,Health,Birmingham,852.04,True,24
POL001451,Fatima Ahmed,fatima.ahmed1451@example.com,A34 6HJ,Travel,Glasgow,4087.86,True,146
POL001452,Aisha Brown,aisha.brown1452@example.com,G71 1FJ,Travel,Cardiff,10933.81,True,101
POL001453,Mohammed Silva,mohammed.silva1453@example.com,A28 1BN,Travel,Cardiff,2349.97,True,119
POL001454,Aisha Khan,aisha.khan1454@example.com,L82 6GN,Home,Birmingham,1081.34,False,175
POL001455,Noah Patel,noah.patel1455@example.com,G81 4DJ,Liability,London,1210.71,True,115
POL001456,Noah Andersson,noah.andersson1456@example.com,B91 1AN,Health,Liverpool,2335.76,True,82
POL001457,Priya Smith,priya.smith1457@example.com,L14 8AJ,Health,Liverpool,10856.11,False,47
POL001458,Ivan Brown,ivan.brown1458@example.com,M65 4GQ,Liability,Birmingham,4012.66,True,48
POL001459,Mary Smith,mary.smith1459@example.com,B6 8EK,Auto,Leeds,5270.06,True,25
POL001460,Yuki Khan,yuki.khan1460@example.com,L91 5HQ,Health,London,3375.11,True,105
POL001461,Yuki Andersson,yuki.andersson1461@example.com,A29 6AK,Health,Liverpool,901.55,True,7
POL001462,Yuki Ahmed,yuki.ahmed1462@example.com,N4 6AQ,Health,London,3597.28,False,70
POL001463,Noah Khan,noah.khan1463@example.com,B21 4BK,Liability,Glasgow,2042.28,True,76
POL001464,Aisha Chen,aisha.chen1464@example.com,N39 6DK,Home,Cardiff,1509.05,True,114
POL001465,Wei Khan,wei.khan1465@example.com,L37 1DK,Health,Glasgow,2048.28,True,6
POL001466,Priya Khan,priya.khan1466@example.com,A8 5BJ,Health,London,676.54,False,90
POL001467,Aisha Khan,aisha.khan1467@example.com,G20 2BJ,Auto,Leeds,1109.48,True,179
POL001468,Ivan Smith,ivan.smith1468@example.com,G86 7EJ,Health,Bristol,853.39,True,20
POL001469,Liam Kowalski,liam.kowalski1469@example.com,N63 6DK,Travel,Glasgow,3135.66,True,53
POL001470,Hannah Smith,hannah.smith1470@example.com,G28 8GN,Health,Bristol,7637.89,True,131
POL001471,Mohammed Brown,mohammed.brown1471@example.com,L21 6GN,Health,Leeds,688.25,True,161
POL001472,Liam Okafor,liam.okafor1472@example.com,M75 3AL,Health,Birmingham,2588.15,True,170
POL001473,Hannah Ali,hannah.ali1473@example.com,E96 3BQ,Travel,Birmingham,1749.86,True,18
POL001474,Liam Tanaka,liam.tanaka1474@example.com,A64 4AJ,Travel,Cardiff,1022.61,True,28
POL001475,Yuki Smith,yuki.smith1475@example.com,G55 3GN,Home,Manchester,2343.6,True,75
POL001476,James Kowalski,james.kowalski1476@example.com,B80 6FK,Liability,London,1461.91,False,60
POL001477,Olu Okafor,olu.okafor1477@example.com,N7 1FQ,Health,Glasgow,1152.86,True,36
POL001478,Fatima Khan,fatima.khan1478@example.com,A56 2HN,Auto,Glasgow,3235.65,False,109
POL001479,Ivan Nguyen,ivan.nguyen1479@example.com,G7 5HJ,Health,Cardiff,1217.63,False,110
POL001480,Olu Garcia,olu.garcia1480@example.com,N36 3FP,Liability,Glasgow,3960.93,True,23
POL001481,Sofia Silva,sofia.silva1481@example.com,S4 2EL,Auto,Bristol,1443.22,False,121
POL001482,Mohammed Kowalski,mohammed.kowalski1482@example.com,G38 4BN,Liability,London,2548.93,True,118
POL001483,Carlos Silva,carlos.silva1483@example.com,A6 2FN,Home,Liverpool,7306.61,False,174
POL001484,Priya Nguyen,priya.nguyen1484@example.com,S94 5FQ,Home,Bristol,4508.84,False,22
POL001485,Yuki Patel,yuki.patel1485@example.com,G43 3HQ,Health,Cardiff,1908.98,False,104
POL001486,Sofia Khan,sofia.khan1486@example.com,L61 7HL,Auto,Bristol,3793.41,False,12
POL001487,Ivan Rossi,ivan.rossi1487@example.com,E1 7BN,Auto,Bristol,4781.59,True,164
POL001488,Liam Brown,liam.brown1488@example.com,N89 2HK,Travel,Bristol,7351.97,True,63
POL001489,Mei Brown,mei.brown1489@example.com,L84 8HN,Travel,Birmingham,1420.71,True,140
POL001490,Hannah Ali,hannah.ali1490@example.com,B61 8BL,Travel,Cardiff,1481.83,False,141
POL001491,Ivan Ahmed,ivan.ahmed1491@example.com,L54 2AQ,Liability,Birmingham,11182.01,False,73
POL001492,Ivan Smith,ivan.smith1492@example.com,B79 7BK,Auto,Glasgow,3931.96,True,63
POL001493,Mohammed Garcia,mohammed.garcia1493@example.com,M38 4EK,Auto,Manchester,682.12,False,78
POL001494,Olu Brown,olu.brown1494@example.com,S16 8GL,Home,Bristol,4135.46,True,9
POL001495,Mohammed Ali,mohammed.ali1495@example.com,N50 2EL,Travel,Cardiff,4953.66,True,126
POL001496,Carlos Chen,carlos.chen1496@example.com,N33 2EN,Travel,London,488.48,False,28
POL001497,Mary Rossi,mary.rossi1497@example.com,L8 6EL,Liability,Liverpool,2039.61,True,89
POL001498,Liam Rossi,liam.rossi1498@example.com,G22 3AP,Travel,Bristol,5675.01,True,44
POL001499,Wei Smith,wei.smith1499@example.com,M44 7AK,Health,Bristol,589.14,False,4
