account_id,contact_name,contact_email,segment,region,arr,renewed,months_to_renewal
ACC000000,Ivan Khan,ivan.khan0@example.com,SMB,Birmingham,41247.45,True,6
ACC000001,Liam Rossi,liam.rossi1@example.com,Mid-Market,Glasgow,31087.9,False,7
ACC000002,Yuki Garcia,yuki.garcia2@example.com,SMB,London,15749.96,True,0
ACC000003,James Brown,james.brown3@example.com,Mid-Market,Liverpool,10241.87,True,11
ACC000004,Aisha Smith,aisha.smith4@example.com,Mid-Market,Leeds,36590.92,True,8
ACC000005,Carlos Chen,carlos.chen5@example.com,Enterprise,Glasgow,27325.09,True,2
ACC000006,Aisha Brown,aisha.brown6@example.com,Enterprise,Manchester,19172.51,True,0
ACC000007,Aisha Brown,aisha.brown7@example.com,SMB,Birmingham,4869.45,True,5
ACC000008,Ivan Tanaka,ivan.tanaka8@example.com,Enterprise,Leeds,74228.65,True,5
ACC000009,Priya Ahmed,priya.ahmed9@example.com,Enterprise,Manchester,21224.14,True,4
ACC000010,Noah Ali,noah.ali10@example.com,Enterprise,Cardiff,23239.3,True,9
ACC000011,Mei Patel,mei.patel11@example.com,Enterprise,London,11130.95,True,9
ACC000012,Wei Okafor,wei.okafor12@example.com,SMB,Manchester,25694.21,True,9
ACC000013,Noah Ali,noah.ali13@example.com,SMB,London,42122.24,True,10
ACC000014,Noah Okafor,noah.okafor14@example.com,SMB,Bristol,15050.54,True,1
ACC000015,Mei Andersson,mei.andersson15@example.com,SMB,Manchester,12499.51,False,2
ACC000016,Mary Brown,mary.brown16@example.com,Mid-Market,Manchester,66811.19,False,8
ACC000017,Mary Garcia,mary.garcia17@example.com,Enterprise,Liverpool,17550.24,False,8
ACC000018,Hannah Rossi,hannah.rossi18@example.com,Mid-Market,Cardiff,56825.37,True,4
ACC000019,Wei Nguyen,wei.nguyen19@example.com,Mid-Market,London,27217.22,True,10
ACC000020,Mary Patel,mary.patel20@example.com,Enterprise,Bristol,56320.7,True,9
ACC000021,Liam Silva,liam.silva21@example.com,Enterprise,Birmingham,16385.12,True,2
ACC000022,Mei Silva,mei.silva22@example.com,Mid-Market,Bristol,18226.72,True,4
ACC000023,Ivan Okafor,ivan.okafor23@example.com,Mid-Market,Birmingham,42875.05,True,1
ACC000024,Aisha Kowalski,aisha.kowalski24@example.com,SMB,Cardiff,4056.19,True,8
ACC000025,Mary Garcia,mary.garcia25@example.com,Mid-Market,Birmingham,8067.38,False,2
ACC000026,Mei Silva,mei.silva26@example.com,Enterprise,Bristol,4312.59,True,1
ACC000027,Mary Okafor,mary.okafor27@example.com,SMB,Leeds,11229.52,False,6
ACC000028,Sofia Rossi,sofia.rossi28@example.com,SMB,Liverpool,27997.39,False,9
ACC000029,Noah Andersson,noah.andersson29@example.com,Enterprise,Birmingham,11735.05,True,7
ACC000030,Noah Smith,noah.smith30@example.com,Mid-Market,Cardiff,20988.23,True,6
ACC000031,Mohammed Kowalski,mohammed.kowalski31@example.com,SMB,Cardiff,39365.45,False,9
ACC000032,Priya Kowalski,priya.kowalski32@example.com,Enterprise,Liverpool,29625.4,True,11
ACC000033,Liam Ali,liam.ali33@example.com,Enterprise,Manchester,13224.93,True,8
ACC000034,Ivan Ali,ivan.ali34@example.com,Mid-Market,Bristol,7236.29,True,3
ACC000035,Priya Nguyen,priya.nguyen35@example.com,Mid-Market,Liverpool,3842.78,True,3
ACC000036,Fatima Ahmed,fatima.ahmed36@example.com,Enterprise,Glasgow,13765.26,False,9
ACC000037,Wei Andersson,wei.andersson37@example.com,SMB,Cardiff,27320.58,True,5
ACC000038,Olu Ali,olu.ali38@example.com,Enterprise,Manchester,14479.01,True,1
ACC000039,Olu Rossi,olu.rossi39@example.com,Mid-Market,Liverpool,13666.29,True,2
ACC000040,Mary Patel,mary.patel40@example.com,Mid-Market,Leeds,18392.49,True,8
ACC000041,Mohammed Brown,mohammed.brown41@example.com,SMB,Bristol,6696.41,False,8
ACC000042,Ivan Smith,ivan.smith42@example.com,Mid-Market,Bristol,17445.58,False,2
ACC000043,James Khan,james.khan43@example.com,SMB,Liverpool,43842.17,True,1
ACC000044,Carlos Okafor,carlos.okafor44@example.com,Enterprise,Bristol,9382.55,True,11
ACC000045,Sofia Patel,sofia.patel45@example.com,Mid-Market,Manchester,17782.76,True,8
ACC000046,Mei Silva,mei.silva46@example.com,Enterprise,Manchester,7607.58,True,1
ACC000047,Olu Ali,olu.ali47@example.com,SMB,Glasgow,21518.53,True,3
ACC000048,Yuki Kowalski,yuki.kowalski48@example.com,Enterprise,Cardiff,30858.39,True,7
ACC000049,Olu Chen,olu.chen49@example.com,Mid-Market,Cardiff,12563.42,True,10
ACC000050,Mei Rossi,mei.rossi50@example.com,SMB,Liverpool,37403.24,True,2
ACC000051,Aisha Patel,aisha.patel51@example.com,SMB,Leeds,37369.81,True,6
ACC000052,Aisha Ahmed,aisha.ahmed52@example.com,Mid-Market,Birmingham,5685.88,True,2
ACC000053,Aisha Okafor,aisha.okafor53@example.com,Enterprise,Leeds,46876.05,True,1
ACC000054,Liam Smith,liam.smith54@example.com,Mid-Market,Bristol,27946.95,True,8
ACC000055,Mohammed Ali,mohammed.ali55@example.com,Enterprise,Liverpool,11540.43,True,7
ACC000056,Noah Ahmed,noah.ahmed56@example.com,SMB,London,3487.47,True,8
ACC000057,Mei Rossi,mei.rossi57@example.com,Enterprise,Birmingham,43006.69,True,0
ACC000058,Aisha Smith,aisha.smith58@example.com,SMB,Manchester,3771.94,True,2
ACC000059,Olu Brown,olu.brown59@example.com,Enterprise,Birmingham,10923.81,False,3
ACC000060,Ivan Chen,ivan.chen60@example.com,Enterprise,London,24451.4,False,1
ACC000061,Carlos Ahmed,carlos.ahmed61@example.com,Mid-Market,London,28301.0,True,9
ACC000062,Sofia Andersson,sofia.andersson62@example.com,SMB,Leeds,22825.62,True,7
ACC000063,Sofia Khan,sofia.khan63@example.com,Mid-Market,Glasgow,37679.02,True,10
ACC000064,Priya Khan,priya.khan64@example.com,Enterprise,London,33156.81,False,4
ACC000065,Priya Nguyen,priya.nguyen65@example.com,Enterprise,London,23565.23,True,2
ACC000066,Sofia Rossi,sofia.rossi66@example.com,SMB,London,10590.16,True,9
ACC000067,Liam Garcia,liam.garcia67@example.com,Enterprise,London,9527.89,True,2
ACC000068,Mary Brown,mary.brown68@example.com,SMB,Birmingham,20680.62,True,6
ACC000069,Carlos Smith,carlos.smith69@example.com,SMB,Birmingham,16397.69,True,8
ACC000070,Noah Kowalski,noah.kowalski70@example.com,Enterprise,Leeds,36623.23,True,2
ACC000071,Hannah Rossi,hannah.rossi71@example.com,SMB,Glasgow,20930.9,False,4
ACC000072,Carlos Patel,carlos.patel72@example.com,Mid-Market,Bristol,12928.5,True,1
ACC000073,Aisha Brown,aisha.brown73@example.com,Enterprise,Bristol,13583.81,True,8
ACC000074,Mary Khan,mary.khan74@example.com,SMB,Leeds,7613.36,True,7
ACC000075,Aisha Andersson,aisha.andersson75@example.com,SMB,Bristol,5593.18,False,7
ACC000076,Noah Ali,noah.ali76@example.com,Mid-Market,London,13487.57,True,9
ACC000077,Priya Brown,priya.brown77@example.com,Mid-Market,Bristol,75800.73,True,4
ACC000078,Sofia Rossi,sofia.rossi78@example.com,Mid-Market,Manchester,15412.28,False,7
ACC000079,Carlos Rossi,carlos.rossi79@example.com,Mid-Market,Liverpool,3818.04,False,1
ACC000080,Sofia Silva,sofia.silva80@example.com,Enterprise,Manchester,10429.48,True,10
ACC000081,Wei Andersson,wei.andersson81@example.com,Enterprise,London,8732.33,True,1
ACC000082,Sofia Andersson,sofia.andersson82@example.com,Enterprise,Glasgow,29607.98,False,10
ACC000083,Hannah Rossi,hannah.rossi83@example.com,Enterprise,Manchester,38297.76,True,5
ACC000084,Mary Rossi,mary.rossi84@example.com,SMB,Manchester,2619.79,False,0
ACC000085,Ivan Ahmed,ivan.ahmed85@example.com,SMB,Glasgow,54890.34,True,10
ACC000086,Aisha Okafor,aisha.okafor86@example.com,Enterprise,Liverpool,36942.04,True,7
ACC000087,Mary Smith,mary.smith87@example.com,Mid-Market,Manchester,32437.29,True,1
ACC000088,James Silva,james.silva88@example.com,SMB,London,14721.7,True,5
ACC000089,Noah Okafor,noah.okafor89@example.com,SMB,Manchester,30276.91,True,5
ACC000090,Mei Ali,mei.ali90@example.com,Enterprise,Birmingham,16512.52,True,5
ACC000091,Priya Patel,priya.patel91@example.com,SMB,Cardiff,39860.27,True,2
ACC000092,Liam Kowalski,liam.kowalski92@example.com,Enterprise,London,10142.91,True,9
ACC000093,Ivan Smith,ivan.smith93@example.com,Enterprise,Birmingham,56090.46,True,1
ACC000094,Priya Brown,priya.brown94@example.com,Enterprise,Bristol,64938.2,True,8
ACC000095,Sofia Kowalski,sofia.kowalski95@example.com,SMB,London,29228.88,False,3
ACC000096,Hannah Khan,hannah.khan96@example.com,Enterprise,Glasgow,7987.87,True,7
ACC000097,Olu Okafor,olu.okafor97@example.com,Mid-Market,Liverpool,39453.57,True,1
ACC000098,Liam Silva,liam.silva98@example.com,Enterprise,Liverpool,21782.86,True,3
ACC000099,Priya Tanaka,priya.tanaka99@example.com,SMB,Leeds,17310.61,True,8
ACC000100,Liam Andersson,liam.andersson100@example.com,Enterprise,Leeds,21324.92,True,10
ACC000101,James Smith,james.smith101@example.com,SMB,Glasgow,5767.34,True,2
ACC000102,James Chen,james.chen102@example.com,Enterprise,Leeds,20619.6,True,2
ACC000103,Wei Rossi,wei.rossi103@example.com,Mid-Market,Bristol,34066.5,True,5
ACC000104,Priya Silva,priya.silva104@example.com,Mid-Market,Cardiff,1967.2,True,1
ACC000105,Noah Silva,noah.silva105@example.com,Mid-Market,Bristol,19423.64,True,8
ACC000106,Priya Garcia,priya.garcia106@example.com,Enterprise,Glasgow,8777.43,True,0
ACC000107,Sofia Chen,sofia.chen107@example.com,Enterprise,Liverpool,13102.63,True,2
ACC000108,Mei Garcia,mei.garcia108@example.com,Mid-Market,Manchester,79807.13,True,1
ACC000109,Mary Tanaka,mary.tanaka109@example.com,Mid-Market,Liverpool,5145.7,True,4
ACC000110,Mohammed Ali,mohammed.ali110@example.com,Mid-Market,Birmingham,18670.19,True,2
ACC000111,Carlos Ahmed,carlos.ahmed111@example.com,Mid-Market,Cardiff,9578.41,False,5
ACC000112,Yuki Chen,yuki.chen112@example.com,Enterprise,Leeds,19081.38,True,10
ACC000113,Carlos Smith,carlos.smith113@example.com,Mid-Market,Leeds,60436.48,True,9
ACC000114,James Ahmed,james.ahmed114@example.com,Enterprise,Leeds,37395.24,True,1
ACC000115,Priya Ahmed,priya.ahmed115@example.com,SMB,Birmingham,3286.43,False,7
ACC000116,Hannah Brown,hannah.brown116@example.com,Enterprise,Birmingham,21164.1,True,0
ACC000117,Priya Garcia,priya.garcia117@example.com,Mid-Market,Birmingham,12026.1,True,4
ACC000118,Liam Brown,liam.brown118@example.com,SMB,Cardiff,8975.9,False,0
ACC000119,Yuki Kowalski,yuki.kowalski119@example.com,Enterprise,Leeds,21697.27,True,6
ACC000120,Aisha Brown,aisha.brown120@example.com,Mid-Market,London,16588.91,True,3
ACC000121,Hannah Khan,hannah.khan121@example.com,SMB,Liverpool,2937.57,True,11
ACC000122,Aisha Garcia,aisha.garcia122@example.com,SMB,London,30859.38,True,2
ACC000123,James Okafor,james.okafor123@example.com,Enterprise,Birmingham,24749.8,True,2
ACC000124,Priya Khan,priya.khan124@example.com,Mid-Market,Glasgow,25565.48,False,3
ACC000125,Wei Ali,wei.ali125@example.com,Mid-Market,Glasgow,1741.23,False,11
ACC000126,Mohammed Nguyen,mohammed.nguyen126@example.com,SMB,Cardiff,9798.1,False,1
ACC000127,Priya Ali,priya.ali127@example.com,SMB,Leeds,3357.11,True,6
ACC000128,Mohammed Andersson,mohammed.andersson128@example.com,Enterprise,Bristol,17704.96,True,0
ACC000129,Aisha Garcia,aisha.garcia129@example.com,SMB,Glasgow,13858.01,True,8
ACC000130,Mohammed Nguyen,mohammed.nguyen130@example.com,Enterprise,London,20882.21,True,0
ACC000131,Mohammed Ahmed,mohammed.ahmed131@example.com,SMB,Birmingham,3849.09,True,6
ACC000132,Mohammed Garcia,mohammed.garcia132@example.com,Mid-Market,Bristol,16317.56,True,6
ACC000133,Wei Silva,wei.silva133@example.com,Enterprise,Glasgow,31680.75,True,4
ACC000134,Mei Patel,mei.patel134@example.com,Mid-Market,Bristol,5770.25,True,5
ACC000135,Mary Okafor,mary.okafor135@example.com,SMB,Birmingham,27130.0,True,6
ACC000136,James Rossi,james.rossi136@example.com,Enterprise,Birmingham,29054.84,True,3
ACC000137,Noah Silva,noah.silva137@example.com,SMB,Bristol,2825.18,False,10
ACC000138,Ivan Khan,ivan.khan138@example.com,SMB,Liverpool,9996.41,True,4
ACC000139,Wei Garcia,wei.garcia139@example.com,Mid-Market,Cardiff,37222.42,False,2
ACC000140,Ivan Kowalski,ivan.kowalski140@example.com,Mid-Market,Liverpool,17044.07,True,9
ACC000141,Priya Okafor,priya.okafor141@example.com,Mid-Market,London,7546.62,True,2
ACC000142,Fatima Smith,fatima.smith142@example.com,Enterprise,Bristol,5585.04,True,11
ACC000143,Mary Patel,mary.patel143@example.com,SMB,Liverpool,13888.77,True,8
ACC000144,Mary Silva,mary.silva144@example.com,SMB,Cardiff,21074.94,True,3
ACC000145,Hannah Tanaka,hannah.tanaka145@example.com,Mid-Market,Manchester,37299.6,False,7
ACC000146,Mary Garcia,mary.garcia146@example.com,Mid-Market,Cardiff,9664.18,True,4
ACC000147,Mohammed Ahmed,mohammed.ahmed147@example.com,Enterprise,Manchester,8865.2,True,6
ACC000148,Sofia Ali,sofia.ali148@example.com,Enterprise,Leeds,5933.36,True,0
ACC000149,Priya Nguyen,priya.nguyen149@example.com,Enterprise,Liverpool,48678.55,True,9
ACC000150,Noah Brown,noah.brown150@example.com,Mid-Market,Manchester,13115.59,True,1
ACC000151,Olu Chen,olu.chen151@example.com,Mid-Market,Bristol,7722.95,True,3
ACC000152,James Nguyen,james.nguyen152@example.com,Enterprise,Leeds,23234.5,True,2
ACC000153,James Kowalski,james.kowalski153@example.com,Mid-Market,Cardiff,11667.0,True,9
ACC000154,James Kowalski,james.kowalski154@example.com,Mid-Market,Cardiff,34966.55,True,4
ACC000155,Mary Khan,mary.khan155@example.com,Mid-Market,Cardiff,22765.12,True,10
ACC000156,Priya Brown,priya.brown156@example.com,SMB,Bristol,26218.47,True,9
ACC000157,Wei Chen,wei.chen157@example.com,Enterprise,Bristol,5385.18,True,10
ACC000158,Mary Okafor,mary.okafor158@example.com,SMB,Cardiff,11130.3,True,5
ACC000159,Noah Nguyen,noah.nguyen159@example.com,Mid-Market,Liverpool,8644.99,True,6
ACC000160,Mary Garcia,mary.garcia160@example.com,Mid-Market,Leeds,33926.42,True,5
ACC000161,Mary Patel,mary.patel161@example.com,Enterprise,London,28242.93,True,10
ACC000162,Olu Ali,olu.ali162@example.com,SMB,London,21097.28,True,2
ACC000163,Olu Rossi,olu.rossi163@example.com,Enterprise,Birmingham,8551.29,True,5
ACC000164,Aisha Silva,aisha.silva164@example.com,SMB,Cardiff,46478.01,True,7
ACC000165,Noah Ali,noah.ali165@example.com,Mid-Market,London,80758.52,False,10
ACC000166,Mei Khan,mei.khan166@example.com,SMB,Leeds,11854.14,False,8
ACC000167,Aisha Okafor,aisha.okafor167@example.com,Mid-Market,Liverpool,14241.69,True,6
ACC000168,James Ali,james.ali168@example.com,Mid-Market,London,32637.79,False,4
ACC000169,Mary Tanaka,mary.tanaka169@example.com,SMB,Birmingham,12525.56,True,8
ACC000170,Wei Chen,wei.chen170@example.com,Enterprise,Birmingham,32995.47,False,4
ACC000171,Mary Patel,mary.patel171@example.com,SMB,Glasgow,8992.08,False,3
ACC000172,Olu Ali,olu.ali172@example.com,SMB,Leeds,4073.45,True,6
ACC000173,Fatima Ali,fatima.ali173@example.com,SMB,Bristol,21499.86,True,5
ACC000174,Sofia Brown,sofia.brown174@example.com,SMB,Leeds,24973.4,False,10
ACC000175,James Patel,james.patel175@example.com,Enterprise,Birmingham,35816.31,True,3
ACC000176,Priya Smith,priya.smith176@example.com,SMB,London,18423.12,False,3
ACC000177,Mary Okafor,mary.okafor177@example.com,SMB,London,4287.44,True,11
ACC000178,Aisha Tanaka,aisha.tanaka178@example.com,SMB,Leeds,19236.39,True,1
ACC000179,Fatima Silva,fatima.silva179@example.com,Enterprise,Birmingham,24370.54,True,11
ACC000180,Ivan Kowalski,ivan.kowalski180@example.com,Enterprise,London,18516.49,True,10
ACC000181,Sofia Andersson,sofia.andersson181@example.com,SMB,Bristol,2255.99,True,4
ACC000182,Aisha Tanaka,aisha.tanaka182@example.com,Enterprise,Cardiff,15105.42,True,1
ACC000183,James Smith,james.smith183@example.com,Enterprise,Glasgow,11113.99,True,5
ACC000184,James Okafor,james.okafor184@example.com,SMB,Glasgow,10272.15,True,7
ACC000185,Sofia Ali,sofia.ali185@example.com,Enterprise,Liverpool,35513.72,True,5
ACC000186,Sofia Garcia,sofia.garcia186@example.com,Mid-Market,Birmingham,1944.24,False,7
ACC000187,Olu Ahmed,olu.ahmed187@example.com,Mid-Market,Bristol,20322.26,False,2
ACC000188,Olu Silva,olu.silva188@example.com,Mid-Market,London,11794.47,False,0
ACC000189,Hannah Khan,hannah.khan189@example.com,Mid-Market,Manchester,21336.87,False,9
ACC000190,Wei Ahmed,wei.ahmed190@example.com,Mid-Market,Bristol,10964.97,True,4
ACC000191,Carlos Andersson,carlos.andersson191@example.com,SMB,Bristol,17050.57,True,9
ACC000192,Priya Tanaka,priya.tanaka192@example.com,Mid-Market,Birmingham,47122.83,True,1
ACC000193,James Tanaka,james.tanaka193@example.com,Mid-Market,Liverpool,55857.72,True,4
ACC000194,Fatima Ali,fatima.ali194@example.com,Mid-Market,London,11256.63,True,2
ACC000195,Mary Ahmed,mary.ahmed195@example.com,Enterprise,Liverpool,13439.31,False,1
ACC000196,Aisha Tanaka,aisha.tanaka196@example.com,Mid-Market,London,7733.22,True,9
ACC000197,James Smith,james.smith197@example.com,Enterprise,London,12512.8,True,8
ACC000198,Yuki Nguyen,yuki.nguyen198@example.com,SMB,Glasgow,901.67,True,0
ACC000199,Sofia Brown,sofia.brown199@example.com,SMB,Leeds,38849.55,False,3
ACC000200,Mei Rossi,mei.rossi200@example.com,SMB,Leeds,18021.27,False,6
ACC000201,Noah Brown,noah.brown201@example.com,Mid-Market,Manchester,13040.41,True,4
ACC000202,Liam Ahmed,liam.ahmed202@example.com,Mid-Market,Glasgow,8866.05,True,9
ACC000203,Mei Brown,mei.brown203@example.com,Mid-Market,London,17293.15,True,10
ACC000204,Hannah Chen,hannah.chen204@example.com,Mid-Market,Bristol,38042.84,True,5
ACC000205,Sofia Khan,sofia.khan205@example.com,Enterprise,Glasgow,13687.25,True,1
ACC000206,Mei Ahmed,mei.ahmed206@example.com,SMB,Glasgow,9242.11,True,3
ACC000207,Sofia Silva,sofia.silva207@example.com,SMB,Glasgow,9602.39,True,11
ACC000208,Fatima Khan,fatima.khan208@example.com,Enterprise,Cardiff,24525.42,True,6
ACC000209,Aisha Silva,aisha.silva209@example.com,Enterprise,Liverpool,25170.4,True,2
ACC000210,Sofia Silva,sofia.silva210@example.com,SMB,Glasgow,23492.67,True,9
ACC000211,Wei Chen,wei.chen211@example.com,Mid-Market,Bristol,24408.12,True,1
ACC000212,Priya Garcia,priya.garcia212@example.com,Enterprise,Leeds,5980.85,True,5
ACC000213,Carlos Kowalski,carlos.kowalski213@example.com,SMB,Cardiff,26849.67,True,5
ACC000214,Mei Kowalski,mei.kowalski214@example.com,Mid-Market,Leeds,2041.32,True,8
ACC000215,Aisha Smith,aisha.smith215@example.com,Mid-Market,Birmingham,28009.91,True,2
ACC000216,Sofia Smith,sofia.smith216@example.com,SMB,Manchester,33653.26,True,6
ACC000217,Mohammed Okafor,mohammed.okafor217@example.com,Enterprise,Liverpool,8074.11,True,5
ACC000218,Olu Brown,olu.brown218@example.com,SMB,London,78810.88,True,2
ACC000219,Aisha Rossi,aisha.rossi219@example.com,Mid-Market,London,21500.84,True,7
ACC000220,Noah Patel,noah.patel220@example.com,SMB,Glasgow,15365.04,True,9
ACC000221,Aisha Khan,aisha.khan221@example.com,Mid-Market,Leeds,34511.38,True,8
ACC000222,Mohammed Silva,mohammed.silva222@example.com,SMB,Birmingham,9908.19,True,4
ACC000223,Noah Nguyen,noah.nguyen223@example.com,Mid-Market,Cardiff,30631.8,True,6
ACC000224,Liam Chen,liam.chen224@example.com,SMB,Liverpool,33945.83,True,6
ACC000225,Mohammed Chen,mohammed.chen225@example.com,SMB,Glasgow,6660.08,True,7
ACC000226,Mohammed Ali,mohammed.ali226@example.com,Mid-Market,Bristol,6003.32,True,10
ACC000227,Liam Garcia,liam.garcia227@example.com,SMB,Cardiff,14842.32,True,11
ACC000228,Olu Chen,olu.chen228@example.com,SMB,Cardiff,55457.91,True,6
ACC000229,Hannah Kowalski,hannah.kowalski229@example.com,SMB,Glasgow,28803.95,True,11
ACC000230,Mohammed Tanaka,mohammed.tanaka230@example.com,Enterprise,Manchester,44716.56,True,3
ACC000231,Olu Rossi,olu.rossi231@example.com,Enterprise,Manchester,70357.24,True,11
ACC000232,Hannah Nguyen,hannah.nguyen232@example.com,Mid-Market,Leeds,35686.78,True,8
ACC000233,James Khan,james.khan233@example.com,SMB,Leeds,54925.66,True,6
ACC000234,Sofia Andersson,sofia.andersson234@example.com,SMB,Bristol,11914.32,False,9
ACC000235,Priya Ali,priya.ali235@example.com,Enterprise,Glasgow,78731.14,False,11
ACC000236,Wei Brown,wei.brown236@example.com,Mid-Market,Birmingham,19402.42,False,10
ACC000237,Olu Tanaka,olu.tanaka237@example.com,SMB,London,8402.65,True,0
ACC000238,Mei Ali,mei.ali238@example.com,SMB,Bristol,4028.84,True,0
ACC000239,Hannah Nguyen,hannah.nguyen239@example.com,Mid-Market,Bristol,53844.47,True,2
ACC000240,Wei Kowalski,wei.kowalski240@example.com,Enterprise,Manchester,16856.64,False,0
ACC000241,James Ali,james.ali241@example.com,SMB,Bristol,43219.9,True,6
ACC000242,Mei Ahmed,mei.ahmed242@example.com,Enterprise,Birmingham,9568.4,True,4
ACC000243,Olu Okafor,olu.okafor243@example.com,Enterprise,Manchester,26921.19,True,0
ACC000244,Mei Patel,mei.patel244@example.com,SMB,Cardiff,29582.69,True,9
ACC000245,Mohammed Kowalski,mohammed.kowalski245@example.com,Enterprise,Birmingham,30689.51,True,9
ACC000246,Wei Chen,wei.chen246@example.com,Enterprise,Bristol,4785.21,True,2
ACC000247,Priya Patel,priya.patel247@example.com,Enterprise,Liverpool,15726.57,True,9
ACC000248,Priya Garcia,priya.garcia248@example.com,Enterprise,London,35260.51,True,4
ACC000249,Sofia Okafor,sofia.okafor249@example.com,Mid-Market,Leeds,38155.21,True,5
ACC000250,James Nguyen,james.nguyen250@example.com,Enterprise,Leeds,10562.61,True,3
ACC000251,Yuki Silva,yuki.silva251@example.com,SMB,Liverpool,10202.04,False,3
ACC000252,James Rossi,james.rossi252@example.com,Mid-Market,Bristol,18815.39,True,1
ACC000253,Mohammed Smith,mohammed.smith253@example.com,Enterprise,Liverpool,8137.76,True,4
ACC000254,Mei Tanaka,mei.tanaka254@example.com,Enterprise,Cardiff,45200.22,False,2
ACC000255,Aisha Patel,aisha.patel255@example.com,Enterprise,Cardiff,8546.1,True,4
ACC000256,Fatima Patel,fatima.patel256@example.com,Mid-Market,Birmingham,21094.37,False,11
ACC000257,Yuki Chen,yuki.chen257@example.com,Mid-Market,London,12074.18,False,3
ACC000258,Hannah Chen,hannah.chen258@example.com,Mid-Market,Manchester,37811.4,True,8
ACC000259,Sofia Ali,sofia.ali259@example.com,Enterprise,Birmingham,468.14,True,0
ACC000260,Mary Garcia,mary.garcia260@example.com,Mid-Market,Bristol,32137.23,True,5
ACC000261,Ivan Smith,ivan.smith261@example.com,SMB,Manchester,5271.18,True,0
ACC000262,Mei Silva,mei.silva262@example.com,SMB,Glasgow,19359.53,True,8
ACC000263,Aisha Rossi,aisha.rossi263@example.com,Enterprise,Glasgow,22518.96,True,9
ACC000264,Liam Tanaka,liam.tanaka264@example.com,SMB,Birmingham,32078.88,True,1
ACC000265,Mary Kowalski,mary.kowalski265@example.com,Enterprise,Bristol,15452.43,False,7
ACC000266,Olu Patel,olu.patel266@example.com,Enterprise,Liverpool,25240.3,True,0
ACC000267,Fatima Chen,fatima.chen267@example.com,SMB,Leeds,7730.74,True,4
ACC000268,Carlos Nguyen,carlos.nguyen268@example.com,Mid-Market,Manchester,10884.72,True,11
ACC000269,Yuki Khan,yuki.khan269@example.com,SMB,Glasgow,23750.15,False,3
ACC000270,Olu Nguyen,olu.nguyen270@example.com,Enterprise,Birmingham,9996.57,True,7
ACC000271,Mary Garcia,mary.garcia271@example.com,SMB,London,9306.37,False,2
ACC000272,Fatima Garcia,fatima.garcia272@example.com,Mid-Market,Birmingham,12521.57,True,1
ACC000273,Wei Rossi,wei.rossi273@example.com,Mid-Market,Glasgow,80428.14,True,6
ACC000274,Noah Kowalski,noah.kowalski274@example.com,Enterprise,Liverpool,20275.22,True,1
ACC000275,Fatima Rossi,fatima.rossi275@example.com,Mid-Market,Manchester,4890.27,True,0
ACC000276,Carlos Smith,carlos.smith276@example.com,Enterprise,Birmingham,55024.72,True,8
ACC000277,Mei Ahmed,mei.ahmed277@example.com,Enterprise,Cardiff,45788.71,True,6
ACC000278,Fatima Chen,fatima.chen278@example.com,Mid-Market,Birmingham,6634.2,False,6
ACC000279,Carlos Tanaka,carlos.tanaka279@example.com,Mid-Market,Leeds,29220.42,True,7
ACC000280,Sofia Brown,sofia.brown280@example.com,Enterprise,Manchester,26112.43,True,3
ACC000281,Noah Andersson,noah.andersson281@example.com,SMB,Cardiff,8194.49,True,10
ACC000282,Noah Chen,noah.chen282@example.com,SMB,Manchester,66784.7,True,6
ACC000283,Olu Kowalski,olu.kowalski283@example.com,Enterprise,London,16749.75,True,5
ACC000284,Mary Smith,mary.smith284@example.com,Enterprise,Glasgow,8649.74,True,3
ACC000285,Mary Ali,mary.ali285@example.com,Mid-Market,London,9516.09,True,11
ACC000286,James Ahmed,james.ahmed286@example.com,SMB,Manchester,31876.77,True,5
ACC000287,Sofia Tanaka,sofia.tanaka287@example.com,Enterprise,Birmingham,27732.64,False,3
ACC000288,Liam Khan,liam.khan288@example.com,Enterprise,Liverpool,20496.16,True,11
ACC000289,Mei Ahmed,mei.ahmed289@example.com,Enterprise,Birmingham,20562.98,False,3
ACC000290,Priya Silva,priya.silva290@example.com,Enterprise,Glasgow,27858.93,True,11
ACC000291,Liam Rossi,liam.rossi291@example.com,SMB,Birmingham,42202.8,False,9
ACC000292,Mei Andersson,mei.andersson292@example.com,Enterprise,Bristol,48583.01,False,2
ACC000293,Sofia Tanaka,sofia.tanaka293@example.com,Mid-Market,Manchester,30990.64,True,9
ACC000294,Sofia Brown,sofia.brown294@example.com,SMB,London,22072.79,True,7
ACC000295,Olu Patel,olu.patel295@example.com,SMB,Bristol,20411.12,False,10
ACC000296,Fatima Rossi,fatima.rossi296@example.com,SMB,Bristol,10077.14,True,4
ACC000297,Hannah Nguyen,hannah.nguyen297@example.com,SMB,Manchester,52589.55,True,6
ACC000298,Mary Silva,mary.silva298@example.com,Enterprise,Manchester,8408.49,True,2
ACC000299,Ivan Kowalski,ivan.kowalski299@example.com,Mid-Market,London,37904.97,True,11
ACC000300,Mei Okafor,mei.okafor300@example.com,SMB,Liverpool,21109.83,True,9
ACC000301,Hannah Rossi,hannah.rossi301@example.com,Enterprise,Glasgow,16384.73,False,5
ACC000302,Aisha Nguyen,aisha.nguyen302@example.com,Mid-Market,Birmingham,14953.01,True,8
ACC000303,Liam Patel,liam.patel303@example.com,Enterprise,Cardiff,44310.8,True,11
ACC000304,Yuki Garcia,yuki.garcia304@example.com,Mid-Market,Leeds,14426.58,True,5
ACC000305,Ivan Khan,ivan.khan305@example.com,Mid-Market,Bristol,7763.66,True,0
ACC000306,Wei Ahmed,wei.ahmed306@example.com,Mid-Market,Birmingham,33202.97,True,0
ACC000307,Olu Silva,olu.silva307@example.com,Mid-Market,London,88208.99,True,3
ACC000308,Yuki Chen,yuki.chen308@example.com,Mid-Market,Liverpool,49736.45,True,3
ACC000309,Mei Andersson,mei.andersson309@example.com,Mid-Market,Liverpool,10258.45,True,11
ACC000310,James Patel,james.patel310@example.com,SMB,Manchester,43668.53,True,11
ACC000311,Yuki Silva,yuki.silva311@example.com,Enterprise,London,11344.37,True,5
ACC000312,Olu Rossi,olu.rossi312@example.com,Enterprise,Glasgow,18757.79,True,0
ACC000313,Hannah Khan,hannah.khan313@example.com,Mid-Market,Glasgow,4635.49,True,3
ACC000314,Liam Nguyen,liam.nguyen314@example.com,Enterprise,Bristol,27896.45,True,1
ACC000315,Ivan Andersson,ivan.andersson315@example.com,SMB,Cardiff,31986.14,True,2
ACC000316,Wei Brown,wei.brown316@example.com,Enterprise,Bristol,1670.16,False,3
ACC000317,Olu Okafor,olu.okafor317@example.com,Enterprise,Cardiff,42746.4,False,5
ACC000318,Hannah Chen,hannah.chen318@example.com,Mid-Market,London,92421.31,True,5
ACC000319,Sofia Kowalski,sofia.kowalski319@example.com,SMB,Bristol,23075.35,True,1
ACC000320,Mei Kowalski,mei.kowalski320@example.com,Mid-Market,Glasgow,11960.55,True,8
ACC000321,Aisha Andersson,aisha.andersson321@example.com,SMB,Leeds,10709.02,True,8
ACC000322,Wei Ahmed,wei.ahmed322@example.com,Mid-Market,Liverpool,8770.41,False,10
ACC000323,Fatima Patel,fatima.patel323@example.com,Mid-Market,Leeds,32101.81,True,9
ACC000324,Fatima Tanaka,fatima.tanaka324@example.com,SMB,Cardiff,19146.64,True,5
ACC000325,Yuki Patel,yuki.patel325@example.com,SMB,Cardiff,12713.12,True,9
ACC000326,Yuki Nguyen,yuki.nguyen326@example.com,SMB,Glasgow,1397.26,True,0
ACC000327,Mei Ahmed,mei.ahmed327@example.com,Mid-Market,Birmingham,5011.99,True,4
ACC000328,Fatima Khan,fatima.khan328@example.com,Enterprise,Manchester,32982.73,True,5
ACC000329,Yuki Rossi,yuki.rossi329@example.com,Enterprise,Cardiff,30448.39,False,5
ACC000330,Liam Okafor,liam.okafor330@example.com,Enterprise,Glasgow,20738.03,True,2
ACC000331,Yuki Smith,yuki.smith331@example.com,Mid-Market,Bristol,30578.9,True,3
ACC000332,Wei Ali,wei.ali332@example.com,Mid-Market,Manchester,33748.04,True,9
ACC000333,Aisha Khan,aisha.khan333@example.com,Enterprise,London,16162.16,False,8
ACC000334,Yuki Kowalski,yuki.kowalski334@example.com,Mid-Market,Glasgow,31090.97,True,9
ACC000335,Liam Patel,liam.patel335@example.com,Mid-Market,London,12288.65,True,5
ACC000336,Priya Rossi,priya.rossi336@example.com,Mid-Market,London,12923.37,True,0
ACC000337,James Khan,james.khan337@example.com,SMB,Manchester,21033.09,True,4
ACC000338,Yuki Nguyen,yuki.nguyen338@example.com,SMB,London,12292.34,True,1
ACC000339,Wei Chen,wei.chen339@example.com,Mid-Market,Cardiff,3292.48,False,8
ACC000340,Priya Rossi,priya.rossi340@example.com,Enterprise,Liverpool,9234.84,True,10
ACC000341,Carlos Brown,carlos.brown341@example.com,Mid-Market,Glasgow,7245.8,True,10
ACC000342,Mei Patel,mei.patel342@example.com,Mid-Market,Liverpool,8340.04,False,10
ACC000343,Fatima Andersson,fatima.andersson343@example.com,SMB,London,37021.91,False,4
ACC000344,Priya Andersson,priya.andersson344@example.com,Enterprise,Birmingham,24807.43,True,3
ACC000345,Aisha Ali,aisha.ali345@example.com,Mid-Market,Manchester,12735.93,True,0
ACC000346,Fatima Garcia,fatima.garcia346@example.com,Mid-Market,London,12172.13,True,3
ACC000347,Mary Tanaka,mary.tanaka347@example.com,Enterprise,Leeds,37496.49,True,6
ACC000348,Mohammed Andersson,mohammed.andersson348@example.com,Enterprise,Glasgow,24752.78,True,1
ACC000349,James Khan,james.khan349@example.com,Mid-Market,Glasgow,61590.99,True,1
ACC000350,Hannah Garcia,hannah.garcia350@example.com,Mid-Market,Bristol,36369.89,True,6
ACC000351,Mohammed Smith,mohammed.smith351@example.com,Mid-Market,Leeds,5256.11,False,9
ACC000352,Sofia Garcia,sofia.garcia352@example.com,SMB,Bristol,48688.21,False,1
ACC000353,Carlos Andersson,carlos.andersson353@example.com,Enterprise,Bristol,3117.48,True,7
ACC000354,James Okafor,james.okafor354@example.com,Mid-Market,Cardiff,10441.41,True,11
ACC000355,Hannah Khan,hannah.khan355@example.com,SMB,Glasgow,12497.85,True,11
ACC000356,Fatima Ali,fatima.ali356@example.com,SMB,Cardiff,23996.0,True,9
ACC000357,Sofia Silva,sofia.silva357@example.com,Enterprise,Bristol,7378.55,True,6
ACC000358,Liam Tanaka,liam.tanaka358@example.com,Enterprise,London,19649.84,True,9
ACC000359,Sofia Patel,sofia.patel359@example.com,SMB,Liverpool,23095.35,True,4
ACC000360,Mary Silva,mary.silva360@example.com,Enterprise,Liverpool,38874.51,False,4
ACC000361,Mei Ali,mei.ali361@example.com,Enterprise,Glasgow,23215.42,True,8
ACC000362,James Patel,james.patel362@example.com,Mid-Market,Liverpool,7866.4,True,8
ACC000363,Yuki Patel,yuki.patel363@example.com,Enterprise,Cardiff,29444.23,True,10
ACC000364,Carlos Garcia,carlos.garcia364@example.com,Mid-Market,Birmingham,21534.61,True,7
ACC000365,Wei Okafor,wei.okafor365@example.com,Mid-Market,Cardiff,32413.04,True,10
ACC000366,James Nguyen,james.nguyen366@example.com,Enterprise,Glasgow,39199.75,True,11
ACC000367,Mary Tanaka,mary.tanaka367@example.com,Mid-Market,Birmingham,34937.04,True,5
ACC000368,Carlos Smith,carlos.smith368@example.com,Enterprise,London,1099.29,True,9
ACC000369,Wei Kowalski,wei.kowalski369@example.com,Enterprise,Liverpool,51736.77,True,4
ACC000370,Carlos Ali,carlos.ali370@example.com,Mid-Market,Cardiff,7085.12,False,5
ACC000371,Wei Garcia,wei.garcia371@example.com,SMB,Bristol,16653.58,False,4
ACC000372,Priya Patel,priya.patel372@example.com,Enterprise,Glasgow,42717.91,True,4
ACC000373,Carlos Ahmed,carlos.ahmed373@example.com,SMB,Leeds,8890.71,True,11
ACC000374,Mei Kowalski,mei.kowalski374@example.com,Mid-Market,Liverpool,29720.63,False,7
ACC000375,James Kowalski,james.kowalski375@example.com,SMB,Glasgow,24058.95,False,0
ACC000376,Ivan Andersson,ivan.andersson376@example.com,SMB,Birmingham,12284.34,True,4
ACC000377,Mohammed Rossi,mohammed.rossi377@example.com,Enterprise,Glasgow,16697.7,True,0
ACC000378,Fatima Kowalski,fatima.kowalski378@example.com,Mid-Market,Cardiff,31528.01,True,5
ACC000379,Hannah Smith,hannah.smith379@example.com,SMB,London,25581.95,False,10
ACC000380,Olu Nguyen,olu.nguyen380@example.com,SMB,Leeds,14516.32,False,4
ACC000381,Liam Patel,liam.patel381@example.com,Mid-Market,Manchester,28232.47,True,5
ACC000382,Olu Silva,olu.silva382@example.com,SMB,Bristol,16348.9,True,6
ACC000383,Liam Smith,liam.smith383@example.com,Mid-Market,Birmingham,13151.84,True,6
ACC000384,Yuki Khan,yuki.khan384@example.com,Mid-Market,Liverpool,16126.41,True,2
ACC000385,Ivan Rossi,ivan.rossi385@example.com,SMB,Glasgow,28025.9,True,10
ACC000386,Mohammed Garcia,mohammed.garcia386@example.com,Enterprise,Glasgow,41940.09,True,5
ACC000387,Sofia Rossi,sofia.rossi387@example.com,SMB,Cardiff,40033.02,True,6
ACC000388,Mary Brown,mary.brown388@example.com,Mid-Market,Bristol,16506.49,True,5
ACC000389,Wei Tanaka,wei.tanaka389@example.com,SMB,Leeds,34319.24,False,4
ACC000390,Mei Garcia,mei.garcia390@example.com,Enterprise,London,39239.98,False,7
ACC000391,Hannah Ali,hannah.ali391@example.com,Mid-Market,Leeds,19187.08,False,4
ACC000392,Carlos Smith,carlos.smith392@example.com,Enterprise,Cardiff,55334.79,True,9
ACC000393,James Silva,james.silva393@example.com,Mid-Market,Cardiff,24368.6,True,4
ACC000394,Ivan Ali,ivan.ali394@example.com,SMB,Bristol,12390.7,False,1
ACC000395,Priya Tanaka,priya.tanaka395@example.com,Mid-Market,Glasgow,41787.31,True,10
ACC000396,Olu Ali,olu.ali396@example.com,SMB,Bristol,16179.76,True,8
ACC000397,Olu Brown,olu.brown397@example.com,Mid-Market,London,25975.25,True,7
ACC000398,Yuki Andersson,yuki.andersson398@example.com,Enterprise,Cardiff,14398.49,True,7
ACC000399,Yuki Kowalski,yuki.kowalski399@example.com,SMB,Glasgow,11878.05,False,1
ACC000400,Sofia Silva,sofia.silva400@example.com,SMB,London,8627.39,True,0
ACC000401,Ivan Silva,ivan.silva401@example.com,Mid-Market,Bristol,38738.75,True,6
ACC000402,Yuki Rossi,yuki.rossi402@example.com,Enterprise,Birmingham,21014.89,True,10
ACC000403,Priya Tanaka,priya.tanaka403@example.com,Mid-Market,Liverpool,41953.88,True,2
ACC000404,Mei Okafor,mei.okafor404@example.com,Mid-Market,London,48657.98,True,11
ACC000405,Fatima Patel,fatima.patel405@example.com,SMB,Liverpool,38213.95,False,9
ACC000406,Aisha Garcia,aisha.garcia406@example.com,Mid-Market,Bristol,4077.04,True,10
ACC000407,James Rossi,james.rossi407@example.com,SMB,Birmingham,25277.98,True,3
ACC000408,Priya Kowalski,priya.kowalski408@example.com,SMB,Leeds,20841.96,True,5
ACC000409,Wei Silva,wei.silva409@example.com,SMB,Birmingham,3735.08,True,0
ACC000410,Liam Rossi,liam.rossi410@example.com,Mid-Market,Manchester,21286.65,True,4
ACC000411,Mary Garcia,mary.garcia411@example.com,SMB,Leeds,32206.65,True,11
ACC000412,Yuki Nguyen,yuki.nguyen412@example.com,SMB,Leeds,21083.31,True,8
ACC000413,Mary Kowalski,mary.kowalski413@example.com,SMB,Liverpool,17635.8,True,10
ACC000414,Wei Patel,wei.patel414@example.com,SMB,Birmingham,12357.03,True,5
ACC000415,Aisha Nguyen,aisha.nguyen415@example.com,SMB,Manchester,17001.39,False,3
ACC000416,Noah Chen,noah.chen416@example.com,SMB,Cardiff,50759.83,True,8
ACC000417,Noah Andersson,noah.andersson417@example.com,Mid-Market,London,26406.68,True,1
ACC000418,Ivan Silva,ivan.silva418@example.com,Enterprise,Glasgow,35363.65,False,9
ACC000419,Ivan Ahmed,ivan.ahmed419@example.com,Mid-Market,Bristol,13599.75,False,2
ACC000420,James Brown,james.brown420@example.com,Mid-Market,Leeds,22933.35,False,0
ACC000421,Mary Okafor,mary.okafor421@example.com,SMB,London,25143.74,True,9
ACC000422,Fatima Tanaka,fatima.tanaka422@example.com,Enterprise,Glasgow,46114.72,False,6
ACC000423,Noah Okafor,noah.okafor423@example.com,Mid-Market,Glasgow,12326.15,True,0
ACC000424,Wei Ahmed,wei.ahmed424@example.com,SMB,London,11777.96,True,2
ACC000425,Mary Andersson,mary.andersson425@example.com,SMB,Liverpool,43518.62,True,3
ACC000426,Hannah Kowalski,hannah.kowalski426@example.com,Mid-Market,Glasgow,28262.3,True,9
ACC000427,Aisha Patel,aisha.patel427@example.com,Mid-Market,Glasgow,6868.47,True,7
ACC000428,James Patel,james.patel428@example.com,Mid-Market,Cardiff,21601.88,True,6
ACC000429,Noah Rossi,noah.rossi429@example.com,SMB,Cardiff,36811.71,True,10
ACC000430,Ivan Okafor,ivan.okafor430@example.com,Enterprise,Manchester,25495.92,True,2
ACC000431,Liam Silva,liam.silva431@example.com,SMB,Glasgow,10357.91,True,11
ACC000432,Noah Andersson,noah.andersson432@example.com,SMB,Birmingham,10929.47,True,8
ACC000433,Priya Kowalski,priya.kowalski433@example.com,Mid-Market,Bristol,17600.45,False,3
ACC000434,Mei Ali,mei.ali434@example.com,SMB,Bristol,11216.8,True,3
ACC000435,Noah Garcia,noah.garcia435@example.com,SMB,Bristol,87439.97,True,5
ACC000436,Olu Ahmed,olu.ahmed436@example.com,SMB,Birmingham,32097.04,True,1
ACC000437,Noah Patel,noah.patel437@example.com,Enterprise,Manchester,5588.19,True,6
ACC000438,Aisha Chen,aisha.chen438@example.com,Mid-Market,Birmingham,11236.17,True,0
ACC000439,James Rossi,james.rossi439@example.com,Enterprise,Manchester,5664.52,False,5
ACC000440,Aisha Patel,aisha.patel440@example.com,Enterprise,London,33357.62,True,8
ACC000441,Olu Patel,olu.patel441@example.com,SMB,Bristol,49613.74,True,10
ACC000442,Wei Ali,wei.ali442@example.com,SMB,Liverpool,12941.83,True,6
ACC000443,Yuki Ali,yuki.ali443@example.com,SMB,Manchester,14977.86,True,1
ACC000444,Sofia Rossi,sofia.rossi444@example.com,Enterprise,London,20173.08,True,2
ACC000445,Liam Brown,liam.brown445@example.com,Enterprise,London,32222.28,False,0
ACC000446,Noah Garcia,noah.garcia446@example.com,Mid-Market,Liverpool,28587.33,True,4
ACC000447,Mei Tanaka,mei.tanaka447@example.com,SMB,Glasgow,34267.32,True,7
ACC000448,Hannah Tanaka,hannah.tanaka448@example.com,Enterprise,Glasgow,46911.58,True,0
ACC000449,Liam Ahmed,liam.ahmed449@example.com,Mid-Market,Birmingham,19318.33,False,2
ACC000450,Hannah Garcia,hannah.garcia450@example.com,Mid-Market,Glasgow,17569.04,True,3
ACC000451,Yuki Brown,yuki.brown451@example.com,Enterprise,London,21228.89,True,3
ACC000452,Mary Smith,mary.smith452@example.com,Mid-Market,Bristol,19861.42,False,6
ACC000453,Priya Kowalski,priya.kowalski453@example.com,Mid-Market,Glasgow,24393.37,True,8
ACC000454,Aisha Khan,aisha.khan454@example.com,SMB,Liverpool,15702.9,True,11
ACC000455,Wei Patel,wei.patel455@example.com,SMB,Glasgow,16872.1,True,6
ACC000456,Wei Nguyen,wei.nguyen456@example.com,Enterprise,Manchester,42304.41,True,6
ACC000457,Olu Okafor,olu.okafor457@example.com,SMB,London,10935.32,True,7
ACC000458,Olu Brown,olu.brown458@example.com,Enterprise,Birmingham,14601.0,False,3
ACC000459,Yuki Brown,yuki.brown459@example.com,Mid-Market,Cardiff,26139.47,True,9
ACC000460,Noah Silva,noah.silva460@example.com,Enterprise,Glasgow,9096.62,True,5
ACC000461,Wei Nguyen,wei.nguyen461@example.com,SMB,Leeds,25883.25,True,7
ACC000462,Wei Tanaka,wei.tanaka462@example.com,Enterprise,Manchester,38120.3,True,3
ACC000463,Ivan Garcia,ivan.garcia463@example.com,Mid-Market,Glasgow,40030.84,True,5
ACC000464,Carlos Kowalski,carlos.kowalski464@example.com,Mid-Market,Bristol,16252.26,True,3
ACC000465,Olu Silva,olu.silva465@example.com,SMB,Cardiff,21609.58,True,5
ACC000466,Mohammed Andersson,mohammed.andersson466@example.com,Mid-Market,Leeds,5921.05,False,4
ACC000467,Yuki Ali,yuki.ali467@example.com,Mid-Market,Cardiff,32756.33,True,8
ACC000468,Ivan Nguyen,ivan.nguyen468@example.com,Mid-Market,Cardiff,20365.48,True,9
ACC000469,Olu Patel,olu.patel469@example.com,Mid-Market,Manchester,12965.61,False,1
ACC000470,Yuki Tanaka,yuki.tanaka470@example.com,Enterprise,Birmingham,34920.7,True,0
ACC000471,Mary Khan,mary.khan471@example.com,SMB,Manchester,15055.53,True,9
ACC000472,Mary Tanaka,mary.tanaka472@example.com,Mid-Market,Cardiff,38042.79,True,5
ACC000473,Priya Ali,priya.ali473@example.com,SMB,Liverpool,50153.73,True,10
ACC000474,Yuki Nguyen,yuki.nguyen474@example.com,Enterprise,Cardiff,18895.33,True,5
ACC000475,Hannah Ali,hannah.ali475@example.com,Enterprise,Manchester,39512.45,True,6
ACC000476,Yuki Silva,yuki.silva476@example.com,Mid-Market,London,16052.52,True,2
ACC000477,Wei Silva,wei.silva477@example.com,SMB,Cardiff,10962.57,False,0
ACC000478,Sofia Ali,sofia.ali478@example.com,SMB,Birmingham,23029.88,True,4
ACC000479,Olu Silva,olu.silva479@example.com,Mid-Market,Leeds,31980.67,True,9
ACC000480,Sofia Nguyen,sofia.nguyen480@example.com,Enterprise,Bristol,7693.0,True,0
ACC000481,James Khan,james.khan481@example.com,Mid-Market,Birmingham,33197.64,True,1
ACC000482,Olu Nguyen,olu.nguyen482@example.com,Enterprise,Birmingham,24932.56,True,11
ACC000483,Noah Garcia,noah.garcia483@example.com,Enterprise,Glasgow,68100.34,True,4
ACC000484,Aisha Rossi,aisha.rossi484@example.com,Mid-Market,Cardiff,30533.01,False,7
ACC000485,Wei Kowalski,wei.kowalski485@example.com,SMB,Birmingham,23894.51,True,10
ACC000486,Mary Tanaka,mary.tanaka486@example.com,Mid-Market,Birmingham,22107.93,True,11
ACC000487,Priya Andersson,priya.andersson487@example.com,Mid-Market,Birmingham,20488.2,True,7
ACC000488,Aisha Chen,aisha.chen488@example.com,Mid-Market,Birmingham,14508.33,True,2
ACC000489,Mei Garcia,mei.garcia489@example.com,Mid-Market,Glasgow,51124.93,True,10
ACC000490,Liam Kowalski,liam.kowalski490@example.com,Mid-Market,Birmingham,15017.36,False,3
ACC000491,Ivan Okafor,ivan.okafor491@example.com,SMB,Cardiff,6843.53,False,8
ACC000492,Carlos Ahmed,carlos.ahmed492@example.com,SMB,Glasgow,26078.05,True,8
ACC000493,Priya Rossi,priya.rossi493@example.com,SMB,Bristol,14087.41,False,10
ACC000494,Yuki Andersson,yuki.andersson494@example.com,SMB,Glasgow,31690.71,True,9
ACC000495,Liam Khan,liam.khan495@example.com,SMB,Liverpool,18159.79,True,4
ACC000496,Aisha Garcia,aisha.garcia496@example.com,Enterprise,Glasgow,10245.77,False,2
ACC000497,Mary Andersson,mary.andersson497@example.com,Enterprise,London,50422.94,True,5
ACC000498,Yuki Smith,yuki.smith498@example.com,Mid-Market,London,13608.86,True,4
ACC000499,Carlos Ali,carlos.ali499@example.com,Mid-Market,Cardiff,7254.78,True,5
ACC000500,James Garcia,james.garcia500@example.com,Enterprise,Birmingham,6004.96,True,3
ACC000501,Wei Garcia,wei.garcia501@example.com,Enterprise,Manchester,13492.61,True,2
ACC000502,Yuki Brown,yuki.brown502@example.com,SMB,Manchester,16716.14,True,5
ACC000503,Priya Chen,priya.chen503@example.com,Mid-Market,Glasgow,24311.92,True,5
ACC000504,Hannah Okafor,hannah.okafor504@example.com,SMB,Liverpool,41727.27,True,0
ACC000505,Mohammed Smith,mohammed.smith505@example.com,Enterprise,Liverpool,8749.52,True,1
ACC000506,Liam Ali,liam.ali506@example.com,Enterprise,London,42018.86,False,6
ACC000507,James Tanaka,james.tanaka507@example.com,SMB,Leeds,41104.59,False,1
ACC000508,Hannah Smith,hannah.smith508@example.com,Mid-Market,Cardiff,39088.09,True,5
ACC000509,Noah Nguyen,noah.nguyen509@example.com,Mid-Market,Cardiff,39977.03,True,1
ACC000510,Aisha Smith,aisha.smith510@example.com,Mid-Market,Bristol,12477.24,True,6
ACC000511,Mary Chen,mary.chen511@example.com,Mid-Market,Manchester,46124.08,True,3
ACC000512,James Brown,james.brown512@example.com,Enterprise,Birmingham,34956.55,True,4
ACC000513,Noah Khan,noah.khan513@example.com,Mid-Market,Manchester,13442.42,True,0
ACC000514,Carlos Khan,carlos.khan514@example.com,SMB,Glasgow,16370.34,True,11
ACC000515,Aisha Smith,aisha.smith515@example.com,Mid-Market,London,2432.26,True,7
ACC000516,Mohammed Brown,mohammed.brown516@example.com,SMB,London,39925.71,True,5
ACC000517,Olu Khan,olu.khan517@example.com,Enterprise,Leeds,8535.93,True,5
ACC000518,Sofia Khan,sofia.khan518@example.com,Enterprise,Bristol,46540.46,True,8
ACC000519,James Ali,james.ali519@example.com,SMB,London,13844.63,False,0
ACC000520,Carlos Patel,carlos.patel520@example.com,Mid-Market,Glasgow,30001.62,False,3
ACC000521,Carlos Brown,carlos.brown521@example.com,Enterprise,Liverpool,31720.14,False,5
ACC000522,Yuki Garcia,yuki.garcia522@example.com,Enterprise,Manchester,5303.6,False,7
ACC000523,Priya Ahmed,priya.ahmed523@example.com,Mid-Market,Birmingham,15539.23,True,4
ACC000524,Carlos Smith,carlos.smith524@example.com,Mid-Market,Birmingham,26874.07,False,5
ACC000525,Priya Nguyen,priya.nguyen525@example.com,Enterprise,Glasgow,10611.01,False,6
ACC000526,Olu Patel,olu.patel526@example.com,Enterprise,Cardiff,21014.83,True,4
ACC000527,Hannah Khan,hannah.khan527@example.com,Mid-Market,Bristol,15883.64,True,5
ACC000528,Carlos Rossi,carlos.rossi528@example.com,Mid-Market,Leeds,14731.77,True,8
ACC000529,Mei Ali,mei.ali529@example.com,Enterprise,Liverpool,23219.12,True,9
ACC000530,Aisha Ali,aisha.ali530@example.com,Mid-Market,Leeds,3843.06,True,9
ACC000531,Sofia Silva,sofia.silva531@example.com,Mid-Market,Birmingham,48753.1,True,3
ACC000532,James Khan,james.khan532@example.com,SMB,Manchester,59941.02,True,2
ACC000533,Aisha Nguyen,aisha.nguyen533@example.com,SMB,Cardiff,12238.95,False,9
ACC000534,Ivan Nguyen,ivan.nguyen534@example.com,Enterprise,Glasgow,24026.83,True,6
ACC000535,Ivan Kowalski,ivan.kowalski535@example.com,Mid-Market,Birmingham,4127.17,True,2
ACC000536,Fatima Patel,fatima.patel536@example.com,Mid-Market,London,7988.55,True,9
ACC000537,Mohammed Rossi,mohammed.rossi537@example.com,Enterprise,Bristol,16936.76,True,1
ACC000538,Sofia Rossi,sofia.rossi538@example.com,Enterprise,Leeds,27622.15,True,3
ACC000539,Ivan Chen,ivan.chen539@example.com,Enterprise,Manchester,31271.37,True,6
ACC000540,Noah Nguyen,noah.nguyen540@example.com,Mid-Market,Manchester,24998.59,True,8
ACC000541,Priya Ali,priya.ali541@example.com,SMB,Manchester,15423.32,True,4
ACC000542,Aisha Rossi,aisha.rossi542@example.com,Enterprise,London,6622.66,True,8
ACC000543,Wei Silva,wei.silva543@example.com,Enterprise,Leeds,11572.35,True,8
ACC000544,James Andersson,james.andersson544@example.com,Mid-Market,Manchester,5106.46,True,0
ACC000545,Priya Kowalski,priya.kowalski545@example.com,Mid-Market,Cardiff,5900.88,True,2
ACC000546,Wei Tanaka,wei.tanaka546@example.com,Enterprise,Leeds,21105.29,True,6
ACC000547,Mohammed Nguyen,mohammed.nguyen547@example.com,Enterprise,Cardiff,19472.34,True,9
ACC000548,Priya Khan,priya.khan548@example.com,Mid-Market,London,37566.98,True,7
ACC000549,Priya Ali,priya.ali549@example.com,Enterprise,Birmingham,17051.85,False,1
ACC000550,Fatima Kowalski,fatima.kowalski550@example.com,Mid-Market,Birmingham,10428.88,True,10
ACC000551,Priya Patel,priya.patel551@example.com,Mid-Market,Liverpool,32116.11,False,8
ACC000552,James Rossi,james.rossi552@example.com,Mid-Market,Leeds,17425.92,True,10
ACC000553,Fatima Okafor,fatima.okafor553@example.com,Enterprise,Bristol,16682.61,True,2
ACC000554,Mary Kowalski,mary.kowalski554@example.com,SMB,Cardiff,11309.13,True,2
ACC000555,Mohammed Tanaka,mohammed.tanaka555@example.com,SMB,Birmingham,46341.48,False,1
ACC000556,Fatima Rossi,fatima.rossi556@example.com,Enterprise,Birmingham,76925.66,False,10
ACC000557,Mary Smith,mary.smith557@example.com,Enterprise,Bristol,46342.55,True,2
ACC000558,Noah Andersson,noah.andersson558@example.com,Enterprise,London,10769.61,True,4
ACC000559,Fatima Kowalski,fatima.kowalski559@example.com,SMB,Manchester,3244.3,False,7
ACC000560,Yuki Brown,yuki.brown560@example.com,Mid-Market,Leeds,85807.49,True,7
ACC000561,Mei Okafor,mei.okafor561@example.com,Mid-Market,Liverpool,36002.12,True,9
ACC000562,Carlos Garcia,carlos.garcia562@example.com,Mid-Market,Glasgow,25185.9,True,10
ACC000563,Mary Okafor,mary.okafor563@example.com,Mid-Market,Cardiff,24143.69,True,2
ACC000564,Wei Tanaka,wei.tanaka564@example.com,Enterprise,Birmingham,10671.37,True,4
ACC000565,Sofia Smith,sofia.smith565@example.com,Enterprise,London,13324.36,True,5
ACC000566,Noah Patel,noah.patel566@example.com,Mid-Market,Liverpool,32322.57,True,0
ACC000567,Mohammed Rossi,mohammed.rossi567@example.com,Enterprise,London,19777.91,True,9
ACC000568,Olu Brown,olu.brown568@example.com,Mid-Market,Liverpool,32036.77,True,8
ACC000569,Mohammed Tanaka,mohammed.tanaka569@example.com,Mid-Market,Bristol,20610.96,False,4
ACC000570,Hannah Brown,hannah.brown570@example.com,Mid-Market,Bristol,19479.68,True,0
ACC000571,Aisha Andersson,aisha.andersson571@example.com,Mid-Market,Leeds,18980.16,True,8
ACC000572,Ivan Silva,ivan.silva572@example.com,Mid-Market,Liverpool,12702.54,True,6
ACC000573,Sofia Patel,sofia.patel573@example.com,Mid-Market,Manchester,51322.74,True,7
ACC000574,Noah Silva,noah.silva574@example.com,SMB,Leeds,2358.95,False,9
ACC000575,Fatima Okafor,fatima.okafor575@example.com,SMB,Glasgow,9183.99,True,9
ACC000576,Carlos Nguyen,carlos.nguyen576@example.com,Mid-Market,Glasgow,31971.82,False,9
ACC000577,Mei Rossi,mei.rossi577@example.com,SMB,Liverpool,17638.82,True,8
ACC000578,James Silva,james.silva578@example.com,Enterprise,Bristol,52316.92,True,8
ACC000579,Mohammed Ali,mohammed.ali579@example.com,Mid-Market,Cardiff,15774.36,True,0
ACC000580,Noah Chen,noah.chen580@example.com,Enterprise,Bristol,14972.35,False,10
ACC000581,Hannah Chen,hannah.chen581@example.com,Enterprise,Liverpool,8407.88,False,6
ACC000582,Yuki Smith,yuki.smith582@example.com,Mid-Market,Birmingham,8707.92,False,7
ACC000583,Yuki Chen,yuki.chen583@example.com,Enterprise,Manchester,21258.57,True,5
ACC000584,Ivan Ahmed,ivan.ahmed584@example.com,Mid-Market,Liverpool,13006.16,True,8
ACC000585,Yuki Smith,yuki.smith585@example.com,Enterprise,Liverpool,31735.64,True,5
ACC000586,Mei Andersson,mei.andersson586@example.com,Mid-Market,Birmingham,28227.56,False,9
ACC000587,Hannah Garcia,hannah.garcia587@example.com,Enterprise,Leeds,12323.37,True,3
ACC000588,Priya Garcia,priya.garcia588@example.com,Mid-Market,Manchester,11199.21,True,11
ACC000589,Wei Khan,wei.khan589@example.com,Enterprise,Manchester,37844.95,True,10
ACC000590,Noah Kowalski,noah.kowalski590@example.com,SMB,Manchester,17446.29,True,2
ACC000591,Hannah Andersson,hannah.andersson591@example.com,SMB,Cardiff,7133.71,True,2
ACC000592,Yuki Silva,yuki.silva592@example.com,Mid-Market,Birmingham,32799.66,False,4
ACC000593,Ivan Smith,ivan.smith593@example.com,SMB,Birmingham,5871.26,True,6
ACC000594,Priya Silva,priya.silva594@example.com,Mid-Market,Liverpool,23749.39,True,2
ACC000595,Mary Khan,mary.khan595@example.com,SMB,Liverpool,19771.83,True,2
ACC000596,Noah Garcia,noah.garcia596@example.com,SMB,Cardiff,61703.94,False,1
ACC000597,Mohammed Okafor,mohammed.okafor597@example.com,Enterprise,Bristol,13286.74,True,4
ACC000598,Carlos Chen,carlos.chen598@example.com,SMB,Leeds,19767.16,True,7
ACC000599,Ivan Garcia,ivan.garcia599@example.com,Enterprise,London,7597.84,True,11
ACC000600,Liam Chen,liam.chen600@example.com,Mid-Market,Birmingham,7245.5,False,0
ACC000601,Olu Rossi,olu.rossi601@example.com,SMB,Bristol,23174.48,True,11
ACC000602,Mary Rossi,mary.rossi602@example.com,Enterprise,London,72869.12,True,0
ACC000603,Wei Tanaka,wei.tanaka603@example.com,Mid-Market,Bristol,3835.93,True,2
ACC000604,Hannah Tanaka,hannah.tanaka604@example.com,Enterprise,Leeds,30536.66,True,8
ACC000605,Yuki Tanaka,yuki.tanaka605@example.com,Mid-Market,Cardiff,9164.8,True,2
ACC000606,James Okafor,james.okafor606@example.com,Mid-Market,London,19957.28,True,7
ACC000607,Carlos Chen,carlos.chen607@example.com,Mid-Market,Bristol,16664.09,True,7
ACC000608,Priya Nguyen,priya.nguyen608@example.com,SMB,Liverpool,43185.01,True,6
ACC000609,Hannah Garcia,hannah.garcia609@example.com,Enterprise,Birmingham,22854.58,True,3
ACC000610,Mary Ali,mary.ali610@example.com,SMB,Bristol,18798.97,False,0
ACC000611,James Tanaka,james.tanaka611@example.com,SMB,Liverpool,3035.55,True,4
ACC000612,Liam Smith,liam.smith612@example.com,Enterprise,Liverpool,36765.2,True,8
ACC000613,Olu Silva,olu.silva613@example.com,SMB,Leeds,32203.67,True,6
ACC000614,Sofia Andersson,sofia.andersson614@example.com,SMB,Liverpool,10488.95,True,2
ACC000615,Wei Ahmed,wei.ahmed615@example.com,SMB,Leeds,7543.24,False,1
ACC000616,Noah Tanaka,noah.tanaka616@example.com,SMB,Cardiff,14927.2,True,1
ACC000617,Sofia Garcia,sofia.garcia617@example.com,Mid-Market,Manchester,68473.28,True,10
ACC000618,Ivan Chen,ivan.chen618@example.com,Enterprise,Leeds,26356.27,True,4
ACC000619,Fatima Patel,fatima.patel619@example.com,Enterprise,London,7859.92,True,4
ACC000620,Liam Okafor,liam.okafor620@example.com,Mid-Market,Leeds,3474.25,True,8
ACC000621,Carlos Kowalski,carlos.kowalski621@example.com,SMB,Cardiff,33024.66,True,10
ACC000622,Ivan Smith,ivan.smith622@example.com,Mid-Market,Leeds,9279.03,True,11
ACC000623,Fatima Kowalski,fatima.kowalski623@example.com,SMB,London,23096.91,True,4
ACC000624,Priya Kowalski,priya.kowalski624@example.com,Enterprise,Glasgow,28984.75,True,4
ACC000625,Mohammed Silva,mohammed.silva625@example.com,SMB,Leeds,24539.93,False,0
ACC000626,Aisha Garcia,aisha.garcia626@example.com,Mid-Market,Cardiff,22643.62,True,10
ACC000627,Aisha Rossi,aisha.rossi627@example.com,SMB,Manchester,18553.91,True,9
ACC000628,Carlos Ahmed,carlos.ahmed628@example.com,Enterprise,Glasgow,5865.01,True,4
ACC000629,Sofia Andersson,sofia.andersson629@example.com,SMB,Cardiff,15370.23,True,9
ACC000630,Sofia Silva,sofia.silva630@example.com,SMB,Liverpool,30008.87,False,1
ACC000631,Priya Andersson,priya.andersson631@example.com,Enterprise,Glasgow,14485.76,True,4
ACC000632,Olu Brown,olu.brown632@example.com,Enterprise,Bristol,13616.15,True,1
ACC000633,Aisha Silva,aisha.silva633@example.com,Mid-Market,London,5578.67,True,10
ACC000634,Aisha Nguyen,aisha.nguyen634@example.com,Mid-Market,Cardiff,12763.45,True,10
ACC000635,Hannah Andersson,hannah.andersson635@example.com,Enterprise,Leeds,16209.82,False,9
ACC000636,James Silva,james.silva636@example.com,SMB,Birmingham,12475.46,False,5
ACC000637,Mei Andersson,mei.andersson637@example.com,Mid-Market,Birmingham,25086.2,False,8
ACC000638,Mary Silva,mary.silva638@example.com,Mid-Market,Cardiff,32903.91,True,1
ACC000639,Aisha Chen,aisha.chen639@example.com,SMB,Bristol,25144.77,True,8
ACC000640,Fatima Smith,fatima.smith640@example.com,Mid-Market,London,47431.28,True,3
ACC000641,Liam Chen,liam.chen641@example.com,SMB,London,37896.96,True,9
ACC000642,Mary Kowalski,mary.kowalski642@example.com,SMB,Bristol,25220.3,True,5
ACC000643,Mohammed Ahmed,mohammed.ahmed643@example.com,Enterprise,Liverpool,29297.2,True,4
ACC000644,Aisha Smith,aisha.smith644@example.com,Mid-Market,Manchester,7731.78,True,11
ACC000645,Priya Tanaka,priya.tanaka645@example.com,Mid-Market,Birmingham,75673.55,True,5
ACC000646,Mary Chen,mary.chen646@example.com,SMB,Leeds,17120.7,True,10
ACC000647,Sofia Okafor,sofia.okafor647@example.com,SMB,Leeds,14005.14,True,6
ACC000648,Hannah Patel,hannah.patel648@example.com,SMB,Bristol,31476.75,True,4
ACC000649,Olu Smith,olu.smith649@example.com,SMB,Birmingham,22243.18,True,5
ACC000650,Hannah Ahmed,hannah.ahmed650@example.com,Mid-Market,Leeds,26121.89,True,10
ACC000651,Carlos Rossi,carlos.rossi651@example.com,Enterprise,Liverpool,22304.43,True,6
ACC000652,Yuki Khan,yuki.khan652@example.com,Mid-Market,Liverpool,48108.33,True,6
ACC000653,Noah Ali,noah.ali653@example.com,Enterprise,Glasgow,32382.62,False,0
ACC000654,Mohammed Ahmed,mohammed.ahmed654@example.com,Mid-Market,Glasgow,61316.35,False,11
ACC000655,Hannah Silva,hannah.silva655@example.com,Mid-Market,Glasgow,15459.62,True,1
ACC000656,Mei Andersson,mei.andersson656@example.com,Enterprise,Liverpool,19401.2,False,7
ACC000657,Mohammed Silva,mohammed.silva657@example.com,SMB,Glasgow,17658.78,True,11
ACC000658,Carlos Smith,carlos.smith658@example.com,Enterprise,Manchester,6777.43,False,3
ACC000659,Yuki Patel,yuki.patel659@example.com,SMB,Birmingham,17207.68,False,10
ACC000660,Liam Kowalski,liam.kowalski660@example.com,SMB,Leeds,6484.46,True,1
ACC000661,Carlos Smith,carlos.smith661@example.com,SMB,Bristol,58236.67,False,7
ACC000662,Fatima Okafor,fatima.okafor662@example.com,Mid-Market,Leeds,38767.32,True,5
ACC000663,Sofia Brown,sofia.brown663@example.com,Enterprise,Leeds,15300.23,True,3
ACC000664,Mary Kowalski,mary.kowalski664@example.com,Enterprise,Bristol,35774.03,True,0
ACC000665,Mohammed Brown,mohammed.brown665@example.com,SMB,Manchester,7750.38,True,5
ACC000666,Mohammed Ahmed,mohammed.ahmed666@example.com,Enterprise,Birmingham,41640.96,True,4
ACC000667,Priya Patel,priya.patel667@example.com,Enterprise,Glasgow,15866.72,True,9
ACC000668,Mohammed Ahmed,mohammed.ahmed668@example.com,SMB,Birmingham,6729.66,True,11
ACC000669,Fatima Okafor,fatima.okafor669@example.com,Enterprise,Leeds,15141.28,True,2
ACC000670,Noah Smith,noah.smith670@example.com,SMB,Leeds,7138.23,True,7
ACC000671,Mei Andersson,mei.andersson671@example.com,Enterprise,Manchester,10219.24,False,8
ACC000672,Liam Kowalski,liam.kowalski672@example.com,Enterprise,Manchester,3498.37,False,3
ACC000673,Sofia Silva,sofia.silva673@example.com,Mid-Market,Bristol,54582.27,False,1
ACC000674,Fatima Rossi,fatima.rossi674@example.com,Mid-Market,Cardiff,9843.9,True,9
ACC000675,Sofia Chen,sofia.chen675@example.com,Enterprise,Leeds,47370.1,True,10
ACC000676,Mei Ali,mei.ali676@example.com,SMB,London,10913.27,True,3
ACC000677,Ivan Kowalski,ivan.kowalski677@example.com,Enterprise,Liverpool,22912.28,True,0
ACC000678,Noah Andersson,noah.andersson678@example.com,Mid-Market,Liverpool,16963.94,True,3
ACC000679,Priya Andersson,priya.andersson679@example.com,Enterprise,Manchester,20361.49,True,2
ACC000680,Wei Rossi,wei.rossi680@example.com,Enterprise,Bristol,2151.87,True,8
ACC000681,Sofia Ali,sofia.ali681@example.com,Enterprise,Manchester,13974.31,False,9
ACC000682,Mei Silva,mei.silva682@example.com,Enterprise,London,20284.63,True,7
ACC000683,Liam Rossi,liam.rossi683@example.com,SMB,Leeds,18944.84,True,5
ACC000684,Mei Ali,mei.ali684@example.com,SMB,Birmingham,25765.21,False,0
ACC000685,Fatima Patel,fatima.patel685@example.com,Mid-Market,Leeds,22200.0,True,1
ACC000686,Ivan Okafor,ivan.okafor686@example.com,Mid-Market,Birmingham,31514.69,False,5
ACC000687,Aisha Brown,aisha.brown687@example.com,Enterprise,Bristol,10187.48,True,10
ACC000688,Hannah Ahmed,hannah.ahmed688@example.com,Mid-Market,Glasgow,10856.54,False,8
ACC000689,James Rossi,james.rossi689@example.com,Enterprise,Manchester,21814.26,True,11
ACC000690,Wei Tanaka,wei.tanaka690@example.com,Mid-Market,Liverpool,18260.44,True,0
ACC000691,Mary Khan,mary.khan691@example.com,Mid-Market,Cardiff,19709.28,False,7
ACC000692,Liam Ahmed,liam.ahmed692@example.com,Mid-Market,Birmingham,19288.81,True,5
ACC000693,James Chen,james.chen693@example.com,Mid-Market,Bristol,12247.7,True,8
ACC000694,Priya Nguyen,priya.nguyen694@example.com,SMB,London,14741.5,True,4
ACC000695,Carlos Okafor,carlos.okafor695@example.com,SMB,Glasgow,32255.9,False,3
ACC000696,Mohammed Okafor,mohammed.okafor696@example.com,SMB,Birmingham,115718.69,True,2
ACC000697,Fatima Andersson,fatima.andersson697@example.com,Enterprise,Manchester,11915.26,True,7
ACC000698,Aisha Silva,aisha.silva698@example.com,Mid-Market,Birmingham,30662.86,True,5
ACC000699,Mei Tanaka,mei.tanaka699@example.com,Enterprise,Birmingham,4714.27,True,0
ACC000700,Yuki Nguyen,yuki.nguyen700@example.com,Mid-Market,Cardiff,2092.75,True,11
ACC000701,Ivan Ali,ivan.ali701@example.com,Enterprise,Liverpool,1230.65,True,0
ACC000702,Aisha Silva,aisha.silva702@example.com,SMB,Glasgow,10843.03,False,5
ACC000703,Priya Khan,priya.khan703@example.com,SMB,Cardiff,75986.21,False,2
ACC000704,Noah Ali,noah.ali704@example.com,Enterprise,Manchester,33463.88,True,6
ACC000705,Liam Silva,liam.silva705@example.com,Enterprise,Cardiff,49146.28,True,7
ACC000706,Carlos Andersson,carlos.andersson706@example.com,SMB,Bristol,12279.69,True,1
ACC000707,Sofia Andersson,sofia.andersson707@example.com,Enterprise,Leeds,2643.84,True,2
ACC000708,Yuki Okafor,yuki.okafor708@example.com,Enterprise,Cardiff,14772.86,True,4
ACC000709,Mohammed Rossi,mohammed.rossi709@example.com,Enterprise,Bristol,5109.4,False,2
ACC000710,Mei Ahmed,mei.ahmed710@example.com,Mid-Market,Cardiff,37476.22,False,6
ACC000711,Mohammed Okafor,mohammed.okafor711@example.com,Enterprise,Glasgow,16175.16,True,9
ACC000712,Olu Tanaka,olu.tanaka712@example.com,Enterprise,Glasgow,12214.02,True,8
ACC000713,Sofia Garcia,sofia.garcia713@example.com,Mid-Market,London,8975.06,True,0
ACC000714,Priya Patel,priya.patel714@example.com,SMB,London,50084.72,True,11
ACC000715,Mary Ahmed,mary.ahmed715@example.com,SMB,Glasgow,9476.54,False,4
ACC000716,Priya Nguyen,priya.nguyen716@example.com,SMB,Glasgow,11585.67,True,8
ACC000717,Wei Nguyen,wei.nguyen717@example.com,SMB,London,27374.55,True,6
ACC000718,Hannah Tanaka,hannah.tanaka718@example.com,Mid-Market,London,2165.31,True,10
ACC000719,James Nguyen,james.nguyen719@example.com,Mid-Market,London,54373.34,True,9
ACC000720,Mary Brown,mary.brown720@example.com,Mid-Market,Manchester,41393.8,True,1
ACC000721,Priya Ali,priya.ali721@example.com,SMB,Bristol,17322.83,True,9
ACC000722,Yuki Andersson,yuki.andersson722@example.com,Enterprise,Birmingham,28784.14,True,8
ACC000723,Carlos Nguyen,carlos.nguyen723@example.com,SMB,London,31835.73,True,6
ACC000724,Wei Rossi,wei.rossi724@example.com,Enterprise,Bristol,21900.66,True,11
ACC000725,Noah Patel,noah.patel725@example.com,Enterprise,Birmingham,9921.3,True,10
ACC000726,Mei Khan,mei.khan726@example.com,Mid-Market,Manchester,21743.47,True,3
ACC000727,Priya Smith,priya.smith727@example.com,Mid-Market,Birmingham,9990.23,False,1
ACC000728,Olu Silva,olu.silva728@example.com,SMB,Liverpool,10683.35,True,9
ACC000729,Mei Patel,mei.patel729@example.com,Mid-Market,Birmingham,21901.55,False,8
ACC000730,Yuki Tanaka,yuki.tanaka730@example.com,Mid-Market,Birmingham,12419.0,True,1
ACC000731,Olu Patel,olu.patel731@example.com,Enterprise,Cardiff,13996.54,True,9
ACC000732,Carlos Garcia,carlos.garcia732@example.com,SMB,Liverpool,26109.15,True,8
ACC000733,Sofia Smith,sofia.smith733@example.com,Enterprise,Birmingham,7502.8,False,11
ACC000734,Fatima Silva,fatima.silva734@example.com,Enterprise,Liverpool,13309.69,True,11
ACC000735,Priya Kowalski,priya.kowalski735@example.com,Mid-Market,London,37114.49,True,4
ACC000736,James Nguyen,james.nguyen736@example.com,SMB,London,52193.12,True,1
ACC000737,Carlos Chen,carlos.chen737@example.com,Enterprise,Bristol,32371.71,True,10
ACC000738,Wei Khan,wei.khan738@example.com,Mid-Market,Leeds,10931.28,False,1
ACC000739,Hannah Chen,hannah.chen739@example.com,Enterprise,London,10911.47,True,3
ACC000740,James Khan,james.khan740@example.com,SMB,Liverpool,8052.34,False,6
ACC000741,Carlos Kowalski,carlos.kowalski741@example.com,Enterprise,London,43439.98,True,5
ACC000742,Priya Brown,priya.brown742@example.com,Mid-Market,London,21796.94,True,5
ACC000743,James Chen,james.chen743@example.com,SMB,Glasgow,12771.91,True,0
ACC000744,Yuki Smith,yuki.smith744@example.com,Enterprise,London,22903.0,True,5
ACC000745,Aisha Ahmed,aisha.ahmed745@example.com,SMB,Manchester,15474.92,True,4
ACC000746,Wei Andersson,wei.andersson746@example.com,SMB,Bristol,30753.03,True,5
ACC000747,Sofia Brown,sofia.brown747@example.com,SMB,Liverpool,24740.2,False,10
ACC000748,James Khan,james.khan748@example.com,Enterprise,Leeds,50354.13,False,2
ACC000749,Yuki Smith,yuki.smith749@example.com,Enterprise,London,20597.09,False,8
ACC000750,Carlos Garcia,carlos.garcia750@example.com,Mid-Market,Manchester,7103.35,False,8
ACC000751,Olu Ali,olu.ali751@example.com,Mid-Market,London,9044.36,True,5
ACC000752,Aisha Ali,aisha.ali752@example.com,SMB,Liverpool,17453.34,False,8
ACC000753,Mei Garcia,mei.garcia753@example.com,Mid-Market,Bristol,13636.19,True,6
ACC000754,Mei Andersson,mei.andersson754@example.com,SMB,London,20082.03,True,1
ACC000755,Carlos Okafor,carlos.okafor755@example.com,Enterprise,Manchester,15903.09,False,8
ACC000756,Mary Patel,mary.patel756@example.com,Enterprise,Bristol,10698.56,True,11
ACC000757,Mohammed Rossi,mohammed.rossi757@example.com,Mid-Market,Birmingham,30724.51,True,4
ACC000758,Mei Tanaka,mei.tanaka758@example.com,SMB,Birmingham,14030.74,False,0
ACC000759,Mary Tanaka,mary.tanaka759@example.com,Mid-Market,Birmingham,45061.4,False,8
ACC000760,Hannah Okafor,hannah.okafor760@example.com,SMB,Bristol,13760.05,True,3
ACC000761,Fatima Ali,fatima.ali761@example.com,Enterprise,London,6796.39,True,4
ACC000762,James Rossi,james.rossi762@example.com,Enterprise,Leeds,12960.67,True,9
ACC000763,Mary Ahmed,mary.ahmed763@example.com,Mid-Market,Birmingham,16759.68,False,10
ACC000764,Fatima Nguyen,fatima.nguyen764@example.com,SMB,Bristol,43692.58,True,6
ACC000765,Fatima Tanaka,fatima.tanaka765@example.com,Enterprise,Cardiff,22534.94,True,3
ACC000766,Mary Garcia,mary.garcia766@example.com,Mid-Market,Bristol,21963.35,True,3
ACC000767,James Kowalski,james.kowalski767@example.com,SMB,Bristol,10860.59,True,4
ACC000768,Aisha Kowalski,aisha.kowalski768@example.com,Enterprise,Cardiff,7241.34,True,1
ACC000769,James Tanaka,james.tanaka769@example.com,Enterprise,Bristol,11497.54,True,9
ACC000770,Aisha Silva,aisha.silva770@example.com,SMB,Birmingham,22232.26,True,10
ACC000771,Hannah Nguyen,hannah.nguyen771@example.com,SMB,Birmingham,39789.91,False,0
ACC000772,Priya Smith,priya.smith772@example.com,Enterprise,Manchester,33438.13,True,9
ACC000773,Olu Brown,olu.brown773@example.com,SMB,Glasgow,28632.09,True,7
ACC000774,Hannah Ali,hannah.ali774@example.com,Mid-Market,Liverpool,27224.33,True,3
ACC000775,Liam Chen,liam.chen775@example.com,SMB,Cardiff,5629.28,True,3
ACC000776,Olu Smith,olu.smith776@example.com,Mid-Market,Leeds,43808.26,False,10
ACC000777,Carlos Nguyen,carlos.nguyen777@example.com,SMB,Cardiff,9057.77,True,10
ACC000778,Fatima Ahmed,fatima.ahmed778@example.com,Enterprise,Leeds,11793.26,True,6
ACC000779,Sofia Patel,sofia.patel779@example.com,Enterprise,Glasgow,5403.92,True,5
ACC000780,Mohammed Tanaka,mohammed.tanaka780@example.com,Enterprise,Leeds,20003.78,False,0
ACC000781,Yuki Ali,yuki.ali781@example.com,SMB,Birmingham,12214.65,True,10
ACC000782,Aisha Andersson,aisha.andersson782@example.com,Enterprise,Manchester,34527.96,False,0
ACC000783,James Chen,james.chen783@example.com,Mid-Market,Bristol,49837.1,True,5
ACC000784,Hannah Ahmed,hannah.ahmed784@example.com,Mid-Market,London,18272.1,False,2
ACC000785,Fatima Andersson,fatima.andersson785@example.com,Mid-Market,Glasgow,44054.76,True,9
ACC000786,Ivan Ahmed,ivan.ahmed786@example.com,Enterprise,Bristol,37517.3,True,6
ACC000787,Noah Andersson,noah.andersson787@example.com,Enterprise,London,6604.09,False,10
ACC000788,Fatima Tanaka,fatima.tanaka788@example.com,Mid-Market,Bristol,23480.76,True,2
ACC000789,Carlos Tanaka,carlos.tanaka789@example.com,Enterprise,Bristol,26031.05,True,8
ACC000790,Mei Okafor,mei.okafor790@example.com,Enterprise,Leeds,11913.85,True,11
ACC000791,Mary Tanaka,mary.tanaka791@example.com,SMB,Bristol,19734.14,False,1
ACC000792,Hannah Chen,hannah.chen792@example.com,SMB,Leeds,33446.81,True,6
ACC000793,Mei Okafor,mei.okafor793@example.com,Enterprise,Liverpool,1384.43,False,4
ACC000794,Priya Rossi,priya.rossi794@example.com,Mid-Market,Glasgow,11176.49,True,11
ACC000795,Aisha Andersson,aisha.andersson795@example.com,SMB,Liverpool,25081.11,True,4
ACC000796,Aisha Rossi,aisha.rossi796@example.com,SMB,London,3678.39,True,5
ACC000797,Olu Ali,olu.ali797@example.com,Mid-Market,Cardiff,53335.84,True,9
ACC000798,Hannah Kowalski,hannah.kowalski798@example.com,Mid-Market,Birmingham,76700.48,True,1
ACC000799,Liam Garcia,liam.garcia799@example.com,Mid-Market,Glasgow,10789.97,True,6
ACC000800,Hannah Rossi,hannah.rossi800@example.com,Enterprise,Cardiff,16478.96,True,0
ACC000801,Ivan Khan,ivan.khan801@example.com,Enterprise,Birmingham,18577.43,False,5
ACC000802,Yuki Ahmed,yuki.ahmed802@example.com,SMB,Leeds,60429.05,True,6
ACC000803,Aisha Khan,aisha.khan803@example.com,Mid-Market,Birmingham,17841.92,False,1
ACC000804,Aisha Chen,aisha.chen804@example.com,Mid-Market,Birmingham,23756.8,False,8
ACC000805,Aisha Okafor,aisha.okafor805@example.com,SMB,Glasgow,37857.99,True,7
ACC000806,Mohammed Ali,mohammed.ali806@example.com,Enterprise,Glasgow,27145.46,True,0
ACC000807,Mei Brown,mei.brown807@example.com,Mid-Market,Liverpool,16839.72,True,2
ACC000808,James Garcia,james.garcia808@example.com,SMB,Bristol,21745.64,True,4
ACC000809,Noah Okafor,noah.okafor809@example.com,Enterprise,Birmingham,53517.96,True,7
ACC000810,Fatima Ali,fatima.ali810@example.com,Mid-Market,Birmingham,13117.42,True,9
ACC000811,Wei Khan,wei.khan811@example.com,SMB,Cardiff,16366.09,True,10
ACC000812,Sofia Kowalski,sofia.kowalski812@example.com,Enterprise,London,17074.72,False,11
ACC000813,Liam Okafor,liam.okafor813@example.com,SMB,Liverpool,8416.31,True,11
ACC000814,Priya Chen,priya.chen814@example.com,Mid-Market,London,42413.5,True,8
ACC000815,Wei Nguyen,wei.nguyen815@example.com,SMB,Bristol,17981.13,True,5
ACC000816,Mohammed Chen,mohammed.chen816@example.com,Enterprise,Birmingham,15501.28,True,0
ACC000817,Liam Smith,liam.smith817@example.com,Enterprise,Liverpool,23000.52,True,9
ACC000818,Mei Chen,mei.chen818@example.com,Enterprise,Leeds,6435.33,True,4
ACC000819,Wei Khan,wei.khan819@example.com,Mid-Market,Bristol,45199.57,True,4
ACC000820,Olu Garcia,olu.garcia820@example.com,Mid-Market,Cardiff,8666.08,False,5
ACC000821,Olu Patel,olu.patel821@example.com,Mid-Market,Birmingham,13263.54,True,5
ACC000822,Aisha Tanaka,aisha.tanaka822@example.com,Mid-Market,London,10021.97,True,10
ACC000823,James Kowalski,james.kowalski823@example.com,Enterprise,Leeds,47646.14,True,10
ACC000824,Ivan Kowalski,ivan.kowalski824@example.com,Enterprise,Cardiff,22332.65,True,5
ACC000825,Sofia Kowalski,sofia.kowalski825@example.com,Mid-Market,Bristol,26458.98,True,10
ACC000826,Fatima Ali,fatima.ali826@example.com,Enterprise,Cardiff,5780.85,True,6
ACC000827,James Chen,james.chen827@example.com,Enterprise,Bristol,5190.06,True,4
ACC000828,Olu Tanaka,olu.tanaka828@example.com,Mid-Market,Bristol,34771.0,False,1
ACC000829,Sofia Garcia,sofia.garcia829@example.com,Enterprise,Cardiff,36835.62,True,6
ACC000830,Priya Khan,priya.khan830@example.com,Mid-Market,London,84607.16,True,10
ACC000831,Mei Khan,mei.khan831@example.com,SMB,London,16294.21,True,6
ACC000832,Ivan Smith,ivan.smith832@example.com,Enterprise,Bristol,44454.48,True,9
ACC000833,James Brown,james.brown833@example.com,SMB,Glasgow,3839.52,True,8
ACC000834,Noah Ahmed,noah.ahmed834@example.com,SMB,Leeds,8751.07,True,10
ACC000835,Liam Kowalski,liam.kowalski835@example.com,Enterprise,Leeds,37734.37,True,9
ACC000836,Hannah Chen,hannah.chen836@example.com,Enterprise,Liverpool,31570.5,True,2
ACC000837,Sofia Kowalski,sofia.kowalski837@example.com,Mid-Market,Glasgow,3997.31,True,6
ACC000838,Aisha Andersson,aisha.andersson838@example.com,Enterprise,Birmingham,22575.86,False,8
ACC000839,Mary Smith,mary.smith839@example.com,Mid-Market,London,17351.61,True,0
ACC000840,Liam Ali,liam.ali840@example.com,Mid-Market,Leeds,24556.84,True,1
ACC000841,Yuki Garcia,yuki.garcia841@example.com,SMB,Leeds,12910.5,False,11
ACC000842,Yuki Tanaka,yuki.tanaka842@example.com,Mid-Market,Cardiff,48918.4,True,2
ACC000843,Ivan Chen,ivan.chen843@example.com,Enterprise,Bristol,8315.86,False,7
ACC000844,Fatima Okafor,fatima.okafor844@example.com,Mid-Market,Leeds,14244.33,True,9
ACC000845,Aisha Garcia,aisha.garcia845@example.com,Enterprise,Liverpool,11078.89,False,3
ACC000846,James Andersson,james.andersson846@example.com,SMB,London,6145.08,False,2
ACC000847,Hannah Andersson,hannah.andersson847@example.com,Mid-Market,Manchester,15187.36,True,7
ACC000848,Olu Rossi,olu.rossi848@example.com,Mid-Market,Bristol,48079.38,True,8
ACC000849,Mei Khan,mei.khan849@example.com,SMB,Glasgow,30068.76,True,10
ACC000850,Aisha Rossi,aisha.rossi850@example.com,Enterprise,Cardiff,37002.31,True,11
ACC000851,Mei Nguyen,mei.nguyen851@example.com,SMB,Cardiff,45495.53,True,9
ACC000852,Fatima Chen,fatima.chen852@example.com,SMB,London,9278.14,False,10
ACC000853,Mohammed Smith,mohammed.smith853@example.com,Enterprise,Manchester,56589.67,True,4
ACC000854,Yuki Garcia,yuki.garcia854@example.com,Mid-Market,Birmingham,22257.72,True,0
ACC000855,Mary Smith,mary.smith855@example.com,Mid-Market,Leeds,2462.95,True,1
ACC000856,Noah Nguyen,noah.nguyen856@example.com,SMB,Birmingham,29963.96,True,7
ACC000857,Yuki Patel,yuki.patel857@example.com,Enterprise,Leeds,8973.5,False,1
ACC000858,Noah Chen,noah.chen858@example.com,Enterprise,Cardiff,18250.6,True,3
ACC000859,Fatima Kowalski,fatima.kowalski859@example.com,SMB,Cardiff,31516.1,True,1
ACC000860,Carlos Brown,carlos.brown860@example.com,Enterprise,Bristol,17560.39,False,2
ACC000861,Mei Patel,mei.patel861@example.com,Enterprise,London,23683.37,False,10
ACC000862,Fatima Ali,fatima.ali862@example.com,Mid-Market,London,5696.01,True,9
ACC000863,Mohammed Khan,mohammed.khan863@example.com,Mid-Market,Glasgow,16554.26,True,1
ACC000864,Wei Okafor,wei.okafor864@example.com,SMB,Manchester,55459.14,True,5
ACC000865,Carlos Smith,carlos.smith865@example.com,Mid-Market,Bristol,13683.75,True,6
ACC000866,Mary Smith,mary.smith866@example.com,Mid-Market,Bristol,35970.52,True,6
ACC000867,Hannah Okafor,hannah.okafor867@example.com,Enterprise,Liverpool,15085.51,True,3
ACC000868,Sofia Chen,sofia.chen868@example.com,Mid-Market,Manchester,24757.1,True,9
ACC000869,Mohammed Brown,mohammed.brown869@example.com,SMB,Liverpool,82103.29,False,10
ACC000870,Mohammed Tanaka,mohammed.tanaka870@example.com,Mid-Market,Manchester,42474.56,True,5
ACC000871,Ivan Brown,ivan.brown871@example.com,SMB,Manchester,51568.82,True,0
ACC000872,James Patel,james.patel872@example.com,SMB,Glasgow,12714.69,True,1
ACC000873,Olu Rossi,olu.rossi873@example.com,Mid-Market,Manchester,54445.99,True,3
ACC000874,Noah Garcia,noah.garcia874@example.com,SMB,Glasgow,13576.72,True,2
ACC000875,Aisha Rossi,aisha.rossi875@example.com,Mid-Market,Liverpool,21026.73,True,4
ACC000876,Mohammed Garcia,mohammed.garcia876@example.com,SMB,Birmingham,32009.52,False,0
ACC000877,Sofia Ahmed,sofia.ahmed877@example.com,SMB,Glasgow,43566.89,True,10
ACC000878,Hannah Kowalski,hannah.kowalski878@example.com,Enterprise,Birmingham,18291.36,True,9
ACC000879,Aisha Nguyen,aisha.nguyen879@example.com,Mid-Market,Liverpool,25285.91,True,0
ACC000880,Hannah Nguyen,hannah.nguyen880@example.com,Mid-Market,London,7096.62,True,8
ACC000881,Sofia Kowalski,sofia.kowalski881@example.com,SMB,Glasgow,13522.1,True,3
ACC000882,Noah Smith,noah.smith882@example.com,Enterprise,Manchester,10263.84,True,1
ACC000883,Yuki Brown,yuki.brown883@example.com,SMB,Leeds,21761.54,True,4
ACC000884,Olu Khan,olu.khan884@example.com,Mid-Market,Glasgow,5253.72,False,6
ACC000885,Aisha Okafor,aisha.okafor885@example.com,Enterprise,Glasgow,15855.44,True,1
ACC000886,Ivan Silva,ivan.silva886@example.com,Mid-Market,London,23761.84,True,8
ACC000887,Mohammed Andersson,mohammed.andersson887@example.com,SMB,Glasgow,28494.24,True,11
ACC000888,Priya Ahmed,priya.ahmed888@example.com,Mid-Market,Manchester,19105.7,True,4
ACC000889,Aisha Khan,aisha.khan889@example.com,Mid-Market,Glasgow,20442.13,True,7
ACC000890,James Rossi,james.rossi890@example.com,Mid-Market,Glasgow,12338.39,True,3
ACC000891,Sofia Brown,sofia.brown891@example.com,Mid-Market,London,54264.35,True,9
ACC000892,Noah Chen,noah.chen892@example.com,Enterprise,Birmingham,1950.29,True,5
ACC000893,Wei Smith,wei.smith893@example.com,Mid-Market,Bristol,7537.61,True,5
ACC000894,James Okafor,james.okafor894@example.com,SMB,Liverpool,6052.37,True,4
ACC000895,Carlos Rossi,carlos.rossi895@example.com,SMB,Glasgow,19060.3,False,1
ACC000896,Priya Nguyen,priya.nguyen896@example.com,Mid-Market,Cardiff,35098.75,True,5
ACC000897,James Rossi,james.rossi897@example.com,Mid-Market,Birmingham,52190.42,True,8
ACC000898,Fatima Rossi,fatima.rossi898@example.com,Mid-Market,Cardiff,84434.52,True,1
ACC000899,Mary Khan,mary.khan899@example.com,SMB,Leeds,29184.92,False,7
ACC000900,Aisha Rossi,aisha.rossi900@example.com,Mid-Market,Manchester,47340.37,True,11
ACC000901,Olu Tanaka,olu.tanaka901@example.com,Mid-Market,Leeds,7592.71,True,7
ACC000902,Liam Andersson,liam.andersson902@example.com,Enterprise,Cardiff,4543.49,True,6
ACC000903,Ivan Brown,ivan.brown903@example.com,Mid-Market,Cardiff,39199.17,True,6
ACC000904,Liam Rossi,liam.rossi904@example.com,Mid-Market,Manchester,3317.53,False,2
ACC000905,Priya Chen,priya.chen905@example.com,SMB,London,8574.07,True,4
ACC000906,Hannah Okafor,hannah.okafor906@example.com,SMB,Manchester,5419.9,True,0
ACC000907,Olu Khan,olu.khan907@example.com,Mid-Market,London,23170.45,True,1
ACC000908,Liam Chen,liam.chen908@example.com,SMB,Leeds,39348.25,True,6
ACC000909,Noah Ali,noah.ali909@example.com,Mid-Market,Glasgow,23183.36,True,0
ACC000910,Aisha Garcia,aisha.garcia910@example.com,Enterprise,Birmingham,33217.53,True,5
ACC000911,Mohammed Chen,mohammed.chen911@example.com,SMB,Manchester,24518.86,True,10
ACC000912,Liam Brown,liam.brown912@example.com,Mid-Market,Liverpool,11594.85,True,10
ACC000913,Mei Khan,mei.khan913@example.com,SMB,Bristol,6795.11,False,10
ACC000914,Liam Patel,liam.patel914@example.com,Mid-Market,Glasgow,13955.58,False,6
ACC000915,Priya Khan,priya.khan915@example.com,SMB,Glasgow,43161.47,True,5
ACC000916,Carlos Andersson,carlos.andersson916@example.com,SMB,Bristol,18783.69,True,4
ACC000917,Fatima Tanaka,fatima.tanaka917@example.com,SMB,Bristol,14291.72,True,3
ACC000918,Priya Patel,priya.patel918@example.com,SMB,Leeds,24524.86,False,4
ACC000919,Liam Ahmed,liam.ahmed919@example.com,Enterprise,Bristol,8825.72,True,5
ACC000920,Olu Garcia,olu.garcia920@example.com,Mid-Market,Liverpool,13432.22,True,4
ACC000921,Fatima Andersson,fatima.andersson921@example.com,Mid-Market,Birmingham,15948.26,True,0
ACC000922,Hannah Tanaka,hannah.tanaka922@example.com,SMB,Bristol,16473.54,True,7
ACC000923,Hannah Silva,hannah.silva923@example.com,SMB,Manchester,72942.84,False,8
ACC000924,Priya Okafor,priya.okafor924@example.com,Mid-Market,Liverpool,63828.52,True,2
ACC000925,Yuki Rossi,yuki.rossi925@example.com,Mid-Market,London,2136.17,True,7
ACC000926,Fatima Patel,fatima.patel926@example.com,SMB,Leeds,10900.97,True,0
ACC000927,Wei Silva,wei.silva927@example.com,SMB,Leeds,17801.46,True,6
ACC000928,Olu Ali,olu.ali928@example.com,SMB,Liverpool,40361.97,True,5
ACC000929,James Andersson,james.andersson929@example.com,Enterprise,London,34462.82,True,5
ACC000930,James Smith,james.smith930@example.com,Enterprise,Leeds,34524.5,True,10
ACC000931,Yuki Nguyen,yuki.nguyen931@example.com,SMB,Leeds,32786.61,False,11
ACC000932,Fatima Garcia,fatima.garcia932@example.com,Mid-Market,Leeds,7386.61,True,8
ACC000933,Wei Smith,wei.smith933@example.com,Enterprise,London,62254.65,True,8
ACC000934,Noah Chen,noah.chen934@example.com,SMB,London,18863.76,True,9
ACC000935,Hannah Nguyen,hannah.nguyen935@example.com,SMB,Leeds,4013.65,True,7
ACC000936,Hannah Chen,hannah.chen936@example.com,Enterprise,London,36451.2,True,6
ACC000937,Fatima Smith,fatima.smith937@example.com,SMB,Glasgow,17415.9,False,1
ACC000938,Liam Ahmed,liam.ahmed938@example.com,Mid-Market,Leeds,2229.76,True,4
ACC000939,Wei Rossi,wei.rossi939@example.com,Enterprise,Cardiff,40562.92,True,6
ACC000940,Hannah Brown,hannah.brown940@example.com,SMB,Bristol,38764.35,True,5
ACC000941,Ivan Ahmed,ivan.ahmed941@example.com,SMB,Manchester,11160.09,True,10
ACC000942,Noah Patel,noah.patel942@example.com,SMB,Cardiff,22170.75,True,7
ACC000943,James Nguyen,james.nguyen943@example.com,SMB,Glasgow,52755.0,False,9
ACC000944,Ivan Garcia,ivan.garcia944@example.com,Enterprise,Manchester,35765.82,True,5
ACC000945,Aisha Andersson,aisha.andersson945@example.com,SMB,Bristol,58819.66,True,11
ACC000946,Carlos Patel,carlos.patel946@example.com,Enterprise,Cardiff,46219.61,True,5
ACC000947,Priya Kowalski,priya.kowalski947@example.com,Enterprise,Birmingham,19056.03,True,2
ACC000948,Sofia Tanaka,sofia.tanaka948@example.com,Enterprise,Manchester,45589.56,True,1
ACC000949,Liam Ahmed,liam.ahmed949@example.com,Enterprise,Manchester,20445.13,True,1
ACC000950,Priya Nguyen,priya.nguyen950@example.com,SMB,Bristol,17902.93,True,3
ACC000951,Priya Khan,priya.khan951@example.com,Mid-Market,Liverpool,14206.51,True,11
ACC000952,Carlos Silva,carlos.silva952@example.com,Enterprise,Glasgow,32392.44,True,6
ACC000953,James Rossi,james.rossi953@example.com,Enterprise,Manchester,13085.39,True,3
ACC000954,Liam Rossi,liam.rossi954@example.com,Mid-Market,Cardiff,15352.5,True,0
ACC000955,Hannah Kowalski,hannah.kowalski955@example.com,SMB,London,18969.28,True,0
ACC000956,Mei Garcia,mei.garcia956@example.com,SMB,Birmingham,12314.57,True,9
ACC000957,Hannah Garcia,hannah.garcia957@example.com,Mid-Market,Bristol,22485.92,True,0
ACC000958,Hannah Kowalski,hannah.kowalski958@example.com,SMB,Glasgow,32739.42,True,1
ACC000959,Aisha Patel,aisha.patel959@example.com,SMB,Birmingham,14629.36,True,10
ACC000960,Mei Smith,mei.smith960@example.com,Mid-Market,Liverpool,8557.47,True,9
ACC000961,Mary Smith,mary.smith961@example.com,Enterprise,London,2802.3,True,0
ACC000962,Yuki Tanaka,yuki.tanaka962@example.com,Enterprise,Birmingham,37389.75,True,11
ACC000963,Fatima Ahmed,fatima.ahmed963@example.com,SMB,London,16303.44,True,7
ACC000964,Carlos Tanaka,carlos.tanaka964@example.com,Enterprise,Cardiff,16027.58,True,5
ACC000965,Ivan Chen,ivan.chen965@example.com,Enterprise,Glasgow,41217.85,True,0
ACC000966,Priya Rossi,priya.rossi966@example.com,SMB,Liverpool,22119.03,False,8
ACC000967,Priya Kowalski,priya.kowalski967@example.com,Mid-Market,Leeds,12370.86,True,7
ACC000968,Aisha Patel,aisha.patel968@example.com,Mid-Market,Birmingham,18929.17,True,7
ACC000969,Sofia Garcia,sofia.garcia969@example.com,SMB,Birmingham,40125.41,False,7
ACC000970,Priya Patel,priya.patel970@example.com,SMB,Liverpool,24055.42,True,11
ACC000971,Yuki Nguyen,yuki.nguyen971@example.com,Mid-Market,Birmingham,41988.34,True,9
ACC000972,Hannah Ali,hannah.ali972@example.com,Enterprise,Birmingham,35042.58,True,5
ACC000973,Mei Khan,mei.khan973@example.com,SMB,London,15900.18,False,3
ACC000974,Carlos Garcia,carlos.garcia974@example.com,Mid-Market,Cardiff,31485.0,True,3
ACC000975,Sofia Tanaka,sofia.tanaka975@example.com,Mid-Market,Cardiff,15863.26,True,1
ACC000976,Liam Nguyen,liam.nguyen976@example.com,Mid-Market,London,33291.73,True,11
ACC000977,Wei Andersson,wei.andersson977@example.com,Enterprise,Birmingham,17627.43,True,9
ACC000978,Olu Ahmed,olu.ahmed978@example.com,SMB,Birmingham,11412.19,True,8
ACC000979,Priya Okafor,priya.okafor979@example.com,SMB,Cardiff,15145.05,False,2
ACC000980,Hannah Silva,hannah.silva980@example.com,Enterprise,London,43731.86,True,8
ACC000981,Wei Patel,wei.patel981@example.com,Enterprise,London,51017.55,True,8
ACC000982,Sofia Tanaka,sofia.tanaka982@example.com,SMB,Bristol,65271.4,True,1
ACC000983,Yuki Ali,yuki.ali983@example.com,Enterprise,Birmingham,2850.75,False,0
ACC000984,Sofia Okafor,sofia.okafor984@example.com,Mid-Market,Glasgow,32690.52,False,10
ACC000985,Priya Silva,priya.silva985@example.com,Mid-Market,Liverpool,35541.85,True,11
ACC000986,James Khan,james.khan986@example.com,SMB,Cardiff,49904.74,True,0
ACC000987,Hannah Nguyen,hannah.nguyen987@example.com,Enterprise,Leeds,23877.94,True,9
ACC000988,Noah Andersson,noah.andersson988@example.com,SMB,Leeds,38378.53,False,0
ACC000989,James Ahmed,james.ahmed989@example.com,Mid-Market,London,10506.04,True,2
ACC000990,Olu Kowalski,olu.kowalski990@example.com,SMB,London,47245.01,True,11
ACC000991,Mei Rossi,mei.rossi991@example.com,SMB,Leeds,44359.4,True,3
ACC000992,Fatima Nguyen,fatima.nguyen992@example.com,Mid-Market,London,4027.71,True,6
ACC000993,Noah Garcia,noah.garcia993@example.com,Enterprise,Glasgow,53289.77,False,4
ACC000994,Olu Garcia,olu.garcia994@example.com,Mid-Market,Leeds,16944.19,False,2
ACC000995,Mohammed Tanaka,mohammed.tanaka995@example.com,Enterprise,London,28137.14,True,10
ACC000996,Mei Khan,mei.khan996@example.com,SMB,Glasgow,25072.22,False,8
ACC000997,Mohammed Ahmed,mohammed.ahmed997@example.com,Mid-Market,Cardiff,26556.41,False,3
ACC000998,Noah Smith,noah.smith998@example.com,Mid-Market,Birmingham,26647.28,True,3
ACC000999,Sofia Nguyen,sofia.nguyen999@example.com,SMB,Glasgow,3741.0,True,5
ACC001000,James Khan,james.khan1000@example.com,Enterprise,Cardiff,25221.48,True,9
ACC001001,Olu Smith,olu.smith1001@example.com,SMB,Glasgow,9327.23,True,5
ACC001002,Mei Patel,mei.patel1002@example.com,SMB,Liverpool,14854.02,True,3
ACC001003,Carlos Tanaka,carlos.tanaka1003@example.com,Mid-Market,Manchester,25060.19,True,7
ACC001004,Carlos Tanaka,carlos.tanaka1004@example.com,SMB,Cardiff,71563.83,True,4
ACC001005,Hannah Ali,hannah.ali1005@example.com,SMB,London,45281.19,True,0
ACC001006,Mohammed Nguyen,mohammed.nguyen1006@example.com,Mid-Market,Liverpool,52033.62,True,9
ACC001007,Fatima Chen,fatima.chen1007@example.com,Enterprise,Leeds,3430.78,True,9
ACC001008,Ivan Rossi,ivan.rossi1008@example.com,SMB,Cardiff,63974.53,True,11
ACC001009,Fatima Ali,fatima.ali1009@example.com,SMB,Manchester,65633.41,False,2
ACC001010,Aisha Chen,aisha.chen1010@example.com,Enterprise,Manchester,18600.97,True,0
ACC001011,Hannah Rossi,hannah.rossi1011@example.com,SMB,Leeds,31873.59,True,10
ACC001012,Mei Patel,mei.patel1012@example.com,SMB,Bristol,22846.99,True,1
ACC001013,Wei Chen,wei.chen1013@example.com,SMB,Manchester,45177.98,True,9
ACC001014,Noah Okafor,noah.okafor1014@example.com,Enterprise,Birmingham,18072.6,False,4
ACC001015,Mary Khan,mary.khan1015@example.com,Mid-Market,Glasgow,20644.95,True,11
ACC001016,Mohammed Patel,mohammed.patel1016@example.com,SMB,Cardiff,9938.23,True,9
ACC001017,Olu Smith,olu.smith1017@example.com,Enterprise,Leeds,16352.94,True,4
ACC001018,Aisha Nguyen,aisha.nguyen1018@example.com,Enterprise,Manchester,17126.39,False,2
ACC001019,Ivan Chen,ivan.chen1019@example.com,SMB,Bristol,22429.97,True,10
ACC001020,Olu Ahmed,olu.ahmed1020@example.com,Mid-Market,Glasgow,37704.02,True,10
ACC001021,Yuki Smith,yuki.smith1021@example.com,Enterprise,Bristol,76792.36,True,1
ACC001022,James Ahmed,james.ahmed1022@example.com,Enterprise,London,16685.68,False,6
ACC001023,Noah Garcia,noah.garcia1023@example.com,SMB,Liverpool,21152.1,False,8
ACC001024,Liam Tanaka,liam.tanaka1024@example.com,SMB,London,2529.92,False,0
ACC001025,Ivan Nguyen,ivan.nguyen1025@example.com,Enterprise,Bristol,63001.34,True,4
ACC001026,Liam Kowalski,liam.kowalski1026@example.com,Enterprise,Glasgow,13628.19,True,1
ACC001027,Hannah Ahmed,hannah.ahmed1027@example.com,Mid-Market,Glasgow,72618.19,True,10
ACC001028,Olu Nguyen,olu.nguyen1028@example.com,SMB,Leeds,34836.05,False,1
ACC001029,Mary Ahmed,mary.ahmed1029@example.com,Enterprise,Leeds,10405.66,True,8
ACC001030,Fatima Smith,fatima.smith1030@example.com,Mid-Market,Leeds,13539.58,True,11
ACC001031,Yuki Ahmed,yuki.ahmed1031@example.com,Mid-Market,Bristol,29849.54,True,5
ACC001032,Priya Garcia,priya.garcia1032@example.com,Enterprise,Leeds,5843.8,True,6
ACC001033,Mei Ali,mei.ali1033@example.com,Mid-Market,Liverpool,27404.26,True,3
ACC001034,Yuki Rossi,yuki.rossi1034@example.com,Mid-Market,Liverpool,27238.15,True,6
ACC001035,Hannah Kowalski,hannah.kowalski1035@example.com,Mid-Market,Cardiff,9417.67,False,3
ACC001036,Yuki Patel,yuki.patel1036@example.com,Mid-Market,Birmingham,28798.02,True,1
ACC001037,Mei Tanaka,mei.tanaka1037@example.com,Enterprise,Manchester,28875.61,True,4
ACC001038,Liam Chen,liam.chen1038@example.com,SMB,Manchester,35677.41,True,9
ACC001039,Carlos Silva,carlos.silva1039@example.com,Enterprise,Leeds,12959.76,False,4
ACC001040,Carlos Silva,carlos.silva1040@example.com,Mid-Market,Bristol,11189.54,True,8
ACC001041,Aisha Tanaka,aisha.tanaka1041@example.com,Enterprise,London,27538.34,True,4
ACC001042,Hannah Tanaka,hannah.tanaka1042@example.com,Mid-Market,Leeds,10204.53,True,7
ACC001043,Noah Patel,noah.patel1043@example.com,SMB,Birmingham,4723.0,False,9
ACC001044,Priya Rossi,priya.rossi1044@example.com,Mid-Market,Birmingham,25303.37,True,8
ACC001045,Priya Patel,priya.patel1045@example.com,SMB,Bristol,10605.87,True,1
ACC001046,Hannah Okafor,hannah.okafor1046@example.com,Enterprise,Leeds,4251.71,False,7
ACC001047,Sofia Ahmed,sofia.ahmed1047@example.com,Enterprise,Cardiff,21029.43,True,9
ACC001048,Priya Andersson,priya.andersson1048@example.com,Mid-Market,Manchester,25284.52,True,1
ACC001049,Fatima Tanaka,fatima.tanaka1049@example.com,SMB,Leeds,7347.14,False,9
ACC001050,Mei Okafor,mei.okafor1050@example.com,SMB,Manchester,55088.88,True,11
ACC001051,Aisha Okafor,aisha.okafor1051@example.com,Enterprise,Glasgow,61149.8,True,11
ACC001052,Fatima Silva,fatima.silva1052@example.com,SMB,Leeds,25860.34,False,7
ACC001053,Hannah Khan,hannah.khan1053@example.com,Enterprise,Liverpool,23271.03,True,11
ACC001054,Hannah Andersson,hannah.andersson1054@example.com,Mid-Market,Leeds,21051.5,True,5
ACC001055,Noah Ahmed,noah.ahmed1055@example.com,Enterprise,Cardiff,26980.81,True,10
ACC001056,Mohammed Ali,mohammed.ali1056@example.com,SMB,Glasgow,49115.1,False,7
ACC001057,Mei Garcia,mei.garcia1057@example.com,Enterprise,Liverpool,38515.38,False,6
ACC001058,Mary Nguyen,mary.nguyen1058@example.com,Mid-Market,Leeds,18642.38,True,4
ACC001059,Mei Rossi,mei.rossi1059@example.com,Mid-Market,Bristol,49018.13,False,4
ACC001060,Liam Chen,liam.chen1060@example.com,SMB,Leeds,26728.13,True,0
ACC001061,Liam Silva,liam.silva1061@example.com,Enterprise,London,36891.42,False,10
ACC001062,James Silva,james.silva1062@example.com,Enterprise,Leeds,18401.33,True,9
ACC001063,Ivan Ahmed,ivan.ahmed1063@example.com,SMB,London,6435.66,True,11
ACC001064,Sofia Chen,sofia.chen1064@example.com,SMB,Cardiff,18127.49,True,9
ACC001065,Ivan Nguyen,ivan.nguyen1065@example.com,Mid-Market,Birmingham,2657.93,False,0
ACC001066,Hannah Silva,hannah.silva1066@example.com,SMB,Bristol,22849.45,True,11
ACC001067,Liam Garcia,liam.garcia1067@example.com,Mid-Market,Manchester,14319.99,True,1
ACC001068,Priya Nguyen,priya.nguyen1068@example.com,Mid-Market,Cardiff,11753.51,True,2
ACC001069,Aisha Kowalski,aisha.kowalski1069@example.com,Mid-Market,Bristol,32527.71,True,2
ACC001070,Mei Rossi,mei.rossi1070@example.com,Mid-Market,Manchester,27545.27,True,0
ACC001071,Sofia Rossi,sofia.rossi1071@example.com,Mid-Market,Glasgow,23259.74,True,3
ACC001072,Noah Okafor,noah.okafor1072@example.com,SMB,Bristol,44418.54,True,0
ACC001073,Yuki Smith,yuki.smith1073@example.com,SMB,Leeds,1812.83,True,1
ACC001074,Hannah Brown,hannah.brown1074@example.com,Mid-Market,London,19650.7,True,3
ACC001075,Yuki Kowalski,yuki.kowalski1075@example.com,Enterprise,Leeds,31659.32,False,10
ACC001076,Yuki Chen,yuki.chen1076@example.com,SMB,Bristol,17657.77,True,6
ACC001077,Ivan Chen,ivan.chen1077@example.com,SMB,Birmingham,48231.97,True,11
ACC001078,Aisha Silva,aisha.silva1078@example.com,Mid-Market,Leeds,11608.07,True,11
ACC001079,Noah Ahmed,noah.ahmed1079@example.com,SMB,Liverpool,53961.99,True,2
ACC001080,Liam Silva,liam.silva1080@example.com,SMB,Birmingham,40200.44,True,3
ACC001081,Aisha Silva,aisha.silva1081@example.com,Enterprise,London,25343.78,True,11
ACC001082,Liam Garcia,liam.garcia1082@example.com,Enterprise,Glasgow,8412.75,True,2
ACC001083,Mei Okafor,mei.okafor1083@example.com,Mid-Market,Liverpool,7200.71,True,3
ACC001084,Olu Khan,olu.khan1084@example.com,Enterprise,Leeds,15770.2,True,7
ACC001085,Fatima Brown,fatima.brown1085@example.com,Enterprise,Manchester,36789.35,True,8
ACC001086,Hannah Nguyen,hannah.nguyen1086@example.com,Enterprise,Birmingham,30561.8,True,8
ACC001087,Mary Ali,mary.ali1087@example.com,Mid-Market,Birmingham,39996.5,False,2
ACC001088,Hannah Ahmed,hannah.ahmed1088@example.com,Mid-Market,Cardiff,7232.69,False,0
ACC001089,Wei Chen,wei.chen1089@example.com,Enterprise,London,48701.99,True,7
ACC001090,Noah Silva,noah.silva1090@example.com,SMB,London,14793.51,True,5
ACC001091,Priya Patel,priya.patel1091@example.com,SMB,Birmingham,17743.77,True,8
ACC001092,Hannah Garcia,hannah.garcia1092@example.com,Mid-Market,London,43157.46,True,7
ACC001093,Priya Tanaka,priya.tanaka1093@example.com,Enterprise,Manchester,23834.88,True,0
ACC001094,Wei Nguyen,wei.nguyen1094@example.com,Enterprise,Glasgow,24793.71,False,6
ACC001095,Mei Smith,mei.smith1095@example.com,Mid-Market,Birmingham,20623.32,True,1
ACC001096,Priya Silva,priya.silva1096@example.com,SMB,London,56752.72,False,1
ACC001097,Ivan Brown,ivan.brown1097@example.com,SMB,Glasgow,30555.05,True,8
ACC001098,Fatima Nguyen,fatima.nguyen1098@example.com,Enterprise,Cardiff,16097.16,True,6
ACC001099,Sofia Patel,sofia.patel1099@example.com,Mid-Market,Birmingham,20422.93,False,5
ACC001100,Hannah Ali,hannah.ali1100@example.com,SMB,Glasgow,52148.31,True,5
ACC001101,Sofia Rossi,sofia.rossi1101@example.com,Mid-Market,Leeds,32228.19,True,2
ACC001102,Liam Ali,liam.ali1102@example.com,Enterprise,Cardiff,16075.74,True,8
ACC001103,Wei Okafor,wei.okafor1103@example.com,SMB,Leeds,20022.98,False,8
ACC001104,Mei Okafor,mei.okafor1104@example.com,SMB,Manchester,10087.59,True,11
ACC001105,Mohammed Rossi,mohammed.rossi1105@example.com,SMB,London,20179.05,True,7
ACC001106,Noah Smith,noah.smith1106@example.com,Enterprise,Glasgow,15743.82,True,9
ACC001107,Mei Okafor,mei.okafor1107@example.com,Mid-Market,Cardiff,35317.7,True,2
ACC001108,Olu Ali,olu.ali1108@example.com,SMB,Manchester,15157.71,True,1
ACC001109,Mohammed Chen,mohammed.chen1109@example.com,SMB,Cardiff,40189.91,True,9
ACC001110,Aisha Silva,aisha.silva1110@example.com,Enterprise,Cardiff,28156.8,True,1
ACC001111,James Ali,james.ali1111@example.com,Enterprise,London,48443.88,True,7
ACC001112,Priya Chen,priya.chen1112@example.com,SMB,Manchester,25113.0,True,9
ACC001113,Mohammed Kowalski,mohammed.kowalski1113@example.com,Enterprise,Leeds,24799.53,True,10
ACC001114,Carlos Khan,carlos.khan1114@example.com,Mid-Market,Manchester,13948.81,True,3
ACC001115,Fatima Patel,fatima.patel1115@example.com,Enterprise,Leeds,16934.55,True,3
ACC001116,Carlos Garcia,carlos.garcia1116@example.com,Enterprise,Leeds,33061.66,False,11
ACC001117,Noah Patel,noah.patel1117@example.com,Mid-Market,Liverpool,27037.22,False,8
ACC001118,Priya Khan,priya.khan1118@example.com,Mid-Market,Glasgow,51848.14,True,5
ACC001119,Mary Okafor,mary.okafor1119@example.com,SMB,Cardiff,41707.14,True,3
ACC001120,Fatima Ahmed,fatima.ahmed1120@example.com,Enterprise,Liverpool,20546.37,False,9
ACC001121,Fatima Kowalski,fatima.kowalski1121@example.com,Enterprise,Bristol,7742.3,True,4
ACC001122,Liam Ali,liam.ali1122@example.com,Enterprise,London,7632.76,True,9
ACC001123,Mohammed Nguyen,mohammed.nguyen1123@example.com,Mid-Market,Liverpool,46566.08,True,5
ACC001124,Sofia Ali,sofia.ali1124@example.com,Mid-Market,Bristol,26955.69,True,9
ACC001125,Yuki Chen,yuki.chen1125@example.com,Mid-Market,Liverpool,54749.7,True,7
ACC001126,Aisha Khan,aisha.khan1126@example.com,Mid-Market,Birmingham,15297.35,True,3
ACC001127,Ivan Rossi,ivan.rossi1127@example.com,SMB,Glasgow,11581.05,False,6
ACC001128,Carlos Okafor,carlos.okafor1128@example.com,SMB,London,32203.76,True,8
ACC001129,James Kowalski,james.kowalski1129@example.com,Enterprise,Cardiff,13597.48,False,7
ACC001130,Ivan Chen,ivan.chen1130@example.com,Enterprise,Glasgow,66272.68,True,1
ACC001131,James Okafor,james.okafor1131@example.com,Mid-Market,Liverpool,17447.9,True,8
ACC001132,Fatima Silva,fatima.silva1132@example.com,Mid-Market,Manchester,21114.07,False,10
ACC001133,Hannah Kowalski,hannah.kowalski1133@example.com,Mid-Market,London,33140.9,True,0
ACC001134,Mary Okafor,mary.okafor1134@example.com,SMB,Manchester,47135.54,False,5
ACC001135,Liam Ahmed,liam.ahmed1135@example.com,SMB,London,14988.03,True,10
ACC001136,Carlos Okafor,carlos.okafor1136@example.com,Enterprise,Bristol,30965.61,True,5
ACC001137,Sofia Ali,sofia.ali1137@example.com,Enterprise,Bristol,22476.04,True,0
ACC001138,Hannah Ali,hannah.ali1138@example.com,Enterprise,London,16041.88,True,8
ACC001139,Fatima Kowalski,fatima.kowalski1139@example.com,Enterprise,Manchester,6561.49,False,1
ACC001140,Mary Tanaka,mary.tanaka1140@example.com,Mid-Market,London,21564.26,False,1
ACC001141,Liam Khan,liam.khan1141@example.com,Mid-Market,Bristol,25424.53,True,9
ACC001142,Hannah Andersson,hannah.andersson1142@example.com,SMB,Leeds,49446.04,True,0
ACC001143,Mary Andersson,mary.andersson1143@example.com,Mid-Market,Liverpool,14808.49,False,0
ACC001144,Olu Patel,olu.patel1144@example.com,SMB,Manchester,4352.17,True,1
ACC001145,Mary Rossi,mary.rossi1145@example.com,Enterprise,Birmingham,5845.58,True,2
ACC001146,Ivan Silva,ivan.silva1146@example.com,Mid-Market,Leeds,13704.16,True,0
ACC001147,Hannah Chen,hannah.chen1147@example.com,SMB,Liverpool,6233.58,True,11
ACC001148,Wei Silva,wei.silva1148@example.com,Mid-Market,Cardiff,32357.65,True,7
ACC001149,Mei Okafor,mei.okafor1149@example.com,Enterprise,Liverpool,12760.61,True,5
ACC001150,Liam Brown,liam.brown1150@example.com,Mid-Market,Glasgow,56127.89,True,3
ACC001151,Liam Khan,liam.khan1151@example.com,Mid-Market,Manchester,8449.57,True,0
ACC001152,Sofia Tanaka,sofia.tanaka1152@example.com,Mid-Market,Manchester,29683.73,False,11
ACC001153,Wei Rossi,wei.rossi1153@example.com,Enterprise,Cardiff,37038.95,True,9
ACC001154,Carlos Okafor,carlos.okafor1154@example.com,Enterprise,London,18375.76,False,9
ACC001155,Mei Rossi,mei.rossi1155@example.com,Enterprise,Birmingham,13179.75,True,0
ACC001156,Liam Patel,liam.patel1156@example.com,SMB,Liverpool,34416.23,True,2
ACC001157,Olu Nguyen,olu.nguyen1157@example.com,Enterprise,Bristol,18083.93,True,7
ACC001158,Mei Rossi,mei.rossi1158@example.com,Mid-Market,Cardiff,20052.71,True,4
ACC001159,Liam Garcia,liam.garcia1159@example.com,Enterprise,London,5057.05,True,11
ACC001160,Hannah Nguyen,hannah.nguyen1160@example.com,Mid-Market,London,29754.17,True,8
ACC001161,Priya Ahmed,priya.ahmed1161@example.com,Enterprise,Birmingham,5354.58,False,7
ACC001162,Sofia Ahmed,sofia.ahmed1162@example.com,SMB,Leeds,4849.71,True,4
ACC001163,Mei Khan,mei.khan1163@example.com,SMB,London,13948.12,True,9
ACC001164,Yuki Ali,yuki.ali1164@example.com,SMB,Bristol,34422.57,True,0
ACC001165,Hannah Nguyen,hannah.nguyen1165@example.com,Mid-Market,Bristol,69508.1,False,1
ACC001166,Fatima Nguyen,fatima.nguyen1166@example.com,SMB,Birmingham,65487.18,True,11
ACC001167,Noah Garcia,noah.garcia1167@example.com,SMB,Leeds,15107.5,True,8
ACC001168,Mary Nguyen,mary.nguyen1168@example.com,Enterprise,Bristol,37757.23,True,8
ACC001169,Liam Chen,liam.chen1169@example.com,Enterprise,Cardiff,7485.99,False,5
ACC001170,Noah Ahmed,noah.ahmed1170@example.com,Enterprise,Bristol,11672.75,True,9
ACC001171,Liam Kowalski,liam.kowalski1171@example.com,Mid-Market,London,25992.47,True,3
ACC001172,Mei Garcia,mei.garcia1172@example.com,SMB,London,5124.49,True,0
ACC001173,Mohammed Nguyen,mohammed.nguyen1173@example.com,Mid-Market,Bristol,8301.41,True,6
ACC001174,Hannah Silva,hannah.silva1174@example.com,Mid-Market,Birmingham,10630.74,True,6
ACC001175,Mei Garcia,mei.garcia1175@example.com,Enterprise,Manchester,34659.69,True,6
ACC001176,Carlos Chen,carlos.chen1176@example.com,Enterprise,Cardiff,28491.29,True,10
ACC001177,James Patel,james.patel1177@example.com,Enterprise,Bristol,23703.01,True,11
ACC001178,Sofia Chen,sofia.chen1178@example.com,SMB,Birmingham,50957.97,True,7
ACC001179,Wei Tanaka,wei.tanaka1179@example.com,Enterprise,Manchester,31931.15,True,10
ACC001180,Noah Kowalski,noah.kowalski1180@example.com,Enterprise,London,50506.64,True,2
ACC001181,Fatima Chen,fatima.chen1181@example.com,SMB,Liverpool,30299.17,True,10
ACC001182,James Chen,james.chen1182@example.com,SMB,Cardiff,25986.93,True,8
ACC001183,Sofia Nguyen,sofia.nguyen1183@example.com,Mid-Market,Liverpool,43035.13,True,4
ACC001184,Yuki Garcia,yuki.garcia1184@example.com,SMB,London,43821.17,True,11
ACC001185,Fatima Kowalski,fatima.kowalski1185@example.com,Mid-Market,Leeds,25647.98,True,10
ACC001186,Hannah Silva,hannah.silva1186@example.com,SMB,Glasgow,23208.52,True,3
ACC001187,Wei Garcia,wei.garcia1187@example.com,Enterprise,Birmingham,53898.43,True,8
ACC001188,Olu Okafor,olu.okafor1188@example.com,SMB,Bristol,4164.65,True,1
ACC001189,Carlos Nguyen,carlos.nguyen1189@example.com,Enterprise,Cardiff,49621.85,True,1
ACC001190,Wei Khan,wei.khan1190@example.com,Enterprise,London,28912.7,True,1
ACC001191,Carlos Rossi,carlos.rossi1191@example.com,Enterprise,Leeds,27546.71,True,2
ACC001192,Priya Kowalski,priya.kowalski1192@example.com,SMB,Leeds,27223.88,True,9
ACC001193,Aisha Kowalski,aisha.kowalski1193@example.com,Enterprise,Manchester,15611.79,True,3
ACC001194,Wei Smith,wei.smith1194@example.com,Mid-Market,Glasgow,25462.04,True,11
ACC001195,Mohammed Garcia,mohammed.garcia1195@example.com,Enterprise,London,21679.3,False,3
ACC001196,Yuki Garcia,yuki.garcia1196@example.com,Mid-Market,Liverpool,60043.97,True,8
ACC001197,Mary Chen,mary.chen1197@example.com,SMB,Bristol,2392.42,True,9
ACC001198,Ivan Chen,ivan.chen1198@example.com,Mid-Market,Leeds,32778.71,True,6
ACC001199,Olu Ali,olu.ali1199@example.com,Mid-Market,Manchester,13184.63,True,6
ACC001200,Liam Garcia,liam.garcia1200@example.com,Enterprise,Cardiff,43905.88,True,0
ACC001201,Mary Rossi,mary.rossi1201@example.com,SMB,Cardiff,44731.34,False,5
ACC001202,Aisha Rossi,aisha.rossi1202@example.com,Enterprise,Liverpool,8567.48,True,7
ACC001203,Liam Patel,liam.patel1203@example.com,SMB,Bristol,8524.73,False,9
ACC001204,Mei Ahmed,mei.ahmed1204@example.com,Enterprise,Liverpool,1096.82,True,11
ACC001205,Mohammed Patel,mohammed.patel1205@example.com,Enterprise,Glasgow,7804.19,False,10
ACC001206,Ivan Ali,ivan.ali1206@example.com,Mid-Market,Leeds,10289.75,True,8
ACC001207,Priya Ahmed,priya.ahmed1207@example.com,Enterprise,Glasgow,16191.33,True,2
ACC001208,Ivan Garcia,ivan.garcia1208@example.com,SMB,Liverpool,22227.19,True,4
ACC001209,Noah Ali,noah.ali1209@example.com,Mid-Market,Manchester,23098.3,True,7
ACC001210,Aisha Brown,aisha.brown1210@example.com,Mid-Market,Liverpool,15417.63,False,6
ACC001211,Hannah Khan,hannah.khan1211@example.com,Mid-Market,Cardiff,42179.59,True,7
ACC001212,Priya Chen,priya.chen1212@example.com,Enterprise,Glasgow,10762.75,False,6
ACC001213,Sofia Chen,sofia.chen1213@example.com,Enterprise,Bristol,31856.17,True,0
ACC001214,Noah Khan,noah.khan1214@example.com,Mid-Market,Glasgow,35274.6,True,0
ACC001215,Priya Khan,priya.khan1215@example.com,SMB,Glasgow,41755.9,False,8
ACC001216,Priya Patel,priya.patel1216@example.com,SMB,Glasgow,23634.73,True,8
ACC001217,Carlos Okafor,carlos.okafor1217@example.com,SMB,Cardiff,1647.57,True,11
ACC001218,Liam Tanaka,liam.tanaka1218@example.com,SMB,Cardiff,51053.59,False,5
ACC001219,Mei Tanaka,mei.tanaka1219@example.com,Mid-Market,Bristol,18671.57,True,7
ACC001220,Ivan Nguyen,ivan.nguyen1220@example.com,Mid-Market,Cardiff,37362.92,True,3
ACC001221,Aisha Ali,aisha.ali1221@example.com,Mid-Market,Glasgow,59264.56,True,10
ACC001222,Sofia Patel,sofia.patel1222@example.com,Mid-Market,Glasgow,14873.68,True,10
ACC001223,Carlos Ali,carlos.ali1223@example.com,Enterprise,Birmingham,23555.79,True,5
ACC001224,Ivan Nguyen,ivan.nguyen1224@example.com,Mid-Market,Bristol,13622.58,False,5
ACC001225,Sofia Ali,sofia.ali1225@example.com,Mid-Market,Cardiff,64364.37,True,2
ACC001226,Hannah Ahmed,hannah.ahmed1226@example.com,SMB,London,18976.83,True,3
ACC001227,Aisha Patel,aisha.patel1227@example.com,SMB,Bristol,25309.33,True,11
ACC001228,Yuki Okafor,yuki.okafor1228@example.com,SMB,Manchester,23747.51,False,9
ACC001229,Aisha Ahmed,aisha.ahmed1229@example.com,Mid-Market,Glasgow,30276.72,False,7
ACC001230,Wei Kowalski,wei.kowalski1230@example.com,Mid-Market,London,8004.66,True,8
ACC001231,Mei Rossi,mei.rossi1231@example.com,Enterprise,Manchester,28206.02,True,2
ACC001232,Mei Nguyen,mei.nguyen1232@example.com,SMB,Cardiff,26298.38,True,0
ACC001233,Fatima Smith,fatima.smith1233@example.com,Mid-Market,Cardiff,10211.62,True,10
ACC001234,Noah Garcia,noah.garcia1234@example.com,Mid-Market,Manchester,1544.49,True,10
ACC001235,Liam Nguyen,liam.nguyen1235@example.com,Enterprise,London,27184.68,True,9
ACC001236,Mohammed Rossi,mohammed.rossi1236@example.com,SMB,Liverpool,7632.75,False,11
ACC001237,Mary Khan,mary.khan1237@example.com,Enterprise,Liverpool,25589.02,True,9
ACC001238,Wei Kowalski,wei.kowalski1238@example.com,SMB,Cardiff,13099.08,False,1
ACC001239,Mei Patel,mei.patel1239@example.com,SMB,London,16573.47,True,0
ACC001240,Wei Rossi,wei.rossi1240@example.com,SMB,Cardiff,10403.23,True,1
ACC001241,Aisha Nguyen,aisha.nguyen1241@example.com,Enterprise,Glasgow,25412.39,True,6
ACC001242,Priya Ahmed,priya.ahmed1242@example.com,Mid-Market,Cardiff,14173.72,True,10
ACC001243,Liam Chen,liam.chen1243@example.com,SMB,Liverpool,27290.44,True,6
ACC001244,James Garcia,james.garcia1244@example.com,SMB,Liverpool,47236.13,False,1
ACC001245,Mei Garcia,mei.garcia1245@example.com,Enterprise,Bristol,67854.19,True,4
ACC001246,Ivan Tanaka,ivan.tanaka1246@example.com,Mid-Market,Leeds,36438.07,True,9
ACC001247,Olu Rossi,olu.rossi1247@example.com,SMB,Liverpool,48994.53,True,9
ACC001248,Sofia Nguyen,sofia.nguyen1248@example.com,Mid-Market,Birmingham,10545.19,False,2
ACC001249,Priya Ahmed,priya.ahmed1249@example.com,SMB,Glasgow,44214.75,True,0
ACC001250,Carlos Nguyen,carlos.nguyen1250@example.com,Enterprise,Manchester,11794.36,False,11
ACC001251,James Ahmed,james.ahmed1251@example.com,SMB,Cardiff,36989.52,True,4
ACC001252,Sofia Rossi,sofia.rossi1252@example.com,SMB,Leeds,29987.91,True,4
ACC001253,Wei Ahmed,wei.ahmed1253@example.com,Mid-Market,Cardiff,13217.42,True,4
ACC001254,Sofia Okafor,sofia.okafor1254@example.com,Mid-Market,London,13070.26,False,0
ACC001255,Mary Silva,mary.silva1255@example.com,Mid-Market,Cardiff,10388.23,True,1
ACC001256,Mary Ahmed,mary.ahmed1256@example.com,SMB,Birmingham,14306.46,True,6
ACC001257,Hannah Silva,hannah.silva1257@example.com,SMB,Glasgow,25279.69,True,0
ACC001258,Priya Chen,priya.chen1258@example.com,Enterprise,Manchester,7009.44,True,8
ACC001259,Olu Tanaka,olu.tanaka1259@example.com,Mid-Market,Leeds,12830.75,True,10
ACC001260,Yuki Rossi,yuki.rossi1260@example.com,Enterprise,Manchester,19007.21,True,7
ACC001261,Olu Andersson,olu.andersson1261@example.com,Enterprise,Glasgow,27207.7,False,8
ACC001262,Liam Tanaka,liam.tanaka1262@example.com,Enterprise,London,42166.96,True,2
ACC001263,Mei Okafor,mei.okafor1263@example.com,SMB,Liverpool,2547.66,True,8
ACC001264,James Patel,james.patel1264@example.com,Mid-Market,Bristol,12885.97,True,4
ACC001265,Olu Silva,olu.silva1265@example.com,Mid-Market,Leeds,33709.36,True,5
ACC001266,Liam Chen,liam.chen1266@example.com,Enterprise,Leeds,7971.21,False,1
ACC001267,Carlos Patel,carlos.patel1267@example.com,SMB,Bristol,21026.06,True,0
ACC001268,Yuki Andersson,yuki.andersson1268@example.com,Mid-Market,Leeds,18520.3,True,6
ACC001269,Yuki Khan,yuki.khan1269@example.com,Mid-Market,Liverpool,6404.91,True,10
ACC001270,Yuki Khan,yuki.khan1270@example.com,SMB,Cardiff,8171.01,True,4
ACC001271,Sofia Garcia,sofia.garcia1271@example.com,SMB,Leeds,43937.31,True,9
ACC001272,Wei Patel,wei.patel1272@example.com,Mid-Market,Liverpool,9931.65,True,2
ACC001273,Yuki Ahmed,yuki.ahmed1273@example.com,Mid-Market,Leeds,26762.93,True,8
ACC001274,Carlos Andersson,carlos.andersson1274@example.com,Mid-Market,Birmingham,26562.93,True,2
ACC001275,James Garcia,james.garcia1275@example.com,SMB,Glasgow,39720.21,False,11
ACC001276,Olu Andersson,olu.andersson1276@example.com,Mid-Market,Liverpool,17485.34,True,7
ACC001277,Fatima Ahmed,fatima.ahmed1277@example.com,SMB,Bristol,26253.52,True,3
ACC001278,Mei Khan,mei.khan1278@example.com,Enterprise,Glasgow,30288.87,True,8
ACC001279,James Silva,james.silva1279@example.com,Enterprise,Birmingham,2594.6,True,0
ACC001280,Mary Smith,mary.smith1280@example.com,SMB,Liverpool,18589.86,True,0
ACC001281,Wei Andersson,wei.andersson1281@example.com,SMB,Birmingham,8437.34,False,3
ACC001282,Sofia Brown,sofia.brown1282@example.com,SMB,Glasgow,23298.21,False,9
ACC001283,Noah Khan,noah.khan1283@example.com,SMB,Birmingham,26148.72,True,5
ACC001284,Mei Nguyen,mei.nguyen1284@example.com,SMB,Liverpool,7575.33,True,7
ACC001285,Mei Ali,mei.ali1285@example.com,Mid-Market,Bristol,37934.66,False,3
ACC001286,James Andersson,james.andersson1286@example.com,SMB,Birmingham,18369.3,True,0
ACC001287,Liam Khan,liam.khan1287@example.com,SMB,Glasgow,12389.64,False,5
ACC001288,Olu Smith,olu.smith1288@example.com,SMB,Bristol,34828.21,True,1
ACC001289,Fatima Tanaka,fatima.tanaka1289@example.com,Enterprise,Cardiff,36821.91,True,9
ACC001290,Mohammed Tanaka,mohammed.tanaka1290@example.com,Mid-Market,London,36156.86,True,4
ACC001291,Olu Nguyen,olu.nguyen1291@example.com,SMB,Glasgow,14311.74,True,7
ACC001292,Ivan Ahmed,ivan.ahmed1292@example.com,SMB,Manchester,11239.51,False,7
ACC001293,Wei Brown,wei.brown1293@example.com,Mid-Market,Cardiff,7423.43,True,8
ACC001294,Hannah Kowalski,hannah.kowalski1294@example.com,Enterprise,Leeds,13207.12,True,3
ACC001295,Fatima Ahmed,fatima.ahmed1295@example.com,Mid-Market,Glasgow,4386.09,True,2
ACC001296,Mohammed Chen,mohammed.chen1296@example.com,SMB,Liverpool,6892.32,True,3
ACC001297,Mary Brown,mary.brown1297@example.com,Enterprise,Leeds,23066.97,False,4
ACC001298,Liam Andersson,liam.andersson1298@example.com,Enterprise,Manchester,29011.52,True,0
ACC001299,Aisha Ali,aisha.ali1299@example.com,Mid-Market,Leeds,14456.79,True,5
ACC001300,Priya Khan,priya.khan1300@example.com,Enterprise,Manchester,37113.37,False,10
ACC001301,Priya Okafor,priya.okafor1301@example.com,Enterprise,Liverpool,9018.52,True,1
ACC001302,Mohammed Andersson,mohammed.andersson1302@example.com,SMB,Cardiff,36757.78,False,2
ACC001303,Liam Rossi,liam.rossi1303@example.com,SMB,Manchester,8286.11,True,10
ACC001304,Sofia Khan,sofia.khan1304@example.com,Enterprise,Manchester,23353.75,True,6
ACC001305,Mohammed Kowalski,mohammed.kowalski1305@example.com,SMB,Liverpool,6153.06,True,11
ACC001306,Mei Garcia,mei.garcia1306@example.com,SMB,Cardiff,13589.79,True,8
ACC001307,Noah Patel,noah.patel1307@example.com,Enterprise,London,26109.92,True,1
ACC001308,Sofia Silva,sofia.silva1308@example.com,Enterprise,Birmingham,30690.03,True,8
ACC001309,Ivan Nguyen,ivan.nguyen1309@example.com,Enterprise,Leeds,46717.6,True,9
ACC001310,Mohammed Ahmed,mohammed.ahmed1310@example.com,Enterprise,Leeds,13707.05,True,6
ACC001311,Ivan Smith,ivan.smith1311@example.com,Mid-Market,Manchester,2411.66,False,7
ACC001312,Priya Tanaka,priya.tanaka1312@example.com,Enterprise,Glasgow,31480.68,True,6
ACC001313,Hannah Okafor,hannah.okafor1313@example.com,Enterprise,London,29087.39,False,6
ACC001314,Priya Ali,priya.ali1314@example.com,SMB,Birmingham,27822.06,False,7
ACC001315,James Garcia,james.garcia1315@example.com,Mid-Market,London,31121.1,True,9
ACC001316,Mei Garcia,mei.garcia1316@example.com,SMB,Cardiff,9966.55,True,3
ACC001317,Olu Patel,olu.patel1317@example.com,SMB,Manchester,52632.46,True,7
ACC001318,Olu Brown,olu.brown1318@example.com,SMB,Glasgow,25871.51,True,8
ACC001319,Fatima Tanaka,fatima.tanaka1319@example.com,Enterprise,Glasgow,36603.08,True,10
ACC001320,Mei Garcia,mei.garcia1320@example.com,Enterprise,Bristol,19646.42,True,3
ACC001321,Mary Tanaka,mary.tanaka1321@example.com,Enterprise,London,10611.49,False,10
ACC001322,Noah Okafor,noah.okafor1322@example.com,Mid-Market,Liverpool,33196.57,True,4
ACC001323,Liam Silva,liam.silva1323@example.com,Enterprise,Bristol,36740.0,True,10
ACC001324,Hannah Rossi,hannah.rossi1324@example.com,SMB,Cardiff,39849.45,True,6
ACC001325,Aisha Brown,aisha.brown1325@example.com,Mid-Market,London,36348.62,True,3
ACC001326,Carlos Tanaka,carlos.tanaka1326@example.com,SMB,Liverpool,57804.3,True,1
ACC001327,Mohammed Ahmed,mohammed.ahmed1327@example.com,SMB,Liverpool,8614.93,True,6
ACC001328,Fatima Chen,fatima.chen1328@example.com,Mid-Market,Liverpool,13620.16,False,6
ACC001329,Olu Nguyen,olu.nguyen1329@example.com,SMB,Glasgow,881.1,True,3
ACC001330,Mei Chen,mei.chen1330@example.com,SMB,Leeds,21287.49,False,1
ACC001331,Sofia Khan,sofia.khan1331@example.com,Enterprise,Cardiff,1218.28,True,6
ACC001332,Sofia Andersson,sofia.andersson1332@example.com,Mid-Market,Bristol,20995.17,False,8
ACC001333,Liam Garcia,liam.garcia1333@example.com,Enterprise,Glasgow,6506.16,False,8
ACC001334,James Patel,james.patel1334@example.com,Enterprise,Liverpool,35878.84,True,10
ACC001335,Liam Nguyen,liam.nguyen1335@example.com,Enterprise,Leeds,4748.03,True,7
ACC001336,Wei Silva,wei.silva1336@example.com,SMB,London,10497.69,True,1
ACC001337,Mary Ahmed,mary.ahmed1337@example.com,Enterprise,Manchester,53886.93,True,4
ACC001338,Noah Rossi,noah.rossi1338@example.com,Enterprise,Glasgow,27944.08,False,2
ACC001339,Liam Smith,liam.smith1339@example.com,Mid-Market,Leeds,13024.65,True,4
ACC001340,Mohammed Smith,mohammed.smith1340@example.com,SMB,Manchester,31526.82,True,5
ACC001341,Mohammed Rossi,mohammed.rossi1341@example.com,SMB,London,51540.48,True,8
ACC001342,Carlos Tanaka,carlos.tanaka1342@example.com,SMB,Glasgow,10485.02,False,9
ACC001343,James Ali,james.ali1343@example.com,SMB,Cardiff,27222.81,True,3
ACC001344,Olu Smith,olu.smith1344@example.com,Mid-Market,Bristol,14803.8,True,0
ACC001345,Hannah Nguyen,hannah.nguyen1345@example.com,Enterprise,Bristol,11175.39,False,6
ACC001346,Mei Kowalski,mei.kowalski1346@example.com,SMB,Birmingham,7978.46,True,2
ACC001347,Wei Okafor,wei.okafor1347@example.com,SMB,London,55889.68,True,10
ACC001348,Carlos Kowalski,carlos.kowalski1348@example.com,Mid-Market,Birmingham,52506.38,True,5
ACC001349,Priya Ahmed,priya.ahmed1349@example.com,Enterprise,Birmingham,12845.45,True,4
ACC001350,Hannah Andersson,hannah.andersson1350@example.com,Mid-Market,Glasgow,48517.37,True,5
ACC001351,Wei Brown,wei.brown1351@example.com,Mid-Market,Manchester,32461.18,True,4
ACC001352,Mei Rossi,mei.rossi1352@example.com,Enterprise,London,12580.74,True,0
ACC001353,Fatima Kowalski,fatima.kowalski1353@example.com,Mid-Market,London,977.98,True,1
ACC001354,Carlos Ahmed,carlos.ahmed1354@example.com,SMB,Birmingham,10360.75,True,5
ACC001355,Liam Chen,liam.chen1355@example.com,Mid-Market,Manchester,6401.75,True,5
ACC001356,Liam Khan,liam.khan1356@example.com,Mid-Market,Cardiff,7808.24,False,0
ACC001357,Noah Brown,noah.brown1357@example.com,SMB,London,20539.2,True,8
ACC001358,Carlos Silva,carlos.silva1358@example.com,SMB,Leeds,49590.46,False,3
ACC001359,Carlos Rossi,carlos.rossi1359@example.com,SMB,Liverpool,16841.47,True,7
ACC001360,Fatima Khan,fatima.khan1360@example.com,Enterprise,Birmingham,29127.11,False,7
ACC001361,Yuki Chen,yuki.chen1361@example.com,SMB,London,33332.06,False,7
ACC001362,Mary Ahmed,mary.ahmed1362@example.com,Enterprise,Leeds,41249.04,True,0
ACC001363,Carlos Chen,carlos.chen1363@example.com,Enterprise,Birmingham,46588.7,True,7
ACC001364,Hannah Chen,hannah.chen1364@example.com,Enterprise,Cardiff,38273.42,True,11
ACC001365,Aisha Ahmed,aisha.ahmed1365@example.com,Enterprise,Birmingham,15162.0,True,7
ACC001366,Carlos Ali,carlos.ali1366@example.com,SMB,Birmingham,27722.45,True,3
ACC001367,Hannah Kowalski,hannah.kowalski1367@example.com,Enterprise,Glasgow,5818.01,True,8
ACC001368,Mary Silva,mary.silva1368@example.com,SMB,Cardiff,15061.95,True,7
ACC001369,Hannah Silva,hannah.silva1369@example.com,SMB,Cardiff,21240.53,True,10
ACC001370,Mary Tanaka,mary.tanaka1370@example.com,Enterprise,Liverpool,8543.38,True,6
ACC001371,Carlos Kowalski,carlos.kowalski1371@example.com,Mid-Market,Birmingham,22033.61,True,9
ACC001372,Mohammed Garcia,mohammed.garcia1372@example.com,Enterprise,Leeds,29988.52,True,0
ACC001373,Mary Patel,mary.patel1373@example.com,Mid-Market,London,66818.93,True,1
ACC001374,Ivan Kowalski,ivan.kowalski1374@example.com,Mid-Market,Birmingham,10278.93,True,2
ACC001375,Priya Tanaka,priya.tanaka1375@example.com,SMB,Manchester,25115.86,True,7
ACC001376,Olu Kowalski,olu.kowalski1376@example.com,Mid-Market,Birmingham,19297.73,True,4
ACC001377,Yuki Kowalski,yuki.kowalski1377@example.com,SMB,London,33156.83,True,3
ACC001378,Mary Rossi,mary.rossi1378@example.com,Enterprise,Bristol,21019.73,True,0
ACC001379,Mary Chen,mary.chen1379@example.com,Mid-Market,Birmingham,42764.84,True,4
ACC001380,Fatima Khan,fatima.khan1380@example.com,SMB,Glasgow,7570.46,True,9
ACC001381,Mohammed Okafor,mohammed.okafor1381@example.com,SMB,Liverpool,47487.05,False,0
ACC001382,Wei Rossi,wei.rossi1382@example.com,Enterprise,Bristol,28006.28,True,8
ACC001383,Carlos Ali,carlos.ali1383@example.com,SMB,Bristol,15344.2,False,5
ACC001384,Wei Ali,wei.ali1384@example.com,Enterprise,Glasgow,38905.03,False,11
ACC001385,Mary Okafor,mary.okafor1385@example.com,SMB,Glasgow,34629.99,True,4
ACC001386,Liam Brown,liam.brown1386@example.com,SMB,Leeds,22801.24,True,5
ACC001387,Carlos Kowalski,carlos.kowalski1387@example.com,Mid-Market,Leeds,50705.97,True,5
ACC001388,Priya Andersson,priya.andersson1388@example.com,Mid-Market,Leeds,5415.25,True,4
ACC001389,Sofia Nguyen,sofia.nguyen1389@example.com,SMB,Glasgow,21636.0,True,7
ACC001390,Mohammed Rossi,mohammed.rossi1390@example.com,SMB,Glasgow,10549.73,True,9
ACC001391,Olu Andersson,olu.andersson1391@example.com,SMB,Birmingham,38685.29,True,7
ACC001392,Mohammed Tanaka,mohammed.tanaka1392@example.com,SMB,Glasgow,51110.67,False,1
ACC001393,Fatima Okafor,fatima.okafor1393@example.com,Enterprise,London,6870.27,True,8
ACC001394,Wei Chen,wei.chen1394@example.com,Mid-Market,Leeds,13522.73,False,3
ACC001395,Wei Kowalski,wei.kowalski1395@example.com,SMB,Cardiff,34626.09,True,9
ACC001396,Olu Patel,olu.patel1396@example.com,SMB,Manchester,21248.24,True,5
ACC001397,James Okafor,james.okafor1397@example.com,Mid-Market,Cardiff,50646.52,True,3
ACC001398,Priya Tanaka,priya.tanaka1398@example.com,SMB,Liverpool,26997.43,False,6
ACC001399,Mary Ali,mary.ali1399@example.com,Mid-Market,Manchester,42771.41,True,11
ACC001400,Yuki Rossi,yuki.rossi1400@example.com,Mid-Market,Bristol,26216.54,True,7
ACC001401,Mary Andersson,mary.andersson1401@example.com,SMB,Bristol,4949.72,True,9
ACC001402,Fatima Chen,fatima.chen1402@example.com,SMB,London,48831.95,False,9
ACC001403,Mohammed Ali,mohammed.ali1403@example.com,Mid-Market,Manchester,7234.93,True,1
ACC001404,Priya Andersson,priya.andersson1404@example.com,Mid-Market,Leeds,10641.67,False,9
ACC001405,Mei Okafor,mei.okafor1405@example.com,Enterprise,Leeds,18979.13,True,0
ACC001406,Sofia Brown,sofia.brown1406@example.com,SMB,Manchester,20146.85,True,8
ACC001407,Liam Kowalski,liam.kowalski1407@example.com,SMB,Bristol,4033.22,True,2
ACC001408,Mary Okafor,mary.okafor1408@example.com,SMB,Cardiff,14837.69,True,10
ACC001409,Mary Andersson,mary.andersson1409@example.com,SMB,Manchester,19319.86,False,0
ACC001410,Liam Tanaka,liam.tanaka1410@example.com,Enterprise,Cardiff,8800.68,True,1
ACC001411,Mei Andersson,mei.andersson1411@example.com,SMB,Liverpool,17735.21,True,8
ACC001412,Liam Khan,liam.khan1412@example.com,Mid-Market,Liverpool,40801.82,False,7
ACC001413,Olu Chen,olu.chen1413@example.com,Mid-Market,Leeds,41172.62,False,9
ACC001414,Mohammed Smith,mohammed.smith1414@example.com,Enterprise,Leeds,33422.35,True,7
ACC001415,Carlos Andersson,carlos.andersson1415@example.com,Mid-Market,London,16145.81,True,5
ACC001416,Priya Patel,priya.patel1416@example.com,SMB,Glasgow,26523.33,True,9
ACC001417,Priya Smith,priya.smith1417@example.com,Mid-Market,Birmingham,19504.74,True,2
ACC001418,Mary Kowalski,mary.kowalski1418@example.com,SMB,Liverpool,31501.17,False,1
ACC001419,Wei Ahmed,wei.ahmed1419@example.com,Enterprise,Cardiff,11988.18,False,0
ACC001420,Mary Brown,mary.brown1420@example.com,Mid-Market,Bristol,20216.51,True,0
ACC001421,Carlos Nguyen,carlos.nguyen1421@example.com,Mid-Market,Glasgow,8051.49,False,10
ACC001422,Hannah Chen,hannah.chen1422@example.com,Enterprise,Birmingham,17923.26,False,4
ACC001423,James Smith,james.smith1423@example.com,Mid-Market,Leeds,4084.21,False,6
ACC001424,Hannah Silva,hannah.silva1424@example.com,Mid-Market,London,25612.12,True,0
ACC001425,Wei Brown,wei.brown1425@example.com,Enterprise,Leeds,9305.76,True,6
ACC001426,Liam Garcia,liam.garcia1426@example.com,Enterprise,Leeds,5100.07,True,9
ACC001427,Hannah Okafor,hannah.okafor1427@example.com,Mid-Market,Manchester,14254.28,False,8
ACC001428,Carlos Kowalski,carlos.kowalski1428@example.com,SMB,Manchester,33229.82,True,6
ACC001429,Aisha Andersson,aisha.andersson1429@example.com,Enterprise,Birmingham,11207.04,True,6
ACC001430,Priya Silva,priya.silva1430@example.com,Enterprise,London,10826.43,True,7
ACC001431,Wei Ali,wei.ali1431@example.com,SMB,Glasgow,33701.32,False,5
ACC001432,Liam Garcia,liam.garcia1432@example.com,SMB,Cardiff,45501.75,True,11
ACC001433,Carlos Brown,carlos.brown1433@example.com,Mid-Market,Liverpool,8389.61,True,11
ACC001434,Noah Okafor,noah.okafor1434@example.com,Mid-Market,Birmingham,17483.0,True,1
ACC001435,Ivan Garcia,ivan.garcia1435@example.com,Mid-Market,Leeds,21480.86,True,6
ACC001436,Ivan Andersson,ivan.andersson1436@example.com,SMB,Liverpool,33012.8,False,3
ACC001437,Aisha Andersson,aisha.andersson1437@example.com,Enterprise,Birmingham,44757.64,False,4
ACC001438,James Andersson,james.andersson1438@example.com,Enterprise,Cardiff,53088.29,True,10
ACC001439,Hannah Khan,hannah.khan1439@example.com,SMB,London,31354.08,True,11
ACC001440,Ivan Tanaka,ivan.tanaka1440@example.com,Enterprise,Cardiff,40784.03,True,7
ACC001441,Carlos Patel,carlos.patel1441@example.com,Enterprise,Glasgow,23241.46,True,3
ACC001442,Noah Chen,noah.chen1442@example.com,Mid-Market,Bristol,10345.23,True,4
ACC001443,Liam Khan,liam.khan1443@example.com,SMB,Cardiff,10707.79,True,3
ACC001444,Wei Kowalski,wei.kowalski1444@example.com,Mid-Market,Glasgow,17750.32,True,2
ACC001445,Mary Garcia,mary.garcia1445@example.com,SMB,Birmingham,35534.69,True,5
ACC001446,Carlos Kowalski,carlos.kowalski1446@example.com,SMB,Bristol,23078.8,True,3
ACC001447,James Tanaka,james.tanaka1447@example.com,SMB,Birmingham,18148.34,False,4
ACC001448,Mohammed Khan,mohammed.khan1448@example.com,Enterprise,Leeds,8964.74,True,10
ACC001449,James Okafor,james.okafor1449@example.com,Mid-Market,London,14302.8,True,4
ACC001450,Noah Khan,noah.khan1450@example.com,Enterprise,Manchester,5399.67,False,11
ACC001451,Priya Silva,priya.silva1451@example.com,Mid-Market,Cardiff,1362.35,True,4
ACC001452,Fatima Ahmed,fatima.ahmed1452@example.com,SMB,Leeds,13089.83,True,2
ACC001453,Priya Garcia,priya.garcia1453@example.com,Mid-Market,Liverpool,33319.23,True,6
ACC001454,Carlos Kowalski,carlos.kowalski1454@example.com,SMB,Leeds,38874.73,True,5
ACC001455,Aisha Ali,aisha.ali1455@example.com,Mid-Market,Cardiff,14349.54,True,2
ACC001456,Priya Kowalski,priya.kowalski1456@example.com,SMB,Bristol,15242.04,True,8
ACC001457,Priya Patel,priya.patel1457@example.com,Enterprise,Cardiff,29546.24,True,10
ACC001458,Sofia Kowalski,sofia.kowalski1458@example.com,Mid-Market,London,21592.78,True,0
ACC001459,Aisha Nguyen,aisha.nguyen1459@example.com,Mid-Market,Liverpool,12905.37,False,5
ACC001460,Mei Smith,mei.smith1460@example.com,SMB,Cardiff,1064.21,False,3
ACC001461,Olu Andersson,olu.andersson1461@example.com,Mid-Market,Birmingham,38702.99,False,2
ACC001462,Liam Patel,liam.patel1462@example.com,Enterprise,Bristol,10245.05,True,3
ACC001463,Hannah Ali,hannah.ali1463@example.com,Mid-Market,Cardiff,62158.15,True,6
ACC001464,Noah Chen,noah.chen1464@example.com,Enterprise,Cardiff,28322.33,False,9
ACC001465,Liam Khan,liam.khan1465@example.com,SMB,Leeds,25398.64,True,3
ACC001466,Mohammed Okafor,mohammed.okafor1466@example.com,SMB,Bristol,19814.47,True,4
ACC001467,Olu Ahmed,olu.ahmed1467@example.com,Mid-Market,Manchester,45038.23,True,1
ACC001468,Yuki Silva,yuki.silva1468@example.com,Mid-Market,Glasgow,22298.06,True,9
ACC001469,Carlos Chen,carlos.chen1469@example.com,Mid-Market,Birmingham,5479.26,True,11
ACC001470,Mary Kowalski,mary.kowalski1470@example.com,Enterprise,Liverpool,12428.26,True,11
ACC001471,Wei Brown,wei.brown1471@example.com,Mid-Market,Liverpool,45916.66,False,2
ACC001472,Mohammed Rossi,mohammed.rossi1472@example.com,Enterprise,London,7586.87,True,2
ACC001473,Olu Nguyen,olu.nguyen1473@example.com,SMB,Birmingham,27858.03,False,3
ACC001474,Yuki Andersson,yuki.andersson1474@example.com,Enterprise,Birmingham,13840.73,False,11
ACC001475,Hannah Khan,hannah.khan1475@example.com,Mid-Market,Leeds,20926.23,True,9
ACC001476,Priya Ali,priya.ali1476@example.com,SMB,Bristol,31029.19,True,5
ACC001477,Carlos Tanaka,carlos.tanaka1477@example.com,SMB,Bristol,57286.61,True,5
ACC001478,James Khan,james.khan1478@example.com,Mid-Market,Birmingham,42323.3,False,10
ACC001479,Fatima Garcia,fatima.garcia1479@example.com,Enterprise,Birmingham,7536.84,True,4
ACC001480,Priya Okafor,priya.okafor1480@example.com,SMB,London,43108.96,True,3
ACC001481,Priya Chen,priya.chen1481@example.com,Mid-Market,London,8142.21,True,11
ACC001482,Mary Rossi,mary.rossi1482@example.com,Mid-Market,Liverpool,17422.25,True,2
ACC001483,Yuki Nguyen,yuki.nguyen1483@example.com,Enterprise,Liverpool,23931.46,False,7
ACC001484,Liam Brown,liam.brown1484@example.com,Mid-Market,Bristol,13653.82,True,5
ACC001485,Wei Smith,wei.smith1485@example.com,SMB,Cardiff,18213.75,False,11
ACC001486,Mary Andersson,mary.andersson1486@example.com,SMB,Bristol,3362.23,True,6
ACC001487,Ivan Khan,ivan.khan1487@example.com,SMB,Cardiff,43516.34,True,11
ACC001488,Hannah Nguyen,hannah.nguyen1488@example.com,Enterprise,London,25539.84,True,10
ACC001489,Mary Patel,mary.patel1489@example.com,Enterprise,Bristol,24513.4,False,10
ACC001490,Mary Okafor,mary.okafor1490@example.com,Enterprise,Bristol,20641.08,True,8
ACC001491,Wei Garcia,wei.garcia1491@example.com,SMB,London,16897.29,True,11
ACC001492,Noah Andersson,noah.andersson1492@example.com,Mid-Market,Glasgow,35182.24,True,2
ACC001493,Hannah Chen,hannah.chen1493@example.com,Mid-Market,Cardiff,54756.68,True,0
ACC001494,Mary Nguyen,mary.nguyen1494@example.com,Enterprise,Cardiff,12002.78,False,5
ACC001495,James Ahmed,james.ahmed1495@example.com,SMB,London,56427.67,True,7
ACC001496,Ivan Smith,ivan.smith1496@example.com,Enterprise,Manchester,10963.43,True,10
ACC001497,Mohammed Tanaka,mohammed.tanaka1497@example.com,Enterprise,Birmingham,22126.51,True,2
ACC001498,Hannah Brown,hannah.brown1498@example.com,Enterprise,Birmingham,7252.6,True,5
ACC001499,Aisha Patel,aisha.patel1499@example.com,Mid-Market,Bristol,1768.73,False,9
ACC001500,Wei Rossi,wei.rossi1500@example.com,SMB,Manchester,9635.93,False,10
ACC001501,Priya Chen,priya.chen1501@example.com,Mid-Market,Manchester,11321.28,True,5
ACC001502,Liam Ahmed,liam.ahmed1502@example.com,Mid-Market,Birmingham,4261.46,True,10
ACC001503,Ivan Kowalski,ivan.kowalski1503@example.com,Enterprise,Liverpool,28949.74,True,5
ACC001504,Noah Okafor,noah.okafor1504@example.com,SMB,Bristol,16961.08,True,4
ACC001505,Noah Nguyen,noah.nguyen1505@example.com,SMB,Cardiff,10913.2,True,4
ACC001506,Carlos Rossi,carlos.rossi1506@example.com,SMB,Liverpool,13285.7,True,5
ACC001507,Noah Chen,noah.chen1507@example.com,Enterprise,London,16027.51,True,1
ACC001508,Carlos Silva,carlos.silva1508@example.com,Mid-Market,Glasgow,39977.18,True,3
ACC001509,Olu Patel,olu.patel1509@example.com,Mid-Market,Glasgow,3187.38,True,5
ACC001510,Mary Brown,mary.brown1510@example.com,Mid-Market,Manchester,52423.21,False,3
ACC001511,Wei Patel,wei.patel1511@example.com,Enterprise,Manchester,44252.09,True,0
ACC001512,Hannah Nguyen,hannah.nguyen1512@example.com,Mid-Market,Manchester,16708.2,True,0
ACC001513,Yuki Kowalski,yuki.kowalski1513@example.com,SMB,Glasgow,30555.51,True,0
ACC001514,Noah Tanaka,noah.tanaka1514@example.com,Enterprise,Glasgow,15621.3,True,10
ACC001515,Liam Andersson,liam.andersson1515@example.com,SMB,Manchester,10552.54,True,3
ACC001516,Yuki Okafor,yuki.okafor1516@example.com,Enterprise,London,3749.74,True,6
ACC001517,Yuki Khan,yuki.khan1517@example.com,Enterprise,Manchester,5751.5,True,5
ACC001518,Mohammed Kowalski,mohammed.kowalski1518@example.com,SMB,Glasgow,6758.72,True,3
ACC001519,Olu Brown,olu.brown1519@example.com,SMB,Birmingham,12498.63,True,6
ACC001520,Carlos Tanaka,carlos.tanaka1520@example.com,Enterprise,Bristol,16676.7,True,5
ACC001521,Yuki Smith,yuki.smith1521@example.com,Enterprise,London,22161.13,True,5
ACC001522,Sofia Okafor,sofia.okafor1522@example.com,Mid-Market,Birmingham,17686.81,True,8
ACC001523,Fatima Brown,fatima.brown1523@example.com,Enterprise,Leeds,16285.82,True,4
ACC001524,Carlos Patel,carlos.patel1524@example.com,Mid-Market,Leeds,16473.41,True,0
ACC001525,Wei Tanaka,wei.tanaka1525@example.com,Mid-Market,London,18340.72,True,11
ACC001526,James Patel,james.patel1526@example.com,Mid-Market,London,13612.68,True,4
ACC001527,James Nguyen,james.nguyen1527@example.com,SMB,Bristol,9177.6,True,6
ACC001528,Mohammed Smith,mohammed.smith1528@example.com,SMB,London,19344.11,False,1
ACC001529,Wei Ali,wei.ali1529@example.com,SMB,Bristol,12867.66,True,9
ACC001530,Hannah Rossi,hannah.rossi1530@example.com,SMB,Bristol,10947.55,True,3
ACC001531,James Tanaka,james.tanaka1531@example.com,Enterprise,Manchester,36349.96,True,10
ACC001532,Yuki Silva,yuki.silva1532@example.com,SMB,Bristol,10233.77,True,1
ACC001533,Mei Rossi,mei.rossi1533@example.com,Mid-Market,Cardiff,9199.39,True,9
ACC001534,Mary Khan,mary.khan1534@example.com,Mid-Market,Cardiff,18968.23,True,6
ACC001535,Yuki Nguyen,yuki.nguyen1535@example.com,SMB,Glasgow,51309.76,True,10
ACC001536,James Silva,james.silva1536@example.com,Mid-Market,Birmingham,3914.61,False,6
ACC001537,Mary Ahmed,mary.ahmed1537@example.com,Mid-Market,Manchester,27928.22,True,3
ACC001538,Fatima Khan,fatima.khan1538@example.com,SMB,Manchester,8654.25,False,7
ACC001539,Noah Rossi,noah.rossi1539@example.com,SMB,Cardiff,7061.83,True,8
ACC001540,Olu Rossi,olu.rossi1540@example.com,SMB,Glasgow,2846.98,False,10
ACC001541,Fatima Andersson,fatima.andersson1541@example.com,SMB,Manchester,4255.31,True,5
ACC001542,Wei Smith,wei.smith1542@example.com,Mid-Market,Manchester,13329.72,True,8
ACC001543,Mei Smith,mei.smith1543@example.com,SMB,Birmingham,15050.56,False,10
ACC001544,Priya Ahmed,priya.ahmed1544@example.com,Mid-Market,Glasgow,8855.61,True,7
ACC001545,Carlos Tanaka,carlos.tanaka1545@example.com,Mid-Market,Bristol,25964.77,True,8
ACC001546,Olu Khan,olu.khan1546@example.com,Enterprise,Bristol,19395.49,False,8
ACC001547,Wei Kowalski,wei.kowalski1547@example.com,SMB,Liverpool,42907.29,False,3
ACC001548,Fatima Khan,fatima.khan1548@example.com,SMB,Liverpool,9646.9,True,6
ACC001549,Sofia Chen,sofia.chen1549@example.com,SMB,Glasgow,74800.51,False,0
ACC001550,Sofia Kowalski,sofia.kowalski1550@example.com,SMB,Birmingham,10002.76,True,8
ACC001551,Mohammed Ali,mohammed.ali1551@example.com,SMB,Cardiff,4486.71,True,10
ACC001552,Fatima Andersson,fatima.andersson1552@example.com,Mid-Market,Birmingham,9809.45,False,0
ACC001553,Noah Silva,noah.silva1553@example.com,Enterprise,Glasgow,19531.43,True,10
ACC001554,Hannah Ali,hannah.ali1554@example.com,SMB,Birmingham,20660.66,False,8
ACC001555,Fatima Tanaka,fatima.tanaka1555@example.com,SMB,Glasgow,10522.03,True,2
ACC001556,Wei Ahmed,wei.ahmed1556@example.com,Enterprise,Manchester,11173.7,True,3
ACC001557,Hannah Chen,hannah.chen1557@example.com,SMB,Liverpool,73332.95,True,1
ACC001558,Mohammed Chen,mohammed.chen1558@example.com,SMB,Bristol,17190.54,True,11
ACC001559,Mohammed Tanaka,mohammed.tanaka1559@example.com,Mid-Market,Cardiff,14863.35,True,0
ACC001560,Liam Rossi,liam.rossi1560@example.com,Mid-Market,Cardiff,43896.55,True,7
ACC001561,Wei Patel,wei.patel1561@example.com,SMB,Manchester,10551.93,True,4
ACC001562,Mohammed Ahmed,mohammed.ahmed1562@example.com,Mid-Market,Liverpool,45159.27,True,1
ACC001563,Hannah Garcia,hannah.garcia1563@example.com,Mid-Market,Manchester,36340.66,False,1
ACC001564,Aisha Smith,aisha.smith1564@example.com,Mid-Market,Leeds,10744.09,True,1
ACC001565,James Ali,james.ali1565@example.com,Mid-Market,Birmingham,67301.41,True,5
ACC001566,Olu Silva,olu.silva1566@example.com,SMB,London,14248.93,False,2
ACC001567,Ivan Ali,ivan.ali1567@example.com,SMB,Bristol,10908.5,True,4
ACC001568,Sofia Nguyen,sofia.nguyen1568@example.com,Mid-Market,Birmingham,51584.19,True,7
ACC001569,Carlos Chen,carlos.chen1569@example.com,Enterprise,Birmingham,12218.35,False,0
ACC001570,Carlos Patel,carlos.patel1570@example.com,SMB,Glasgow,12282.59,True,9
ACC001571,Olu Okafor,olu.okafor1571@example.com,Enterprise,Liverpool,22200.39,True,8
ACC001572,Mei Ali,mei.ali1572@example.com,Enterprise,Manchester,11990.91,True,3
ACC001573,Mei Brown,mei.brown1573@example.com,SMB,Liverpool,19369.28,True,1
ACC001574,Mei Silva,mei.silva1574@example.com,SMB,Liverpool,5172.89,True,7
ACC001575,Olu Ali,olu.ali1575@example.com,Enterprise,Cardiff,25571.31,True,6
ACC001576,Ivan Smith,ivan.smith1576@example.com,Mid-Market,Bristol,10077.56,True,3
ACC001577,Priya Khan,priya.khan1577@example.com,Enterprise,Manchester,2289.46,False,2
ACC001578,Fatima Okafor,fatima.okafor1578@example.com,Enterprise,Liverpool,24680.44,True,5
ACC001579,James Rossi,james.rossi1579@example.com,Enterprise,Leeds,36113.02,True,0
ACC001580,Hannah Okafor,hannah.okafor1580@example.com,SMB,Bristol,12178.0,True,10
ACC001581,Mary Andersson,mary.andersson1581@example.com,Mid-Market,Birmingham,20910.1,True,1
ACC001582,Mohammed Smith,mohammed.smith1582@example.com,Mid-Market,Birmingham,33803.99,True,7
ACC001583,Noah Patel,noah.patel1583@example.com,SMB,Liverpool,48988.59,True,2
ACC001584,Yuki Ahmed,yuki.ahmed1584@example.com,Enterprise,Glasgow,10679.3,True,2
ACC001585,Mohammed Chen,mohammed.chen1585@example.com,SMB,Birmingham,23072.91,True,1
ACC001586,Mohammed Smith,mohammed.smith1586@example.com,Mid-Market,Bristol,26439.86,True,5
ACC001587,Mary Kowalski,mary.kowalski1587@example.com,Enterprise,Glasgow,10992.29,False,3
ACC001588,Mohammed Kowalski,mohammed.kowalski1588@example.com,Mid-Market,London,7073.41,False,3
ACC001589,Sofia Andersson,sofia.andersson1589@example.com,SMB,Glasgow,19583.94,True,11
ACC001590,Priya Tanaka,priya.tanaka1590@example.com,Mid-Market,Manchester,13998.42,True,8
ACC001591,Hannah Brown,hannah.brown1591@example.com,Mid-Market,Leeds,18663.91,False,6
ACC001592,Sofia Garcia,sofia.garcia1592@example.com,SMB,Glasgow,858.78,True,1
ACC001593,Ivan Patel,ivan.patel1593@example.com,SMB,Glasgow,28648.65,True,10
ACC001594,Noah Chen,noah.chen1594@example.com,Mid-Market,Bristol,29716.7,True,2
ACC001595,Priya Chen,priya.chen1595@example.com,SMB,Cardiff,27036.45,True,7
ACC001596,Fatima Silva,fatima.silva1596@example.com,Enterprise,Leeds,21411.96,False,9
ACC001597,James Patel,james.patel1597@example.com,Mid-Market,Leeds,30741.15,True,2
ACC001598,Mei Patel,mei.patel1598@example.com,Mid-Market,Bristol,8470.44,True,6
ACC001599,Liam Andersson,liam.andersson1599@example.com,Enterprise,Manchester,16563.64,True,6
ACC001600,Olu Rossi,olu.rossi1600@example.com,Enterprise,Glasgow,11919.14,True,1
ACC001601,James Nguyen,james.nguyen1601@example.com,SMB,Glasgow,31348.08,False,3
ACC001602,Olu Silva,olu.silva1602@example.com,Mid-Market,Bristol,18014.15,True,4
ACC001603,Sofia Khan,sofia.khan1603@example.com,Enterprise,Manchester,66006.15,True,2
ACC001604,Mary Ali,mary.ali1604@example.com,SMB,Cardiff,3979.93,True,8
ACC001605,Mei Khan,mei.khan1605@example.com,Mid-Market,Bristol,20107.8,False,2
ACC001606,Noah Ahmed,noah.ahmed1606@example.com,SMB,Birmingham,42344.32,True,7
ACC001607,Mei Ahmed,mei.ahmed1607@example.com,SMB,Glasgow,45554.7,True,11
ACC001608,James Tanaka,james.tanaka1608@example.com,Mid-Market,Manchester,21118.91,True,11
ACC001609,Mei Kowalski,mei.kowalski1609@example.com,Enterprise,Manchester,20732.03,True,4
ACC001610,Noah Garcia,noah.garcia1610@example.com,Mid-Market,Liverpool,28824.85,True,2
ACC001611,Mohammed Silva,mohammed.silva1611@example.com,Enterprise,Leeds,7195.93,True,9
ACC001612,Mei Brown,mei.brown1612@example.com,Enterprise,Leeds,22082.46,False,0
ACC001613,Hannah Ahmed,hannah.ahmed1613@example.com,Mid-Market,Birmingham,15402.26,True,0
ACC001614,Hannah Ali,hannah.ali1614@example.com,Enterprise,Birmingham,15876.62,True,1
ACC001615,Hannah Tanaka,hannah.tanaka1615@example.com,SMB,Liverpool,16175.45,True,3
ACC001616,Hannah Patel,hannah.patel1616@example.com,SMB,London,11334.38,True,6
ACC001617,Ivan Ali,ivan.ali1617@example.com,Mid-Market,Cardiff,58667.9,True,3
ACC001618,Fatima Okafor,fatima.okafor1618@example.com,SMB,Cardiff,20335.2,True,4
ACC001619,Olu Ahmed,olu.ahmed1619@example.com,Enterprise,Birmingham,35191.06,False,11
ACC001620,Mei Smith,mei.smith1620@example.com,SMB,London,28862.19,False,2
ACC001621,Aisha Garcia,aisha.garcia1621@example.com,Enterprise,London,79234.25,False,8
ACC001622,Noah Ahmed,noah.ahmed1622@example.com,Mid-Market,Bristol,20600.72,True,0
ACC001623,Liam Khan,liam.khan1623@example.com,SMB,Glasgow,18785.84,True,7
ACC001624,Priya Okafor,priya.okafor1624@example.com,SMB,Bristol,12749.17,True,0
ACC001625,Yuki Silva,yuki.silva1625@example.com,SMB,Liverpool,32647.33,True,8
ACC001626,Liam Andersson,liam.andersson1626@example.com,Enterprise,Cardiff,35805.71,True,8
ACC001627,Noah Tanaka,noah.tanaka1627@example.com,SMB,Liverpool,26715.06,True,1
ACC001628,Fatima Brown,fatima.brown1628@example.com,Mid-Market,Leeds,34864.73,True,10
ACC001629,Yuki Okafor,yuki.okafor1629@example.com,SMB,Glasgow,13925.69,True,2
ACC001630,Ivan Tanaka,ivan.tanaka1630@example.com,Mid-Market,Glasgow,41494.52,True,5
ACC001631,Fatima Garcia,fatima.garcia1631@example.com,SMB,London,33539.97,True,6
ACC001632,Priya Tanaka,priya.tanaka1632@example.com,SMB,Cardiff,11185.14,False,3
ACC001633,Wei Khan,wei.khan1633@example.com,SMB,Glasgow,10211.72,True,6
ACC001634,Noah Tanaka,noah.tanaka1634@example.com,SMB,Glasgow,23561.73,True,10
ACC001635,James Tanaka,james.tanaka1635@example.com,Enterprise,London,14978.82,True,5
ACC001636,Mei Smith,mei.smith1636@example.com,Enterprise,London,24849.68,True,5
ACC001637,Ivan Okafor,ivan.okafor1637@example.com,Enterprise,Liverpool,5791.22,True,9
ACC001638,Mohammed Kowalski,mohammed.kowalski1638@example.com,Mid-Market,Birmingham,11716.7,True,7
ACC001639,Yuki Garcia,yuki.garcia1639@example.com,Enterprise,Birmingham,30156.73,True,8
ACC001640,Yuki Kowalski,yuki.kowalski1640@example.com,Mid-Market,Leeds,38959.33,True,8
ACC001641,Fatima Rossi,fatima.rossi1641@example.com,SMB,Cardiff,13907.13,True,5
ACC001642,Mei Brown,mei.brown1642@example.com,Enterprise,Manchester,4667.86,True,0
ACC001643,Yuki Khan,yuki.khan1643@example.com,SMB,Manchester,27888.12,True,9
ACC001644,Ivan Khan,ivan.khan1644@example.com,Mid-Market,London,5075.5,True,11
ACC001645,Ivan Nguyen,ivan.nguyen1645@example.com,SMB,Leeds,45187.74,True,11
ACC001646,Priya Ali,priya.ali1646@example.com,Enterprise,Cardiff,7553.61,True,8
ACC001647,Mary Okafor,mary.okafor1647@example.com,Mid-Market,Cardiff,22074.62,True,6
ACC001648,Wei Rossi,wei.rossi1648@example.com,SMB,London,19285.06,True,2
ACC001649,Ivan Patel,ivan.patel1649@example.com,Mid-Market,Liverpool,13063.91,True,10
ACC001650,Fatima Rossi,fatima.rossi1650@example.com,SMB,Glasgow,10077.01,True,2
ACC001651,Priya Tanaka,priya.tanaka1651@example.com,Enterprise,Birmingham,23592.85,True,3
ACC001652,Olu Smith,olu.smith1652@example.com,Mid-Market,Bristol,7510.61,False,11
ACC001653,Mohammed Andersson,mohammed.andersson1653@example.com,Mid-Market,Cardiff,16083.11,True,8
ACC001654,Fatima Brown,fatima.brown1654@example.com,SMB,Bristol,12514.32,False,10
ACC001655,Noah Nguyen,noah.nguyen1655@example.com,SMB,Manchester,34526.62,True,1
ACC001656,Ivan Khan,ivan.khan1656@example.com,Enterprise,Birmingham,6978.22,True,6
ACC001657,James Rossi,james.rossi1657@example.com,SMB,Birmingham,3444.19,True,7
ACC001658,Wei Khan,wei.khan1658@example.com,SMB,Birmingham,8603.24,True,7
ACC001659,Wei Andersson,wei.andersson1659@example.com,Enterprise,Glasgow,82839.94,True,7
ACC001660,Yuki Okafor,yuki.okafor1660@example.com,Mid-Market,Birmingham,25981.23,False,1
ACC001661,Liam Ahmed,liam.ahmed1661@example.com,SMB,Cardiff,9034.63,True,8
ACC001662,Yuki Smith,yuki.smith1662@example.com,Mid-Market,Liverpool,20849.13,True,5
ACC001663,Noah Patel,noah.patel1663@example.com,SMB,Cardiff,17981.57,False,5
ACC001664,Mei Patel,mei.patel1664@example.com,Mid-Market,Liverpool,18077.56,True,11
ACC001665,Mary Chen,mary.chen1665@example.com,SMB,Cardiff,30266.19,True,0
ACC001666,Liam Garcia,liam.garcia1666@example.com,Enterprise,Leeds,33865.34,True,1
ACC001667,Mei Kowalski,mei.kowalski1667@example.com,Enterprise,London,19957.08,True,1
ACC001668,Liam Tanaka,liam.tanaka1668@example.com,Enterprise,Cardiff,71278.24,True,2
ACC001669,Mohammed Kowalski,mohammed.kowalski1669@example.com,Mid-Market,Birmingham,12532.23,True,1
ACC001670,Sofia Okafor,sofia.okafor1670@example.com,Mid-Market,Glasgow,3009.02,True,0
ACC001671,Wei Garcia,wei.garcia1671@example.com,Mid-Market,Birmingham,11317.24,True,7
ACC001672,Olu Brown,olu.brown1672@example.com,SMB,Manchester,16754.01,True,2
ACC001673,Sofia Tanaka,sofia.tanaka1673@example.com,Mid-Market,Liverpool,12692.57,False,6
ACC001674,Yuki Okafor,yuki.okafor1674@example.com,Enterprise,Cardiff,21818.15,True,1
ACC001675,Liam Khan,liam.khan1675@example.com,Enterprise,Birmingham,1464.08,True,2
ACC001676,Ivan Andersson,ivan.andersson1676@example.com,SMB,Birmingham,39400.37,True,4
ACC001677,Carlos Khan,carlos.khan1677@example.com,Mid-Market,Cardiff,19899.5,True,5
ACC001678,Hannah Silva,hannah.silva1678@example.com,Mid-Market,Cardiff,23610.74,True,9
ACC001679,Wei Kowalski,wei.kowalski1679@example.com,Enterprise,Manchester,46377.81,False,8
ACC001680,Carlos Tanaka,carlos.tanaka1680@example.com,Mid-Market,Birmingham,12349.78,False,2
ACC001681,Liam Khan,liam.khan1681@example.com,Enterprise,London,35214.16,False,0
ACC001682,Sofia Ahmed,sofia.ahmed1682@example.com,Enterprise,Bristol,12957.03,True,7
ACC001683,Noah Okafor,noah.okafor1683@example.com,Mid-Market,Cardiff,9655.99,True,3
ACC001684,Liam Rossi,liam.rossi1684@example.com,SMB,Leeds,47426.89,True,1
ACC001685,Olu Andersson,olu.andersson1685@example.com,Enterprise,London,25632.99,True,6
ACC001686,Mary Silva,mary.silva1686@example.com,Mid-Market,Manchester,9262.55,True,1
ACC001687,Sofia Patel,sofia.patel1687@example.com,SMB,London,12967.85,True,5
ACC001688,Wei Chen,wei.chen1688@example.com,SMB,Leeds,34239.1,True,9
ACC001689,Priya Andersson,priya.andersson1689@example.com,SMB,Leeds,48237.45,True,4
ACC001690,Fatima Okafor,fatima.okafor1690@example.com,Enterprise,Manchester,13150.4,True,11
ACC001691,Fatima Silva,fatima.silva1691@example.com,SMB,Glasgow,62633.44,True,7
ACC001692,Mei Andersson,mei.andersson1692@example.com,Enterprise,London,1619.81,True,8
ACC001693,Noah Patel,noah.patel1693@example.com,Enterprise,Birmingham,30696.4,True,2
ACC001694,Wei Chen,wei.chen1694@example.com,Mid-Market,Manchester,13130.79,False,4
ACC001695,Aisha Tanaka,aisha.tanaka1695@example.com,Mid-Market,London,21387.88,True,8
ACC001696,Aisha Tanaka,aisha.tanaka1696@example.com,SMB,Liverpool,3487.32,True,11
ACC001697,Fatima Garcia,fatima.garcia1697@example.com,Enterprise,Bristol,57072.3,False,0
ACC001698,Aisha Chen,aisha.chen1698@example.com,Enterprise,Cardiff,9183.48,True,0
ACC001699,Hannah Chen,hannah.chen1699@example.com,Enterprise,Birmingham,34665.88,False,3
ACC001700,Liam Smith,liam.smith1700@example.com,Enterprise,Leeds,35053.39,True,2
ACC001701,Mei Ali,mei.ali1701@example.com,Enterprise,Liverpool,42088.26,True,1
ACC001702,James Garcia,james.garcia1702@example.com,Enterprise,Bristol,9038.58,True,3
ACC001703,Priya Tanaka,priya.tanaka1703@example.com,SMB,London,30132.6,True,3
ACC001704,Mohammed Brown,mohammed.brown1704@example.com,SMB,Glasgow,17249.4,True,0
ACC001705,Mei Khan,mei.khan1705@example.com,Mid-Market,Bristol,27201.7,False,8
ACC001706,Mary Rossi,mary.rossi1706@example.com,Enterprise,London,29607.94,True,8
ACC001707,Noah Patel,noah.patel1707@example.com,Enterprise,Liverpool,12857.77,True,11
ACC001708,Mary Brown,mary.brown1708@example.com,Enterprise,Cardiff,24798.94,False,7
ACC001709,Priya Kowalski,priya.kowalski1709@example.com,Enterprise,Glasgow,24949.26,True,5
ACC001710,Fatima Ali,fatima.ali1710@example.com,Enterprise,Leeds,20168.34,True,2
ACC001711,Carlos Nguyen,carlos.nguyen1711@example.com,Mid-Market,Bristol,36341.45,True,1
ACC001712,Wei Okafor,wei.okafor1712@example.com,Mid-Market,Leeds,36322.81,False,5
ACC001713,Ivan Garcia,ivan.garcia1713@example.com,SMB,Manchester,11524.79,True,10
ACC001714,Yuki Okafor,yuki.okafor1714@example.com,Enterprise,Cardiff,13325.72,True,7
ACC001715,Ivan Nguyen,ivan.nguyen1715@example.com,Mid-Market,Glasgow,25625.59,True,3
ACC001716,Noah Garcia,noah.garcia1716@example.com,Enterprise,Glasgow,20277.12,True,5
ACC001717,Fatima Chen,fatima.chen1717@example.com,Mid-Market,London,20095.99,False,5
ACC001718,Mary Silva,mary.silva1718@example.com,Mid-Market,Cardiff,26592.62,True,1
ACC001719,Sofia Andersson,sofia.andersson1719@example.com,SMB,Birmingham,39069.87,True,7
ACC001720,Yuki Kowalski,yuki.kowalski1720@example.com,Enterprise,Leeds,41639.52,False,10
ACC001721,Sofia Patel,sofia.patel1721@example.com,Mid-Market,Glasgow,9140.48,True,8
ACC001722,Noah Garcia,noah.garcia1722@example.com,Mid-Market,Liverpool,28874.1,True,11
ACC001723,Noah Okafor,noah.okafor1723@example.com,Mid-Market,Bristol,27612.3,True,1
ACC001724,James Brown,james.brown1724@example.com,SMB,Liverpool,48018.61,False,7
ACC001725,Mei Nguyen,mei.nguyen1725@example.com,Mid-Market,Manchester,68748.73,True,2
ACC001726,Liam Patel,liam.patel1726@example.com,SMB,Birmingham,20340.55,False,1
ACC001727,Carlos Brown,carlos.brown1727@example.com,Enterprise,Manchester,22061.83,True,0
ACC001728,Wei Patel,wei.patel1728@example.com,SMB,London,3145.47,True,0
ACC001729,Aisha Silva,aisha.silva1729@example.com,Mid-Market,London,19789.53,False,1
ACC001730,Olu Andersson,olu.andersson1730@example.com,Enterprise,Glasgow,24816.99,False,5
ACC001731,Mei Khan,mei.khan1731@example.com,Enterprise,Cardiff,15459.67,True,4
ACC001732,Ivan Tanaka,ivan.tanaka1732@example.com,SMB,Liverpool,22516.52,True,8
ACC001733,Liam Tanaka,liam.tanaka1733@example.com,SMB,Glasgow,44631.51,True,5
ACC001734,Olu Brown,olu.brown1734@example.com,Mid-Market,London,7707.85,True,2
ACC001735,Wei Patel,wei.patel1735@example.com,SMB,Manchester,25859.75,True,4
ACC001736,Olu Ahmed,olu.ahmed1736@example.com,Mid-Market,Liverpool,16158.0,True,7
ACC001737,Fatima Brown,fatima.brown1737@example.com,Mid-Market,Manchester,38432.14,True,8
ACC001738,Mohammed Patel,mohammed.patel1738@example.com,Enterprise,London,24889.67,False,0
ACC001739,James Rossi,james.rossi1739@example.com,Enterprise,Bristol,29916.69,True,11
ACC001740,Yuki Ahmed,yuki.ahmed1740@example.com,SMB,Birmingham,107149.34,True,10
ACC001741,James Brown,james.brown1741@example.com,SMB,Leeds,15872.98,True,1
ACC001742,Aisha Smith,aisha.smith1742@example.com,Enterprise,Leeds,21343.21,False,5
ACC001743,Wei Tanaka,wei.tanaka1743@example.com,Enterprise,Liverpool,21869.01,False,7
ACC001744,Aisha Kowalski,aisha.kowalski1744@example.com,SMB,Bristol,31613.32,False,11
ACC001745,Noah Andersson,noah.andersson1745@example.com,Mid-Market,Birmingham,44586.97,True,0
ACC001746,Aisha Khan,aisha.khan1746@example.com,Mid-Market,Glasgow,17496.27,True,4
ACC001747,Ivan Ahmed,ivan.ahmed1747@example.com,SMB,Glasgow,8178.93,True,10
ACC001748,Hannah Chen,hannah.chen1748@example.com,SMB,Birmingham,7394.21,True,6
ACC001749,Priya Ahmed,priya.ahmed1749@example.com,Enterprise,Liverpool,26287.74,True,0
ACC001750,James Ahmed,james.ahmed1750@example.com,Mid-Market,Liverpool,38338.22,True,0
ACC001751,Ivan Ali,ivan.ali1751@example.com,Mid-Market,Manchester,4007.09,True,8
ACC001752,Yuki Tanaka,yuki.tanaka1752@example.com,Mid-Market,Liverpool,6747.32,True,0
ACC001753,Hannah Silva,hannah.silva1753@example.com,Enterprise,Birmingham,17851.21,True,7
ACC001754,Olu Khan,olu.khan1754@example.com,Enterprise,London,15903.91,False,9
ACC001755,Mohammed Ahmed,mohammed.ahmed1755@example.com,SMB,Glasgow,51790.19,True,5
ACC001756,Ivan Garcia,ivan.garcia1756@example.com,Mid-Market,Cardiff,50859.62,True,3
ACC001757,Priya Okafor,priya.okafor1757@example.com,Mid-Market,Manchester,6399.78,True,11
ACC001758,Noah Kowalski,noah.kowalski1758@example.com,Enterprise,Birmingham,17829.37,False,3
ACC001759,Mohammed Chen,mohammed.chen1759@example.com,Mid-Market,Birmingham,787.82,True,11
ACC001760,Mohammed Smith,mohammed.smith1760@example.com,SMB,Glasgow,34901.28,True,2
ACC001761,Priya Chen,priya.chen1761@example.com,Enterprise,Birmingham,16778.07,True,1
ACC001762,Liam Ali,liam.ali1762@example.com,Mid-Market,Cardiff,26266.76,True,5
ACC001763,Wei Rossi,wei.rossi1763@example.com,SMB,Birmingham,61330.57,True,11
ACC001764,Aisha Okafor,aisha.okafor1764@example.com,SMB,Bristol,42840.09,True,0
ACC001765,Aisha Garcia,aisha.garcia1765@example.com,Mid-Market,Cardiff,18335.14,True,5
ACC001766,Ivan Okafor,ivan.okafor1766@example.com,Enterprise,London,7400.12,False,8
ACC001767,Wei Smith,wei.smith1767@example.com,Mid-Market,London,25419.3,True,7
ACC001768,Aisha Kowalski,aisha.kowalski1768@example.com,Mid-Market,Manchester,24090.74,True,0
ACC001769,Liam Nguyen,liam.nguyen1769@example.com,Enterprise,Birmingham,12808.2,True,1
ACC001770,Liam Andersson,liam.andersson1770@example.com,Mid-Market,Bristol,40423.61,False,4
ACC001771,Mary Silva,mary.silva1771@example.com,Enterprise,Manchester,36851.96,True,8
ACC001772,Carlos Garcia,carlos.garcia1772@example.com,Mid-Market,Cardiff,21083.43,True,9
ACC001773,Noah Okafor,noah.okafor1773@example.com,Mid-Market,Birmingham,45067.38,True,9
ACC001774,Liam Patel,liam.patel1774@example.com,SMB,Liverpool,18280.63,False,3
ACC001775,James Kowalski,james.kowalski1775@example.com,Mid-Market,Leeds,2888.63,True,8
ACC001776,Ivan Patel,ivan.patel1776@example.com,SMB,Manchester,26574.54,False,1
ACC001777,Mohammed Rossi,mohammed.rossi1777@example.com,Mid-Market,Birmingham,18708.61,True,8
ACC001778,Liam Kowalski,liam.kowalski1778@example.com,SMB,Bristol,20747.08,True,3
ACC001779,Noah Silva,noah.silva1779@example.com,Enterprise,Glasgow,12623.38,True,1
ACC001780,Olu Andersson,olu.andersson1780@example.com,Enterprise,Cardiff,17362.14,False,3
ACC001781,Mary Smith,mary.smith1781@example.com,SMB,Manchester,13754.7,True,5
ACC001782,Wei Ahmed,wei.ahmed1782@example.com,Mid-Market,Glasgow,10254.71,False,9
ACC001783,Yuki Tanaka,yuki.tanaka1783@example.com,Mid-Market,Liverpool,4827.3,True,9
ACC001784,Mohammed Patel,mohammed.patel1784@example.com,Enterprise,Glasgow,12090.13,False,11
ACC001785,Aisha Garcia,aisha.garcia1785@example.com,SMB,Birmingham,11447.45,True,2
ACC001786,Aisha Chen,aisha.chen1786@example.com,SMB,Glasgow,39281.12,False,3
ACC001787,Mohammed Chen,mohammed.chen1787@example.com,Enterprise,Birmingham,51406.05,True,8
ACC001788,Noah Tanaka,noah.tanaka1788@example.com,Enterprise,Bristol,75807.55,True,0
ACC001789,Sofia Ali,sofia.ali1789@example.com,Mid-Market,Glasgow,46007.69,True,10
ACC001790,James Kowalski,james.kowalski1790@example.com,Enterprise,Liverpool,22356.1,True,9
ACC001791,Sofia Smith,sofia.smith1791@example.com,Mid-Market,Bristol,20256.63,True,11
ACC001792,Noah Andersson,noah.andersson1792@example.com,SMB,London,9317.39,True,1
ACC001793,Aisha Ali,aisha.ali1793@example.com,Mid-Market,Leeds,31428.79,True,6
ACC001794,Noah Ali,noah.ali1794@example.com,SMB,Liverpool,14311.81,True,11
ACC001795,Priya Nguyen,priya.nguyen1795@example.com,Mid-Market,Leeds,15746.77,True,4
ACC001796,Mary Silva,mary.silva1796@example.com,SMB,Bristol,91023.27,False,7
ACC001797,Sofia Rossi,sofia.rossi1797@example.com,SMB,Birmingham,34106.38,True,0
ACC001798,Liam Garcia,liam.garcia1798@example.com,Mid-Market,Bristol,9165.68,False,10
ACC001799,Fatima Kowalski,fatima.kowalski1799@example.com,Enterprise,London,44085.57,True,10
